[{"id":48361,"name":"Strangled Tree","type":10,"category":0,"actions":[],"coordinates":[[284,36824],[308,36740],[312,36824],[316,36804],[324,36704],[372,36836],[412,36664]],"size":[2,2,820],"rotations":[0,0,0,0,0,0,0],"colors":[]},{"id":48386,"name":"Strangled Tree","type":10,"category":0,"actions":[],"coordinates":[[284,36688],[344,36656],[364,36796],[364,36716],[396,36664]],"size":[2,2,761],"rotations":[0,0,0,0,0],"colors":[]},{"id":48545,"name":"Strangled Plant","type":10,"category":0,"actions":[],"coordinates":[[282,36682],[290,36690],[298,36722],[298,36654],[298,36646],[302,36818],[302,36790],[306,36726],[306,36642],[314,36798],[318,36654],[322,36834],[334,36662],[346,36750],[346,36650],[350,36806],[366,36834],[366,36754],[378,36842],[410,36826],[426,36674],[430,36822],[434,36850],[434,36714],[462,36726],[470,36706],[482,36782],[482,36762],[482,36642],[486,36718]],"size":[1,1,133],"rotations":[0,0,0,0,0,0,0,0,0,0,0,0,0,0,0,0,0,0,0,0,0,0,0,0,0,0,0,0,0,0],"colors":[]},{"id":48357,"name":"Strangled Tree","type":10,"category":0,"actions":[],"coordinates":[[288,36840],[316,36860],[364,36824]],"size":[2,2,873],"rotations":[0,0,0],"colors":[]},{"id":48550,"name":"Stangled Plant","type":10,"category":0,"actions":[],"coordinates":[[288,36816],[288,36684],[308,36804],[316,36836],[324,36640],[344,36792],[364,36764],[428,36692],[432,36808],[480,36684],[484,36788],[512,36660]],"size":[2,2,142],"rotations":[0,0,0,0,0,0,0,0,0,0,0,0],"colors":[]},{"id":48378,"name":"Strangled Tree","type":10,"category":0,"actions":[],"coordinates":[[288,36736],[288,36676],[312,36648],[324,36648],[440,36856],[472,36680],[488,36768]],"size":[2,2,859],"rotations":[0,0,0,0,0,0,0],"colors":[]},{"id":48548,"name":"Strangled Plant","type":10,"category":0,"actions":[],"coordinates":[[290,36850],[318,36854],[334,36846]],"size":[1,1,133],"rotations":[0,0,0],"colors":[]},{"id":48360,"name":"Strangled Tree","type":10,"category":0,"actions":[],"coordinates":[[292,36828],[348,36800],[352,36724],[364,36808],[372,36820],[388,36652],[392,36696],[408,36832],[420,36692],[448,36672],[480,36796],[500,36752]],"size":[2,2,826],"rotations":[0,0,0,0,0,0,0,0,0,0,0,0],"colors":[]},{"id":11912,"name":"Bush","type":10,"category":0,"actions":[],"coordinates":[[290,36810],[294,36842],[294,36746],[302,36814],[330,36854],[342,36802],[342,36778],[366,36778],[402,36802],[434,36818],[466,36714],[498,36782],[502,36846],[506,36750]],"size":[1,1,143],"rotations":[0,0,0,0,0,0,0,0,0,0,0,0,0,0],"colors":[]},{"id":48539,"name":"Strangled Fern","type":10,"category":0,"actions":[],"coordinates":[[292,36724],[300,36668],[304,36648],[308,36832],[332,36640],[404,36836],[440,36844],[452,36808],[476,36716],[496,36776],[496,36744]],"size":[2,2,143],"rotations":[0,0,0,0,0,0,0,0,0,0,0],"colors":[]},{"id":11911,"name":"Bush","type":10,"category":0,"actions":[],"coordinates":[[292,36708],[308,36752],[352,36756],[356,36820],[368,36860],[368,36744],[396,36824],[424,36860],[460,36804],[496,36820],[504,36756],[508,36844]],"size":[2,2,143],"rotations":[0,0,0,0,0,0,0,0,0,0,0,0],"colors":[]},{"id":48547,"name":"Strangled Plant","type":10,"category":0,"actions":[],"coordinates":[[290,36702],[322,36710],[350,36778],[374,36690],[402,36806],[434,36802],[438,36694],[446,36862],[502,36666]],"size":[1,1,133],"rotations":[0,0,0,0,0,0,0,0,0],"colors":[]},{"id":48408,"name":"Strangled Tree","type":10,"category":0,"actions":[],"coordinates":[[292,36668],[344,36756],[376,36776],[416,36700],[484,36712],[492,36756],[504,36728]],"size":[2,2,611],"rotations":[0,0,0,0,0,0,0],"colors":[]},{"id":48544,"name":"Strangled Fern","type":10,"category":0,"actions":[],"coordinates":[[296,36856],[356,36852],[460,36860]],"size":[2,2,143],"rotations":[0,0,0],"colors":[]},{"id":48384,"name":"Strangled Tree","type":10,"category":0,"actions":[],"coordinates":[[296,36816],[508,36712]],"size":[2,2,742],"rotations":[0,0],"colors":[]},{"id":48375,"name":"Strangled Tree","type":10,"category":0,"actions":[],"coordinates":[[296,36700],[492,36784]],"size":[2,2,853],"rotations":[0,0],"colors":[]},{"id":48406,"name":"Strangled Tree","type":10,"category":0,"actions":[],"coordinates":[[296,36684],[360,36756],[372,36788],[392,36816],[404,36708],[416,36824],[444,36696],[456,36796]],"size":[2,2,588],"rotations":[0,0,0,0,0,0,0,0],"colors":[]},{"id":48358,"name":"Strangled Tree","type":10,"category":0,"actions":[],"coordinates":[[300,36852],[304,36840],[376,36848]],"size":[2,2,892],"rotations":[0,0,0],"colors":[]},{"id":48553,"name":"Stangled Plant","type":10,"category":0,"actions":[],"coordinates":[[300,36796],[324,36684],[440,36668],[468,36720],[488,36740]],"size":[2,2,142],"rotations":[0,0,0,0,0],"colors":[]},{"id":11914,"name":"Bush","type":10,"category":0,"actions":[],"coordinates":[[298,36706],[334,36826],[338,36662],[346,36682],[354,36646],[358,36826],[358,36666],[374,36794],[386,36690]],"size":[1,1,162],"rotations":[0,0,0,0,0,0,0,0,0],"colors":[]},{"id":48413,"name":"Dead Bear","type":11,"category":0,"actions":[],"coordinates":[[300,36676],[356,36780],[392,36704],[464,36708]],"size":[2,2,92],"rotations":[0,0,0,0],"colors":[]},{"id":48376,"name":"Strangled Tree","type":10,"category":0,"actions":[],"coordinates":[[300,36660],[308,36672],[356,36772],[404,36812],[436,36700]],"size":[2,2,853],"rotations":[0,0,0,0,0],"colors":[]},{"id":48549,"name":"Strangled Plant","type":10,"category":0,"actions":[],"coordinates":[[302,36846],[326,36862],[362,36862]],"size":[1,1,133],"rotations":[0,0,0],"colors":[]},{"id":48411,"name":"Strangled Tree","type":10,"category":0,"actions":[],"coordinates":[[304,36732],[352,36764],[440,36804],[472,36712],[484,36776]],"size":[2,2,527],"rotations":[0,0,0,0,0],"colors":[]},{"id":48374,"name":"Strangled Tree","type":10,"category":0,"actions":[],"coordinates":[[308,36796],[352,36748],[384,36840]],"size":[2,2,859],"rotations":[0,0,0],"colors":[]},{"id":48536,"name":"Strangled Plant","type":10,"category":0,"actions":[],"coordinates":[[316,36792],[348,36644],[380,36816],[508,36724]],"size":[2,2,97],"rotations":[0,0,0,0],"colors":[]},{"id":48396,"name":"Strangled Tree","type":10,"category":0,"actions":[],"coordinates":[[316,36780],[332,36648],[464,36732],[468,36776],[504,36740]],"size":[2,2,661],"rotations":[0,0,0,0,0],"colors":[]},{"id":14540,"name":"Mushroom","type":10,"category":0,"actions":[],"coordinates":[[314,36666],[326,36698],[338,36650],[350,36810],[350,36654],[370,36782],[386,36814],[402,36670],[434,36858],[434,36674],[474,36686],[482,36770],[482,36746],[494,36666]],"size":[1,1,162],"rotations":[0,0,0,0,0,0,0,0,0,0,0,0,0,0],"colors":[]},{"id":48377,"name":"Strangled Tree","type":10,"category":0,"actions":[],"coordinates":[[320,36660]],"size":[2,2,837],"rotations":[0],"colors":[]},{"id":48355,"name":"Strangled Tree","type":10,"category":0,"actions":[],"coordinates":[[324,36856]],"size":[2,2,889],"rotations":[0],"colors":[]},{"id":48404,"name":"Strangled Tree","type":11,"category":0,"actions":[],"coordinates":[[328,36712]],"size":[2,2,644],"rotations":[0],"colors":[]},{"id":11913,"name":"Bush","type":10,"category":0,"actions":[],"coordinates":[[328,36656],[384,36664]],"size":[2,2,162],"rotations":[0,0],"colors":[]},{"id":48543,"name":"Strangled Fern","type":10,"category":0,"actions":[],"coordinates":[[332,36860],[368,36848]],"size":[2,2,143],"rotations":[0,0],"colors":[]},{"id":48554,"name":"Stangled Plant","type":10,"category":0,"actions":[],"coordinates":[[336,36852]],"size":[2,2,142],"rotations":[0],"colors":[]},{"id":48533,"name":"Strangled Plant","type":10,"category":0,"actions":[],"coordinates":[[336,36656],[352,36736],[496,36712],[500,36720]],"size":[2,2,97],"rotations":[0,0,0,0],"colors":[]},{"id":48351,"name":"Strangled Tree","type":10,"category":0,"actions":[],"coordinates":[[340,36840]],"size":[2,2,179],"rotations":[0],"colors":[]},{"id":48383,"name":"Strangled Tree","type":10,"category":0,"actions":[],"coordinates":[[340,36644],[356,36788],[368,36768],[372,36732],[408,36672]],"size":[2,2,742],"rotations":[0,0,0,0,0],"colors":[]},{"id":48415,"name":"Dead Goat","type":10,"category":0,"actions":[],"coordinates":[[344,36772],[380,36792],[408,36700],[476,36784]],"size":[2,2,218],"rotations":[0,0,0,0],"colors":[]},{"id":48398,"name":"Strangled Tree","type":10,"category":0,"actions":[],"coordinates":[[344,36676],[376,36768],[376,36744],[408,36804]],"size":[2,2,661],"rotations":[0,0,0,0],"colors":[]},{"id":48409,"name":"Strangled Tree","type":10,"category":0,"actions":[],"coordinates":[[348,36784],[380,36784],[432,36708]],"size":[2,2,418],"rotations":[0,0,0],"colors":[]},{"id":48542,"name":"Strangled Fern","type":10,"category":0,"actions":[],"coordinates":[[356,36716],[364,36772],[388,36804],[476,36780],[488,36636],[492,36728]],"size":[2,2,143],"rotations":[0,0,0,0,0,0],"colors":[]},{"id":48650,"name":"Stone chest","type":10,"category":0,"actions":[],"coordinates":[[354,36678]],"size":[1,1,94],"rotations":[0],"colors":[]},{"id":48763,"name":"Stone chest","type":10,"category":0,"actions":["Search"],"coordinates":[[358,36678]],"size":[1,1,101],"rotations":[0],"colors":[]},{"id":48390,"name":"Strangled Tree","type":10,"category":0,"actions":[],"coordinates":[[364,36748],[384,36796],[448,36800],[460,36720],[468,36768]],"size":[2,2,849],"rotations":[0,0,0,0,0],"colors":[]},{"id":48394,"name":"Strangled Tree","type":10,"category":0,"actions":[],"coordinates":[[364,36736],[468,36740]],"size":[2,2,761],"rotations":[0,0],"colors":[]},{"id":48449,"name":"Monument","type":10,"category":0,"actions":[],"coordinates":[[374,36758]],"size":[3,3,504],"rotations":[0],"colors":[]},{"id":48412,"name":"Strangled Tree","type":10,"category":0,"actions":[],"coordinates":[[376,36800],[496,36764]],"size":[2,2,527],"rotations":[0,0],"colors":[]},{"id":48389,"name":"Strangled Tree","type":10,"category":0,"actions":[],"coordinates":[[380,36808],[396,36712]],"size":[2,2,857],"rotations":[0,0],"colors":[]},{"id":48417,"name":"Skeleton","type":10,"category":0,"actions":[],"coordinates":[[380,36736]],"size":[2,2,67],"rotations":[0],"colors":[]},{"id":48499,"name":"Tendril","type":22,"category":1826,"actions":[],"coordinates":[[382,36806],[386,36798],[398,36822],[410,36822],[450,36802],[454,36810],[458,36806],[462,36798],[470,36734],[470,36722],[470,36718],[478,36786],[478,36734],[486,36778]],"size":[1,1,86],"rotations":[0,0,0,0,0,0,0,0,0,0,0,0,0,0],"colors":[]},{"id":48495,"name":"Tendril","type":22,"category":1826,"actions":[],"coordinates":[[382,36802],[386,36802],[398,36826],[402,36830],[402,36826],[406,36830],[406,36826],[410,36826],[450,36806],[454,36806],[458,36802],[462,36802],[474,36734],[474,36730],[474,36722],[474,36718],[478,36730],[482,36786],[482,36782],[486,36782]],"size":[1,1,32],"rotations":[0,0,0,0,0,0,0,0,0,0,0,0,0,0,0,0,0,0,0,0],"colors":[]},{"id":48387,"name":"Strangled Tree","type":10,"category":0,"actions":[],"coordinates":[[384,36704],[488,36724]],"size":[2,2,761],"rotations":[0,0],"colors":[]},{"id":48400,"name":"Strangled Tree","type":11,"category":0,"actions":[],"coordinates":[[394,36802]],"size":[3,3,647],"rotations":[0],"colors":[]},{"id":48410,"name":"Strangled Tree","type":10,"category":0,"actions":[],"coordinates":[[396,36832],[488,36792],[496,36736]],"size":[2,2,418],"rotations":[0,0,0],"colors":[]},{"id":48427,"name":"Broken pillar","type":10,"category":0,"actions":[],"coordinates":[[402,36766]],"size":[1,1,236],"rotations":[0],"colors":[]},{"id":48420,"name":"Pillar","type":10,"category":0,"actions":[],"coordinates":[[402,36750]],"size":[1,1,419],"rotations":[0],"colors":[]},{"id":48391,"name":"Strangled Tree","type":10,"category":0,"actions":[],"coordinates":[[412,36712],[424,36820]],"size":[2,2,859],"rotations":[0,0],"colors":[]},{"id":48422,"name":"Pillar","type":10,"category":0,"actions":[],"coordinates":[[414,36778]],"size":[1,1,390],"rotations":[0],"colors":[]},{"id":48428,"name":"Broken pillar","type":10,"category":0,"actions":[],"coordinates":[[414,36738]],"size":[1,1,258],"rotations":[0],"colors":[]},{"id":48450,"name":"Monument","type":10,"category":0,"actions":[],"coordinates":[[422,36806]],"size":[3,3,485],"rotations":[0],"colors":[]},{"id":48451,"name":"Monument","type":10,"category":0,"actions":[],"coordinates":[[422,36710]],"size":[3,3,468],"rotations":[0],"colors":[]},{"id":48423,"name":"Pillar","type":10,"category":0,"actions":[],"coordinates":[[430,36778]],"size":[1,1,390],"rotations":[0],"colors":[]},{"id":48424,"name":"Pillar","type":10,"category":0,"actions":[],"coordinates":[[430,36738]],"size":[1,1,398],"rotations":[0],"colors":[]},{"id":48407,"name":"Strangled Tree","type":10,"category":0,"actions":[],"coordinates":[[440,36816]],"size":[2,2,611],"rotations":[0],"colors":[]},{"id":48416,"name":"Dead Lynx","type":10,"category":0,"actions":[],"coordinates":[[440,36716]],"size":[2,2,60],"rotations":[0],"colors":[]},{"id":48403,"name":"Strangled Tree","type":10,"category":0,"actions":[],"coordinates":[[442,36710]],"size":[3,3,644],"rotations":[0],"colors":[]},{"id":48426,"name":"Broken pillar","type":10,"category":0,"actions":[],"coordinates":[[442,36766]],"size":[1,1,174],"rotations":[0],"colors":[]},{"id":48419,"name":"Pillar","type":10,"category":0,"actions":[],"coordinates":[[442,36750]],"size":[1,1,418],"rotations":[0],"colors":[]},{"id":42403,"name":"Plant","type":10,"category":0,"actions":[],"coordinates":[[456,36836],[504,36824],[512,36852]],"size":[2,2,143],"rotations":[0,0,0],"colors":[]},{"id":48356,"name":"Strangled Tree","type":10,"category":0,"actions":[],"coordinates":[[456,36660]],"size":[2,2,873],"rotations":[0],"colors":[]},{"id":48353,"name":"Strangled Tree","type":10,"category":0,"actions":[],"coordinates":[[460,36648]],"size":[2,2,892],"rotations":[0],"colors":[]},{"id":48537,"name":"Strangled Plant","type":10,"category":0,"actions":[],"coordinates":[[464,36852]],"size":[2,2,97],"rotations":[0],"colors":[]},{"id":42377,"name":"Pine tree","type":10,"category":0,"actions":[],"coordinates":[[464,36840],[508,36860],[508,36816]],"size":[2,2,889],"rotations":[0,0,0],"colors":[]},{"id":42400,"name":"Plant","type":10,"category":0,"actions":[],"coordinates":[[462,36830],[510,36826]],"size":[1,1,133],"rotations":[0,0],"colors":[]},{"id":48414,"name":"Dead Boar","type":10,"category":0,"actions":[],"coordinates":[[462,36778]],"size":[1,1,82],"rotations":[0],"colors":[]},{"id":48354,"name":"Strangled Tree","type":10,"category":0,"actions":[],"coordinates":[[464,36668]],"size":[2,2,889],"rotations":[0],"colors":[]},{"id":48392,"name":"Strangled Tree","type":10,"category":0,"actions":[],"coordinates":[[468,36800],[468,36748],[476,36772]],"size":[2,2,742],"rotations":[0,0,0],"colors":[]},{"id":48448,"name":"Monument","type":10,"category":0,"actions":[],"coordinates":[[470,36758]],"size":[3,3,507],"rotations":[0],"colors":[]},{"id":48388,"name":"Strangled Tree","type":10,"category":0,"actions":[],"coordinates":[[480,36756]],"size":[2,2,859],"rotations":[0],"colors":[]},{"id":48397,"name":"Strangled Tree","type":10,"category":0,"actions":[],"coordinates":[[482,36734]],"size":[3,3,661],"rotations":[0],"colors":[]},{"id":48395,"name":"Strangled Tree","type":10,"category":0,"actions":[],"coordinates":[[488,36748]],"size":[2,2,761],"rotations":[0],"colors":[]},{"id":42399,"name":"Plant","type":10,"category":0,"actions":[],"coordinates":[[492,36860]],"size":[2,2,143],"rotations":[0],"colors":[]},{"id":48746,"name":"Entry","type":10,"category":0,"actions":["Enter"],"coordinates":[[496,36696]],"size":[2,2,16],"rotations":[0],"colors":[]},{"id":48745,"name":"Entry","type":10,"category":0,"actions":["Enter"],"coordinates":[[496,36652]],"size":[2,2,16],"rotations":[0],"colors":[]},{"id":42404,"name":"Plant","type":10,"category":0,"actions":[],"coordinates":[[502,36862],[502,36838]],"size":[1,1,133],"rotations":[0,0],"colors":[]},{"id":42398,"name":"Plant","type":10,"category":0,"actions":[],"coordinates":[[512,36812]],"size":[2,2,97],"rotations":[0],"colors":[]}]