[{"id":31792,"name":"Roots","type":10,"category":0,"actions":[],"coordinates":[[650,10366]],"size":[3,3,250],"rotations":[0],"colors":[1068652]},{"id":20855,"name":"Skeleton","type":10,"category":0,"actions":["Search"],"coordinates":[[654,10358]],"size":[1,1,67],"rotations":[0],"colors":[14474976]},{"id":20853,"name":"Cave","type":10,"category":0,"actions":["Exit"],"coordinates":[[666,10314]],"size":[3,1,251],"rotations":[0],"colors":[4938343,6518883,7045483,7831159,7239278,8949896,5988955,6712422,4213824,11513786,4938571,65536,10550707]}]