[{"id":11432,"name":"Rockslide","type":10,"category":0,"actions":[],"coordinates":[[772,36600]],"size":[2,2,87],"rotations":[0],"colors":[]},{"id":11434,"name":"Rockslide","type":10,"category":0,"actions":[],"coordinates":[[772,36592],[780,36600],[792,36604],[800,36600],[812,36600],[812,36584],[816,36592],[836,36596],[840,36604],[844,36604],[848,36604],[852,36596],[864,36580],[872,36572],[876,36588],[880,36580],[884,36600],[900,36588],[912,36600],[936,36572],[940,36580],[940,36564],[948,36592],[952,36572],[956,36596],[956,36580],[964,36584]],"size":[2,2,43],"rotations":[0,0,0,0,0,0,0,0,0,0,0,0,0,0,0,0,0,0,0,0,0,0,0,0,0,0,0],"colors":[]},{"id":1282,"name":"Dead tree","type":10,"category":189,"actions":["Chop down"],"coordinates":[[772,36468],[784,36416],[808,36408],[824,36484],[824,36452],[828,36596],[836,36520],[856,36552],[860,36368],[884,36588],[884,36464],[896,36528],[916,36508],[924,36428],[928,36576],[948,36500],[948,36396],[1016,36544]],"size":[2,2,510],"rotations":[0,0,0,0,0,0,0,0,0,0,0,0,0,0,0,0,0,0],"colors":[]},{"id":1289,"name":"Dead tree","type":10,"category":189,"actions":["Chop down"],"coordinates":[[774,36478],[774,36410],[786,36598],[798,36386],[810,36506],[814,36486],[814,36414],[818,36598],[826,36382],[830,36466],[838,36494],[846,36398],[850,36462],[854,36602],[854,36558],[858,36454],[862,36522],[862,36378],[866,36590],[866,36422],[874,36450],[878,36434],[882,36398],[886,36574],[890,36518],[898,36474],[898,36362],[906,36530],[910,36498],[910,36382],[918,36430],[926,36542],[930,36522],[934,36398],[950,36578],[954,36602],[958,36458],[962,36538],[966,36590],[966,36486],[966,36394],[994,36470],[998,36506],[1002,36554],[1010,36566],[1010,36534],[1022,36598]],"size":[1,1,289],"rotations":[0,0,0,0,0,0,0,0,0,0,0,0,0,0,0,0,0,0,0,0,0,0,0,0,0,0,0,0,0,0,0,0,0,0,0,0,0,0,0,0,0,0,0,0,0,0,0],"colors":[]},{"id":3797,"name":"Corpse","type":10,"category":0,"actions":[],"coordinates":[[798,36418],[806,36478]],"size":[1,1,67],"rotations":[0,0],"colors":[]},{"id":3769,"name":"Fire","type":10,"category":152,"actions":[],"coordinates":[[804,36468],[960,36420]],"size":[2,2,195],"rotations":[0,0],"colors":[]},{"id":11433,"name":"Rockslide","type":10,"category":0,"actions":[],"coordinates":[[808,36592],[844,36596],[872,36580],[944,36572],[956,36588]],"size":[2,2,87],"rotations":[0,0,0,0,0],"colors":[]},{"id":3799,"name":"Corpse","type":10,"category":0,"actions":[],"coordinates":[[808,36486],[812,36434]],"size":[2,1,56],"rotations":[0,0],"colors":[]},{"id":3798,"name":"Corpse","type":10,"category":0,"actions":[],"coordinates":[[814,36418]],"size":[1,1,99],"rotations":[0],"colors":[]},{"id":47355,"name":"Cave","type":10,"category":0,"actions":[],"coordinates":[[838,36580]],"size":[3,2,238],"rotations":[2],"colors":[]},{"id":11435,"name":"Rockslide","type":10,"category":0,"actions":[],"coordinates":[[920,36588],[924,36592],[932,36592]],"size":[2,2,43],"rotations":[0,0,0],"colors":[]},{"id":28521,"name":"Sleeping bag","type":11,"category":0,"actions":[],"coordinates":[[984,36412]],"size":[2,2,20],"rotations":[0],"colors":[]},{"id":25773,"name":"Stool","type":10,"category":0,"actions":[],"coordinates":[[982,36406]],"size":[1,1,64],"rotations":[0],"colors":[]},{"id":3046,"name":"Timber defence","type":10,"category":0,"actions":[],"coordinates":[[990,36562]],"size":[1,1,133],"rotations":[0],"colors":[]},{"id":1864,"name":"Timber defence","type":10,"category":0,"actions":[],"coordinates":[[994,36562]],"size":[1,1,168],"rotations":[0],"colors":[]},{"id":3000,"name":"Timber defence","type":10,"category":0,"actions":[],"coordinates":[[998,36562]],"size":[1,1,133],"rotations":[0],"colors":[]}]