[{"id":42072,"name":"Barrel","type":10,"category":0,"actions":[],"coordinates":[[798,37242]],"size":[1,1,99],"rotations":[0],"colors":[7635341,6720164,5538466,5142421,2579065,9146517,4026512]},{"id":42066,"name":"Crate","type":10,"category":0,"actions":[],"coordinates":[[798,37238],[810,37230],[814,37230]],"size":[1,1,91],"rotations":[0,0,0],"colors":[4288637,6523808,8034473,7639457,5996692,2579065]},{"id":42068,"name":"Crates","type":11,"category":0,"actions":[],"coordinates":[[802,37226]],"size":[1,1,180],"rotations":[0],"colors":[4288637,6523808,8034473,7639457,5996692,2579065]},{"id":46708,"name":"Wall","type":3,"category":0,"actions":["Push-against"],"coordinates":[[814,37238],[814,37226],[822,37238],[822,37226],[830,37238],[830,37226]],"size":[1,1,240],"rotations":[0,0,0,0,0,0],"colors":[16579836,1068149,1464957,1068149,16579836,1464957,16579836,1068149]},{"id":27759,"name":"Rowboat","type":10,"category":0,"actions":[],"coordinates":[[820,37238],[832,37226]],"size":[2,3,92],"rotations":[1,2],"colors":[8429745,7639457,8429745,8158597,2579065,7639457]},{"id":10829,"name":"Willow tree","type":10,"category":286,"actions":["Chop down"],"coordinates":[[952,37224]],"size":[2,2,354],"rotations":[0],"colors":[4224149,13004800]},{"id":10831,"name":"Willow tree","type":10,"category":286,"actions":["Chop down"],"coordinates":[[960,37232]],"size":[2,2,354],"rotations":[0],"colors":[4224149,13004800]},{"id":7466,"name":"Apple Tree","type":10,"category":0,"actions":[],"coordinates":[[968,37256],[972,37248]],"size":[2,2,262],"rotations":[0,0],"colors":[1802918,4419840,2613402,2134806]}]