[{"id":34335,"name":"Sulphur Vent","type":10,"category":0,"actions":[],"coordinates":[[1074,35048],[1170,35048],[1234,35052]],"size":[2,2,85],"rotations":[0,0,0],"colors":[4938587,4213836,2964797,6712422,5996133,8888692,14147488,16644512,15522738,14338738,15396333]},{"id":34346,"name":"Standing torch","type":10,"category":0,"actions":[],"coordinates":[[1112,35050],[1120,35034],[1136,35034],[1144,35050]],"size":[1,1,174],"rotations":[0,0,0,0],"colors":[5142142,2965593,5865615,2109620,2992123,3006971]},{"id":5359,"name":"Skeleton","type":10,"category":0,"actions":[],"coordinates":[[1128,35046]],"size":[1,1,99],"rotations":[0],"colors":[14474976]},{"id":34647,"name":"null","type":10,"category":960,"actions":["Build","Search"],"coordinates":[[1136,35070]],"size":[1,1,0],"rotations":[0],"colors":[]}]