[{"id":10832,"name":"Maple tree","type":10,"category":222,"actions":["Chop down"],"coordinates":[[1506,37236],[1518,37208]],"size":[2,2,310],"rotations":[0,0],"colors":[12600576,4224149]},{"id":55122,"name":"Pine tree","type":10,"category":0,"actions":[],"coordinates":[[1518,37180],[1526,37220]],"size":[2,2,889],"rotations":[0,0],"colors":[4017253,5134957,5996140,6457461,7050368,7445894,7841166,8170901,7243953,5732263,4941456,6398905,4828333,4952198,4828583,6400697]},{"id":55118,"name":"Plant","type":10,"category":0,"actions":[],"coordinates":[[1520,37186]],"size":[1,1,133],"rotations":[0],"colors":[11185077,7039858,10000803,9145493,8684685,8158597]},{"id":11431,"name":"Rockslide","type":10,"category":0,"actions":[],"coordinates":[[1530,37372]],"size":[2,2,43],"rotations":[0],"colors":[5540258]},{"id":11426,"name":"Rockslide","type":10,"category":0,"actions":[],"coordinates":[[1530,37364]],"size":[2,2,87],"rotations":[0],"colors":[5540258]},{"id":55120,"name":"Plant","type":10,"category":0,"actions":[],"coordinates":[[1528,37218]],"size":[1,1,142],"rotations":[0],"colors":[9145493,11185077,10000803]},{"id":55119,"name":"Plant","type":10,"category":0,"actions":[],"coordinates":[[1534,37188]],"size":[2,2,142],"rotations":[0],"colors":[9145493,11185077,10000803]}]