[{"id":13873,"name":"Signpost","type":11,"category":0,"actions":["Read"],"coordinates":[[4118,30258]],"size":[1,1,158],"rotations":[0],"colors":[]},{"id":13842,"name":"Ripples","type":10,"category":0,"actions":[],"coordinates":[[4156,30290]],"size":[4,5,0],"rotations":[0],"colors":[]},{"id":13840,"name":"Spiny bush","type":10,"category":0,"actions":[],"coordinates":[[4156,30420]],"size":[2,2,143],"rotations":[0],"colors":[]},{"id":13850,"name":"Swamp tree","type":10,"category":0,"actions":[],"coordinates":[[4234,30382],[4246,30378]],"size":[3,3,361],"rotations":[0,0],"colors":[]},{"id":1365,"name":"Dead tree","type":10,"category":189,"actions":["Chop down"],"coordinates":[[4230,30286],[4234,30278],[4238,30290]],"size":[1,1,289],"rotations":[0,0,0],"colors":[]},{"id":13843,"name":"Swamp tree","type":10,"category":0,"actions":[],"coordinates":[[4238,30370],[4286,30374]],"size":[3,3,240],"rotations":[0,0],"colors":[]},{"id":13844,"name":"Swamp tree","type":10,"category":0,"actions":[],"coordinates":[[4238,30370],[4286,30374]],"size":[3,3,379],"rotations":[0,0],"colors":[]},{"id":1364,"name":"Roots","type":10,"category":0,"actions":[],"coordinates":[[4246,30418],[4258,30294]],"size":[3,3,152],"rotations":[0,0],"colors":[]},{"id":1367,"name":"Roots","type":10,"category":0,"actions":[],"coordinates":[[4242,30290],[4254,30410],[4266,30250]],"size":[1,1,73],"rotations":[0,0,0],"colors":[]},{"id":5331,"name":"Plant","type":10,"category":0,"actions":[],"coordinates":[[4248,30400]],"size":[2,2,143],"rotations":[0],"colors":[]},{"id":13845,"name":"Swamp tree branch","type":10,"category":0,"actions":[],"coordinates":[[4246,30372],[4278,30372]],"size":[1,2,400],"rotations":[0,2],"colors":[]},{"id":1368,"name":"Roots","type":10,"category":0,"actions":[],"coordinates":[[4246,30294]],"size":[1,1,75],"rotations":[0],"colors":[]},{"id":5334,"name":"Plant","type":10,"category":0,"actions":[],"coordinates":[[4250,30406],[4258,30386],[4282,30402]],"size":[1,1,142],"rotations":[0,0,0],"colors":[]},{"id":5332,"name":"Plant","type":10,"category":0,"actions":[],"coordinates":[[4254,30402]],"size":[1,1,133],"rotations":[0],"colors":[]},{"id":1366,"name":"Roots","type":10,"category":0,"actions":[],"coordinates":[[4258,30406],[4270,30290],[4274,30246]],"size":[1,1,81],"rotations":[0,0,0],"colors":[]},{"id":13847,"name":"Swamp tree","type":10,"category":0,"actions":["Cut-vine"],"coordinates":[[4290,30386]],"size":[3,3,361],"rotations":[0],"colors":[]}]