[{"id":13873,"name":"Signpost","type":11,"category":0,"actions":["Read"],"coordinates":[[4116,30258]],"size":[1,1,158],"rotations":[0],"colors":[7115181,8560309,5538466,5142421,6720164]},{"id":13842,"name":"Ripples","type":10,"category":0,"actions":[],"coordinates":[[4154,30290]],"size":[4,5,0],"rotations":[0],"colors":[12372394]},{"id":13840,"name":"Spiny bush","type":10,"category":0,"actions":[],"coordinates":[[4154,30420]],"size":[2,2,143],"rotations":[0],"colors":[2772581]},{"id":13850,"name":"Swamp tree","type":10,"category":0,"actions":[],"coordinates":[[4232,30382],[4244,30378]],"size":[3,3,361],"rotations":[0,0],"colors":[5732472,6782076,7243142,8691873,8296857,7835793]},{"id":1365,"name":"Dead tree","type":10,"category":189,"actions":["Chop down"],"coordinates":[[4228,30286],[4232,30278],[4236,30290]],"size":[1,1,289],"rotations":[0,0,0],"colors":[1068652,1071989]},{"id":13843,"name":"Swamp tree","type":10,"category":0,"actions":[],"coordinates":[[4236,30370],[4284,30374]],"size":[3,3,240],"rotations":[0,0],"colors":[8296857,7835793,7243142,6782076,5732472]},{"id":13844,"name":"Swamp tree","type":10,"category":0,"actions":[],"coordinates":[[4236,30370],[4284,30374]],"size":[3,3,379],"rotations":[0,0],"colors":[9152680,8691873]},{"id":1364,"name":"Roots","type":10,"category":0,"actions":[],"coordinates":[[4244,30418],[4256,30294]],"size":[3,3,152],"rotations":[0,0],"colors":[1068652]},{"id":1367,"name":"Roots","type":10,"category":0,"actions":[],"coordinates":[[4240,30290],[4252,30410],[4264,30250]],"size":[1,1,73],"rotations":[0,0,0],"colors":[1068652]},{"id":5331,"name":"Plant","type":10,"category":0,"actions":[],"coordinates":[[4246,30400]],"size":[2,2,143],"rotations":[0],"colors":[9145493,8684685,8158597,11185077,10000803]},{"id":13845,"name":"Swamp tree branch","type":10,"category":0,"actions":[],"coordinates":[[4244,30372],[4276,30372]],"size":[1,2,400],"rotations":[0,2],"colors":[9152680]},{"id":1368,"name":"Roots","type":10,"category":0,"actions":[],"coordinates":[[4244,30294]],"size":[1,1,75],"rotations":[0],"colors":[1068652]},{"id":5334,"name":"Plant","type":10,"category":0,"actions":[],"coordinates":[[4248,30406],[4256,30386],[4280,30402]],"size":[1,1,142],"rotations":[0,0,0],"colors":[9145493,11185077,10000803]},{"id":5332,"name":"Plant","type":10,"category":0,"actions":[],"coordinates":[[4252,30402]],"size":[1,1,133],"rotations":[0],"colors":[11185077,7039858,10000803,9145493,8684685,8158597]},{"id":1366,"name":"Roots","type":10,"category":0,"actions":[],"coordinates":[[4256,30406],[4268,30290],[4272,30246]],"size":[1,1,81],"rotations":[0,0,0],"colors":[1068652]},{"id":13847,"name":"Swamp tree","type":10,"category":0,"actions":["Cut-vine"],"coordinates":[[4288,30386]],"size":[3,3,361],"rotations":[0],"colors":[5732472,6782076,7243142,8691873,8296857,7835793,5732472,5732472,5732472]}]