[{"id":32580,"name":"<col=ffff00>Meiyerditch citizen</col>","type":10,"category":0,"actions":[],"coordinates":[[4162,30870],[4170,30858],[4182,30878],[4190,30854],[4198,30882],[4218,30834],[4226,30898],[4230,30846]],"size":[1,1,203],"rotations":[0,0,0,0,0,0,0,0],"colors":[]},{"id":32587,"name":"<col=ffff00>Meiyerditch citizen</col>","type":10,"category":0,"actions":[],"coordinates":[[4162,30866],[4174,30870],[4194,30850],[4198,30878],[4218,30886],[4226,30838]],"size":[1,1,205],"rotations":[0,0,0,0,0,0],"colors":[]},{"id":32582,"name":"<col=ffff00>Meiyerditch citizen</col>","type":10,"category":0,"actions":[],"coordinates":[[4162,30858],[4170,30850],[4174,30874],[4186,30882],[4202,30862],[4214,30882],[4218,30850],[4226,30902],[4230,30838]],"size":[1,1,203],"rotations":[0,0,0,0,0,0,0,0,0],"colors":[]},{"id":32596,"name":"Chest","type":10,"category":0,"actions":[],"coordinates":[[4166,30882],[4166,30850]],"size":[1,1,132],"rotations":[0,0],"colors":[]},{"id":32590,"name":"<col=ffff00>Meiyerditch citizen</col>","type":10,"category":0,"actions":[],"coordinates":[[4166,30878],[4174,30866],[4178,30882],[4182,30854],[4202,30874],[4222,30898],[4222,30846],[4230,30886]],"size":[1,1,200],"rotations":[0,0,0,0,0,0,0,0],"colors":[]},{"id":32584,"name":"<col=ffff00>Meiyerditch citizen</col>","type":10,"category":0,"actions":[],"coordinates":[[4166,30874],[4170,30862],[4178,30854],[4190,30878],[4198,30850],[4202,30870],[4218,30846],[4222,30902],[4226,30882],[4234,30838]],"size":[1,1,203],"rotations":[0,0,0,0,0,0,0,0,0,0],"colors":[]},{"id":32591,"name":"<col=ffff00>Meiyerditch citizen</col>","type":10,"category":0,"actions":[],"coordinates":[[4166,30866],[4170,30854],[4194,30882],[4194,30870],[4202,30850],[4222,30882],[4230,30894],[4230,30842]],"size":[1,1,199],"rotations":[0,0,0,0,0,0,0,0],"colors":[]},{"id":32583,"name":"<col=ffff00>Meiyerditch citizen</col>","type":10,"category":0,"actions":[],"coordinates":[[4166,30862],[4170,30866],[4174,30878],[4178,30850],[4194,30862],[4202,30882],[4206,30850],[4222,30834],[4226,30886]],"size":[1,1,203],"rotations":[0,0,0,0,0,0,0,0,0],"colors":[]},{"id":32588,"name":"<col=ffff00>Meiyerditch citizen</col>","type":10,"category":0,"actions":[],"coordinates":[[4166,30858],[4186,30878],[4194,30854],[4210,30882],[4226,30890],[4226,30850],[4226,30830]],"size":[1,1,199],"rotations":[0,0,0,0,0,0,0],"colors":[]},{"id":32586,"name":"<col=ffff00>Meiyerditch citizen</col>","type":10,"category":0,"actions":[],"coordinates":[[4166,30854],[4174,30882],[4174,30862],[4182,30850],[4210,30850],[4222,30886],[4222,30830],[4230,30898]],"size":[1,1,199],"rotations":[0,0,0,0,0,0,0,0],"colors":[]},{"id":32593,"name":"<col=ffff00>Kael Forshaw</col>","type":10,"category":0,"actions":[],"coordinates":[[4170,30878]],"size":[1,1,203],"rotations":[0],"colors":[]},{"id":32585,"name":"<col=ffff00>Meiyerditch citizen</col>","type":10,"category":0,"actions":[],"coordinates":[[4170,30874],[4174,30858],[4182,30882],[4186,30850],[4202,30858],[4218,30882],[4222,30850],[4234,30894],[4234,30834]],"size":[1,1,199],"rotations":[0,0,0,0,0,0,0,0,0],"colors":[]},{"id":32652,"name":"<col=ffff00>Meiyerditch citizen</col>","type":10,"category":0,"actions":[],"coordinates":[[4170,30870],[4174,30850],[4194,30878],[4194,30866],[4198,30854],[4206,30882],[4214,30850],[4226,30894],[4226,30846],[4230,30834]],"size":[1,1,203],"rotations":[0,0,0,0,0,0,0,0,0,0],"colors":[]},{"id":32581,"name":"<col=ffff00>Meiyerditch citizen</col>","type":10,"category":0,"actions":[],"coordinates":[[4174,30854],[4178,30878],[4190,30882],[4190,30850],[4218,30898],[4226,30842],[4230,30890]],"size":[1,1,208],"rotations":[0,0,0,0,0,0,0],"colors":[]},{"id":32595,"name":"Notice board","type":10,"category":0,"actions":[],"coordinates":[[4190,30868]],"size":[3,2,359],"rotations":[3],"colors":[]},{"id":32592,"name":"<col=ffff00>Old Man Ral</col>","type":10,"category":0,"actions":[],"coordinates":[[4186,30854]],"size":[1,1,212],"rotations":[0],"colors":[]},{"id":32589,"name":"<col=ffff00>Meiyerditch citizen</col>","type":10,"category":0,"actions":["Escape","Quick-escape"],"coordinates":[[4202,30866]],"size":[1,1,199],"rotations":[0],"colors":[]},{"id":32671,"name":"Statue","type":10,"category":0,"actions":[],"coordinates":[[4238,30886],[4238,30846]],"size":[3,3,413],"rotations":[0,0],"colors":[]},{"id":32988,"name":"Scoreboard","type":10,"category":0,"actions":[],"coordinates":[[4242,30850]],"size":[1,1,373],"rotations":[0],"colors":[]},{"id":32594,"name":"Theatre of Blood","type":10,"category":0,"actions":[],"coordinates":[[4262,30876]],"size":[7,2,733],"rotations":[1],"colors":[]}]