[{"id":16960,"name":"Ladder","type":10,"category":0,"actions":["Climb"],"coordinates":[[4378,34854]],"size":[1,1,240],"rotations":[0],"colors":[]},{"id":16639,"name":"Windswept Tree","type":10,"category":0,"actions":[],"coordinates":[[4384,35040],[4392,34908],[4424,34944],[4436,34988],[4448,34996],[4472,34984]],"size":[2,2,456],"rotations":[0,0,0,0,0,0],"colors":[]},{"id":16958,"name":"Row boat","type":10,"category":0,"actions":[],"coordinates":[[4398,34878]],"size":[3,3,120],"rotations":[0],"colors":[]},{"id":16873,"name":"Fish bits","type":10,"category":529,"actions":[],"coordinates":[[4450,34870]],"size":[1,1,50],"rotations":[0],"colors":[]},{"id":16901,"name":"Lantern","type":5,"category":529,"actions":[],"coordinates":[[4450,34866],[4450,34854],[4458,34834],[4458,34830],[4466,34870],[4466,34854],[4470,34830],[4474,34870],[4474,34834],[4482,34854]],"size":[1,1,224],"rotations":[0,0,0,0,0,0,0,0,0,0],"colors":[]},{"id":16893,"name":"Cooking range","type":10,"category":529,"actions":["Cook"],"coordinates":[[4450,34860]],"size":[1,2,224],"rotations":[0],"colors":[]},{"id":16869,"name":"Sack pile","type":10,"category":529,"actions":[],"coordinates":[[4454,34878]],"size":[1,1,73],"rotations":[0],"colors":[]},{"id":16868,"name":"Sack pile","type":10,"category":529,"actions":[],"coordinates":[[4454,34874],[4466,35022],[4466,34858]],"size":[1,1,73],"rotations":[0,0,0],"colors":[]},{"id":16882,"name":"Barrel","type":10,"category":529,"actions":[],"coordinates":[[4456,34870]],"size":[2,1,192],"rotations":[0],"colors":[]},{"id":16970,"name":"Shelf","type":4,"category":0,"actions":[],"coordinates":[[4454,34858]],"size":[1,1,172],"rotations":[0],"colors":[]},{"id":16895,"name":"Chain","type":10,"category":529,"actions":[],"coordinates":[[4458,35006],[4466,34842]],"size":[1,1,28],"rotations":[0,0],"colors":[]},{"id":16870,"name":"Sack pile","type":10,"category":529,"actions":[],"coordinates":[[4460,34878],[4468,35018],[4472,34878],[4484,34870]],"size":[2,1,64],"rotations":[1,2,1,3],"colors":[]},{"id":16861,"name":"Hammock","type":10,"category":529,"actions":[],"coordinates":[[4460,34834],[4468,34834],[4480,34854],[4480,34838]],"size":[2,1,153],"rotations":[0,0,3,3],"colors":[16711422,16711422,16711422,16711422,16711422,16711422,16711422,16711422,16711422,16711422,16711422,16711422,16711422,16711422,16711422,16711422,16711422,16711422,16711422,16711422,16711422,16711422,16711422,16711422,16711422,16711422,16711422,16711422,16711422,16711422,16711422,16711422,16711422,16711422,16711422,16711422,7889751,7889751,7889751,7889751,9006678,9006678,9006678,9006678,9006678,9006678,7889751,7889751,7889751,7889751,9006678,9006678,9006678,9006678,9006678,9006678,7889751,7889751,7889751,7889751,7889751,7889751,7889751,7889751,7889751,7889751,7889751,7889751,7889751,7889751,7889751,9006678,9006678,9006678,9006678,9006678,9006678,9006678,9006678,9006678,9006678,9006678,7889751,9006678]},{"id":6475,"name":"Ice chunks","type":10,"category":0,"actions":[],"coordinates":[[4464,35032],[4568,34972]],"size":[2,2,43],"rotations":[0,0],"colors":[]},{"id":5610,"name":"Cooking Pots","type":10,"category":0,"actions":[],"coordinates":[[4462,34874]],"size":[1,1,62],"rotations":[0],"colors":[]},{"id":16972,"name":"Shelf","type":4,"category":0,"actions":[],"coordinates":[[4462,34866]],"size":[1,1,237],"rotations":[0],"colors":[]},{"id":16968,"name":"Shelf","type":4,"category":0,"actions":[],"coordinates":[[4462,34858]],"size":[1,1,184],"rotations":[0],"colors":[]},{"id":16884,"name":"Barrel","type":10,"category":529,"actions":["Take-from"],"coordinates":[[4470,35014]],"size":[1,1,111],"rotations":[0],"colors":[]},{"id":16876,"name":"Barrel","type":10,"category":529,"actions":[],"coordinates":[[4470,34870]],"size":[1,1,99],"rotations":[0],"colors":[]},{"id":16874,"name":"Stool","type":10,"category":529,"actions":[],"coordinates":[[4470,34866]],"size":[1,1,85],"rotations":[0],"colors":[]},{"id":16885,"name":"Barrel","type":10,"category":529,"actions":["Take-from"],"coordinates":[[4470,34846],[4478,34870]],"size":[1,1,111],"rotations":[0,0],"colors":[]},{"id":9562,"name":"Cell door","type":0,"category":0,"actions":["Open"],"coordinates":[[4470,34826]],"size":[1,1,236],"rotations":[0],"colors":[]},{"id":16860,"name":"Tar barrel","type":10,"category":529,"actions":["Take-from"],"coordinates":[[4474,35018],[4482,34838]],"size":[1,1,48],"rotations":[0,0],"colors":[]},{"id":16875,"name":"Stool","type":10,"category":529,"actions":[],"coordinates":[[4474,34870]],"size":[1,1,72],"rotations":[0],"colors":[]},{"id":16867,"name":"Sack pile","type":10,"category":529,"actions":[],"coordinates":[[4474,34858]],"size":[1,1,64],"rotations":[0],"colors":[]},{"id":4288,"name":"Bed","type":10,"category":0,"actions":[],"coordinates":[[4476,34842]],"size":[2,3,21],"rotations":[1],"colors":[]},{"id":16865,"name":"Crate","type":10,"category":529,"actions":[],"coordinates":[[4480,34878]],"size":[2,1,125],"rotations":[1],"colors":[]},{"id":16872,"name":"Fish bits","type":10,"category":529,"actions":[],"coordinates":[[4478,34866]],"size":[1,1,9],"rotations":[0],"colors":[]},{"id":16971,"name":"Shelf","type":4,"category":0,"actions":[],"coordinates":[[4478,34858]],"size":[1,1,173],"rotations":[0],"colors":[]},{"id":16886,"name":"Barrel","type":10,"category":529,"actions":[],"coordinates":[[4482,34862]],"size":[1,1,111],"rotations":[0],"colors":[]},{"id":6474,"name":"Ice chunks","type":10,"category":0,"actions":[],"coordinates":[[4496,35016],[4556,34948]],"size":[2,2,43],"rotations":[0,0],"colors":[]},{"id":6472,"name":"Ice chunks","type":10,"category":0,"actions":[],"coordinates":[[4496,34992],[4568,34956]],"size":[2,2,87],"rotations":[0,0],"colors":[]},{"id":6473,"name":"Ice chunks","type":10,"category":0,"actions":[],"coordinates":[[4500,34984],[4548,34944]],"size":[2,2,87],"rotations":[0,0],"colors":[]},{"id":34783,"name":"Pillar","type":10,"category":0,"actions":[],"coordinates":[[4522,34978],[4534,34958],[4542,34990],[4554,34970]],"size":[1,1,333],"rotations":[0,0,0,0],"colors":[16711422,16711422,16711422,16711422,16711422,16711422,16711422,16711422,16711422,16711422,16711422,16711422,16711422,16711422,16711422,16711422,16711422,16711422,16711422,16711422,16711422,16711422,16711422,16711422,16711422,16711422,16711422,16711422,16711422,16711422,16711422,16711422,16711422,16711422,16711422,16711422,16711422,16711422,16711422,16711422,16711422,16711422,16711422,16711422,16711422,16711422,16711422,16711422,16711422,16711422,16711422,16711422,16711422,16711422,16711422,16711422,16711422,16711422,16711422,16711422,16711422,16711422,16711422,16711422,16711422,16711422,16711422,16711422,16711422,16711422,16711422,16711422,16711422,16711422,16711422,16711422,16711422,16711422,16711422,16711422,16711422,16711422,16711422,16711422,16711422,16711422,16711422,16711422]},{"id":34784,"name":"Pillar","type":10,"category":0,"actions":[],"coordinates":[[4522,34970],[4534,34990],[4542,34958],[4554,34978]],"size":[1,1,333],"rotations":[0,0,0,0],"colors":[16711422,16711422,16711422,16711422,16711422,16711422,16711422,16711422,16711422,16711422,16711422,16711422,16711422,16711422,16711422,16711422,16711422,16711422,16711422,16711422,16711422,16711422,16711422,16711422,16711422,16711422,16711422,16711422,16711422,16711422,16711422,16711422,16711422,16711422,16711422,16711422,16711422,16711422,16711422,16711422,16711422,16711422,16711422,16711422,16711422,16711422,16711422,16711422,16711422,16711422,16711422,16711422,16711422,16711422,16711422,16711422,16711422,16711422,16711422,16711422,16711422,16711422,16711422,16711422,16711422,16711422,16711422,16711422,16711422,16711422,16711422,16711422,16711422,16711422,16711422,16711422,16711422,16711422,16711422,16711422,16711422,16711422,16711422,16711422,16711422,16711422,16711422,16711422]},{"id":34789,"name":"Mysterious glow","type":10,"category":0,"actions":[],"coordinates":[[4526,34986],[4526,34962],[4550,34986],[4550,34962]],"size":[1,1,296],"rotations":[0,0,0,0],"colors":[]},{"id":34771,"name":"Altar","type":10,"category":0,"actions":["Craft-rune","Pray"],"coordinates":[[4538,34974]],"size":[3,3,154],"rotations":[0],"colors":[16711422,16711422,16711422,16711422,16711422,16711422,16711422,16711422,16711422,16711422,16711422,16711422,16711422,16711422,16711422,16711422,16711422,16711422,16711422,16711422,16711422,16711422,16711422,16711422,16711422,16711422,16711422,16711422,16711422,16711422,16711422,16711422,16711422,16711422,16711422,16711422,16711422,16711422,16711422,16711422,16711422,16711422,16711422,16711422,16711422,16711422,16711422,16711422,16711422,16711422,16711422,16711422,16711422,16711422,16711422,16711422,16711422,16711422,16711422,16711422,16711422,16711422,16711422,15393002,15393002,15393002,15393002,15393002,15393002,15393002,15393002,15393002,15393002,7498603,7498603,7498603,7498603,7498603,7498603,7498603,7498603,7498603,7498603]}]