[{"id":16639,"name":"Windswept Tree","type":10,"category":0,"actions":[],"coordinates":[[4360,34628],[4384,34692],[4388,34616],[4564,34696]],"size":[2,2,456],"rotations":[0,0,0,0],"colors":[6717581,6454920,4944248,3893105,1068633,2775909]},{"id":16958,"name":"Row boat","type":10,"category":0,"actions":[],"coordinates":[[4390,34774]],"size":[3,3,120],"rotations":[0],"colors":[2135743,5142421,4026512,7115181,6720164,5538466,8158597,2579065]},{"id":16859,"name":"Hanging pirate","type":10,"category":529,"actions":[],"coordinates":[[4422,34710]],"size":[3,1,322],"rotations":[3],"colors":[14607072,10000803,7834257,6721700]},{"id":6472,"name":"Ice chunks","type":10,"category":0,"actions":[],"coordinates":[[4424,34688]],"size":[2,2,87],"rotations":[0],"colors":[15590885]},{"id":6474,"name":"Ice chunks","type":10,"category":0,"actions":[],"coordinates":[[4448,34676]],"size":[2,2,43],"rotations":[0],"colors":[15590885]},{"id":6475,"name":"Ice chunks","type":10,"category":0,"actions":[],"coordinates":[[4448,34656],[4528,34664]],"size":[2,2,43],"rotations":[0,0],"colors":[15590885]},{"id":16880,"name":"Cannonballs","type":10,"category":529,"actions":[],"coordinates":[[4450,34798],[4462,34770]],"size":[1,1,48],"rotations":[0,0],"colors":[7104102,5983051,6445915]},{"id":16879,"name":"Cannonballs","type":10,"category":529,"actions":[],"coordinates":[[4450,34794]],"size":[1,1,48],"rotations":[0],"colors":[5723997]},{"id":16884,"name":"Barrel","type":10,"category":529,"actions":["Take-from"],"coordinates":[[4454,34794],[4538,34674]],"size":[1,1,111],"rotations":[0,0],"colors":[6453128,4941176,7045524,5727096,5992062,5134957,7247998,7643526]},{"id":16863,"name":"Crate","type":10,"category":529,"actions":[],"coordinates":[[4456,34782],[4460,34786],[4468,34770],[4476,34778],[4480,34778]],"size":[2,1,238],"rotations":[1,0,0,1,1],"colors":[3764617,8034473,6523808,4946320,7639457,5996692]},{"id":16865,"name":"Crate","type":10,"category":529,"actions":[],"coordinates":[[4456,34774]],"size":[2,1,125],"rotations":[0],"colors":[3764617,8034473,6523808,4946320,7639457,5996692]},{"id":16872,"name":"Fish bits","type":10,"category":529,"actions":[],"coordinates":[[4454,34650],[4462,34662],[4466,34806]],"size":[1,1,9],"rotations":[0,0,0],"colors":[14935015,11185077,5990036,12896729,4937592]},{"id":16901,"name":"Lantern","type":4,"category":529,"actions":[],"coordinates":[[4458,34814],[4462,34794],[4462,34790],[4470,34794],[4470,34790],[4474,34814],[4474,34654]],"size":[1,1,224],"rotations":[0,0,0,0,0,0,0],"colors":[10000803,2785415,9145493,3013115,2996219,2308041]},{"id":16862,"name":"Crate","type":10,"category":529,"actions":[],"coordinates":[[4458,34782],[4466,34766]],"size":[1,1,237],"rotations":[0,0],"colors":[5137790,5664393]},{"id":16876,"name":"Barrel","type":10,"category":529,"actions":[],"coordinates":[[4458,34662],[4462,34658],[4470,34810],[4470,34806]],"size":[1,1,99],"rotations":[0,0,0,0],"colors":[7635341,6720164,5538466,5142421,2579065,9146517,4026512,14935015,11185077,9145493]},{"id":16877,"name":"Barrel","type":10,"category":529,"actions":[],"coordinates":[[4462,34810],[4466,34810],[4466,34774],[4470,34802],[4474,34790],[4478,34790],[4478,34782],[4482,34790]],"size":[1,1,99],"rotations":[0,0,0,0,0,0,0,0],"colors":[7635341,6720164,5538466,5142421,2579065,9146517,4026512]},{"id":16890,"name":"Chest","type":10,"category":529,"actions":[],"coordinates":[[4462,34766]],"size":[1,1,125],"rotations":[0],"colors":[10000803,8158597,13224400,11711164,7039858]},{"id":16946,"name":"Stairs","type":10,"category":529,"actions":["Climb"],"coordinates":[[4470,34786]],"size":[1,1,240],"rotations":[0],"colors":[6453128,8096149,5986891]},{"id":16860,"name":"Tar barrel","type":10,"category":529,"actions":["Take-from"],"coordinates":[[4470,34778]],"size":[1,1,48],"rotations":[0],"colors":[6453128,5727096,4941176,7045524,5134957,5992062,2964797]},{"id":16885,"name":"Barrel","type":10,"category":529,"actions":["Take-from"],"coordinates":[[4470,34774],[4474,34794]],"size":[1,1,111],"rotations":[0,0],"colors":[6453128,4941176,7045524,5727096,5992062,5134957,7247998,7643526]},{"id":16895,"name":"Chain","type":10,"category":529,"actions":[],"coordinates":[[4470,34650]],"size":[1,1,28],"rotations":[0],"colors":[8096149]},{"id":16878,"name":"Sack","type":10,"category":529,"actions":[],"coordinates":[[4474,34810],[4478,34810],[4478,34650],[4482,34810]],"size":[1,1,107],"rotations":[0,0,0,0],"colors":[4023671,8216832,6717581,5666697,5140094]},{"id":16871,"name":"Sack pile","type":10,"category":529,"actions":[],"coordinates":[[4476,34786]],"size":[2,1,64],"rotations":[3],"colors":[5137790,4812426,5664393,4812426,9485510,5664393,7239558,4937592,11185077]},{"id":16968,"name":"Shelf","type":5,"category":0,"actions":[],"coordinates":[[4474,34658]],"size":[1,1,184],"rotations":[0],"colors":[9224154,6395321,5140094]},{"id":14996,"name":"Ladder","type":10,"category":0,"actions":["Climb-down"],"coordinates":[[4474,34654]],"size":[1,1,123],"rotations":[0],"colors":[5996150,7050378,8494486]},{"id":16882,"name":"Barrel","type":10,"category":529,"actions":[],"coordinates":[[4480,34806],[4480,34802],[4480,34798],[4480,34794]],"size":[2,1,192],"rotations":[0,0,0,0],"colors":[6453128,4941176,7045524,2582393,5134957,5992062]},{"id":6267,"name":"Golden cage","type":10,"category":0,"actions":[],"coordinates":[[4478,34786]],"size":[1,1,237],"rotations":[0],"colors":[9605787,9608091]},{"id":6473,"name":"Ice chunks","type":10,"category":0,"actions":[],"coordinates":[[4488,34660]],"size":[2,2,87],"rotations":[0],"colors":[15590885]},{"id":16870,"name":"Sack pile","type":10,"category":529,"actions":[],"coordinates":[[4520,34662]],"size":[2,1,64],"rotations":[0],"colors":[5137790,4812426,5664393]},{"id":16867,"name":"Sack pile","type":10,"category":529,"actions":[],"coordinates":[[4522,34658]],"size":[1,1,64],"rotations":[0],"colors":[5137790,5664393,4812426]}]