[{"id":5331,"name":"Plant","type":10,"category":0,"actions":[],"coordinates":[[4698,30380],[4726,30360]],"size":[2,2,143],"rotations":[0,0],"colors":[9145493,8684685,8158597,11185077,10000803]},{"id":5332,"name":"Plant","type":10,"category":0,"actions":[],"coordinates":[[4720,30358],[4728,30366],[4732,30358]],"size":[1,1,133],"rotations":[0,0,0],"colors":[11185077,7039858,10000803,9145493,8684685,8158597]},{"id":5334,"name":"Plant","type":10,"category":0,"actions":[],"coordinates":[[4744,30370]],"size":[1,1,142],"rotations":[0],"colors":[9145493,11185077,10000803]},{"id":5333,"name":"Plant","type":10,"category":0,"actions":[],"coordinates":[[4750,30364]],"size":[2,2,142],"rotations":[0],"colors":[9145493,11185077,10000803]}]