[{"id":4051,"name":"Tree","type":10,"category":0,"actions":[],"coordinates":[[4634,38190],[4642,38170],[4646,38182],[4654,38194],[4654,38174],[4666,38190],[4666,38166],[4678,38198],[4698,38234],[4710,38194],[4718,38214],[4730,38218]],"size":[1,1,295],"rotations":[0,0,0,0,0,0,0,0,0,0,0,0],"colors":[]},{"id":10658,"name":"Torch","type":10,"category":0,"actions":[],"coordinates":[[4678,38214],[4678,38206],[4730,38210],[4730,38198]],"size":[1,1,174],"rotations":[0,0,0,0],"colors":[]},{"id":12887,"name":"Chair","type":10,"category":0,"actions":[],"coordinates":[[4686,38218],[4702,38190],[4710,38226]],"size":[1,1,156],"rotations":[0,0,0],"colors":[]},{"id":10661,"name":"Chest","type":10,"category":276,"actions":["Deposit"],"coordinates":[[4690,38226]],"size":[1,1,132],"rotations":[0],"colors":[]},{"id":12892,"name":"Small Table","type":10,"category":155,"actions":[],"coordinates":[[4690,38190],[4694,38226],[4722,38226]],"size":[1,1,85],"rotations":[0,0,0],"colors":[]},{"id":5495,"name":"Bed","type":10,"category":0,"actions":[],"coordinates":[[4692,38178],[4716,38238]],"size":[2,3,21],"rotations":[3,1],"colors":[]},{"id":10662,"name":"Crate","type":10,"category":0,"actions":["Search"],"coordinates":[[4694,38218]],"size":[1,1,79],"rotations":[0],"colors":[]},{"id":10660,"name":"Fire","type":10,"category":152,"actions":[],"coordinates":[[4698,38206],[4698,38186],[4718,38230]],"size":[1,1,195],"rotations":[0,0,0],"colors":[]},{"id":12888,"name":"Chair","type":10,"category":0,"actions":[],"coordinates":[[4702,38178],[4714,38226]],"size":[1,1,146],"rotations":[0,0],"colors":[]},{"id":12907,"name":"Ladder","type":10,"category":0,"actions":["Climb-up"],"coordinates":[[4710,38242]],"size":[1,1,209],"rotations":[0],"colors":[]}]