[{"id":4051,"name":"Tree","type":10,"category":0,"actions":[],"coordinates":[[4632,38190],[4640,38170],[4644,38182],[4652,38194],[4652,38174],[4664,38190],[4664,38166],[4676,38198],[4696,38234],[4708,38194],[4716,38214],[4728,38218]],"size":[1,1,295],"rotations":[0,0,0,0,0,0,0,0,0,0,0,0],"colors":[2969177]},{"id":10658,"name":"Torch","type":10,"category":0,"actions":[],"coordinates":[[4676,38214],[4676,38206],[4728,38210],[4728,38198]],"size":[1,1,174],"rotations":[0,0,0,0],"colors":[5142142,2965593,5865615,2109620,2992123,3006971]},{"id":12887,"name":"Chair","type":10,"category":0,"actions":[],"coordinates":[[4684,38218],[4700,38190],[4708,38226]],"size":[1,1,156],"rotations":[0,0,0],"colors":[1076076,1071458]},{"id":10661,"name":"Chest","type":10,"category":276,"actions":["Deposit"],"coordinates":[[4688,38226]],"size":[1,1,133],"rotations":[0],"colors":[6518893,7836040,4028272,5671297,1073754]},{"id":12892,"name":"Small Table","type":10,"category":155,"actions":[],"coordinates":[[4688,38190],[4692,38226],[4720,38226]],"size":[1,1,85],"rotations":[0,0,0],"colors":[8758968,6523808,8034473,7639457]},{"id":5495,"name":"Bed","type":10,"category":0,"actions":[],"coordinates":[[4692,38180],[4716,38240]],"size":[2,3,23],"rotations":[3,1],"colors":[11719642,15856115,14212317,2578816]},{"id":10662,"name":"Crate","type":10,"category":0,"actions":["Search"],"coordinates":[[4692,38218]],"size":[1,1,79],"rotations":[0],"colors":[3764617,8034473,6523808,11185077,4946320,7639457,5996692]},{"id":10660,"name":"Fire","type":10,"category":152,"actions":[],"coordinates":[[4696,38206],[4696,38186],[4716,38230]],"size":[1,1,195],"rotations":[0,0,0],"colors":[2992123,2589920,2320590,3000059,3003643]},{"id":12888,"name":"Chair","type":10,"category":0,"actions":[],"coordinates":[[4700,38178],[4712,38226]],"size":[1,1,146],"rotations":[0,0],"colors":[1076076,1071458]},{"id":12907,"name":"Ladder","type":10,"category":0,"actions":["Climb-up"],"coordinates":[[4708,38242]],"size":[1,1,209],"rotations":[0],"colors":[5996150,7050378]},{"id":29041,"name":"null","type":10,"category":960,"actions":["Build","Search"],"coordinates":[[4716,38194]],"size":[1,1,0],"rotations":[0],"colors":[]}]