[{"id":1281,"name":"Cage door","type":0,"category":0,"actions":["Open"],"coordinates":[[4718,28534]],"size":[1,1,240],"rotations":[0],"colors":[4288637,6397113,5540258,5865615,5666697]},{"id":27100,"name":"Crate","type":10,"category":0,"actions":["Search"],"coordinates":[[4722,28562],[4742,28558]],"size":[1,1,107],"rotations":[0,0],"colors":[4424864,4820909,6397113,7578041,8171465,5865615,4288637]},{"id":27102,"name":"Crates","type":10,"category":0,"actions":["Search"],"coordinates":[[4728,28560],[4748,28560]],"size":[2,2,326],"rotations":[0,0],"colors":[4424864,4820909,6397113,7578041,8171465,5865615,4288637,6133168]},{"id":28683,"name":"Passage","type":10,"category":0,"actions":["Enter"],"coordinates":[[4734,28650]],"size":[1,1,240],"rotations":[0],"colors":[5540258,4688552,7446197,7775677,8039621,4028048,1467005,1068652,65536]},{"id":777,"name":"Door","type":0,"category":0,"actions":["Open"],"coordinates":[[4734,28586]],"size":[1,1,220],"rotations":[0],"colors":[13223616,11578020,7039858,3013531,10196626]},{"id":12263,"name":"Stairs","type":10,"category":887,"actions":["Climb"],"coordinates":[[4736,28562]],"size":[2,3,240],"rotations":[2],"colors":[6397113,8171465,4288637,5540258,5865615,5666697]},{"id":23117,"name":"Device","type":10,"category":0,"actions":["Tamper"],"coordinates":[[4736,28476]],"size":[2,2,148],"rotations":[0],"colors":[4288637,6397113,8171465,5540258,13223616,9801867,10469864,10000803,6381927,65536,2992123,2982139]},{"id":553,"name":"Door","type":0,"category":0,"actions":["Open"],"coordinates":[[4738,28586]],"size":[1,1,220],"rotations":[0],"colors":[13223616,11578020,7039858,3013531,10196626]},{"id":27101,"name":"Crates","type":11,"category":0,"actions":["Search"],"coordinates":[[4742,28562]],"size":[1,1,215],"rotations":[0],"colors":[4424864,4820909,6397113,7578041,8171465,5865615,4288637]},{"id":1306,"name":"Cage door","type":10,"category":0,"actions":[],"coordinates":[[4748,28528]],"size":[2,2,41],"rotations":[0],"colors":[4288637,6397113,5540258,5865615,5666697]},{"id":25369,"name":"Holding area","type":22,"category":0,"actions":["Use"],"coordinates":[[4746,28510],[4758,28574]],"size":[1,1,0],"rotations":[0,0],"colors":[5540258,1809000,3013531]},{"id":12262,"name":"Broken cage","type":10,"category":0,"actions":[],"coordinates":[[4754,28538]],"size":[1,1,240],"rotations":[0],"colors":[13223616,11578020,5540258,6397113,4288637]},{"id":12261,"name":"Broken cage","type":10,"category":0,"actions":[],"coordinates":[[4754,28530]],"size":[1,1,240],"rotations":[0],"colors":[13223616,11578020,5540258,6397113,4288637]}]