[{"id":3736,"name":"Cave Exit","type":10,"category":0,"actions":["Exit"],"coordinates":[[4980,31428]],"size":[3,2,240],"rotations":[2],"colors":[65536,4157,1054297,1059436,1463165,1468044]},{"id":362,"name":"Barrel","type":10,"category":0,"actions":[],"coordinates":[[4976,31406],[4992,31402]],"size":[1,1,96],"rotations":[0,0],"colors":[4936448,8158597]},{"id":423,"name":"Bed","type":10,"category":0,"actions":[],"coordinates":[[4980,31388]],"size":[2,3,23],"rotations":[3],"colors":[11719642,15856115,14212317,2578816]},{"id":714,"name":"Fire remains","type":10,"category":0,"actions":[],"coordinates":[[4980,31418]],"size":[1,1,123],"rotations":[0],"colors":[11185077,9605787,7566202,9145493,7039858,10791600,9146517]},{"id":361,"name":"Boxes","type":10,"category":0,"actions":["Search"],"coordinates":[[4992,31390]],"size":[1,1,100],"rotations":[0],"colors":[4936448]}]