[{"id":32012,"name":"Ice chunks","type":10,"category":0,"actions":[],"coordinates":[[4884,34084],[4888,34152],[4888,34144],[4892,34084],[4904,34060],[4924,34240],[4972,34080],[5040,34280],[5044,34252],[5044,34196],[5044,34188],[5048,34280],[5048,34168],[5052,34248],[5056,34064],[5072,34120],[5092,34144],[5092,34136]],"size":[2,2,43],"rotations":[0,0,0,0,0,0,0,0,0,0,0,0,0,0,0,0,0,0],"colors":[]},{"id":31999,"name":"Cave","type":10,"category":0,"actions":["Enter"],"coordinates":[[4902,34118]],"size":[3,3,203],"rotations":[0],"colors":[]},{"id":30871,"name":"Table","type":11,"category":0,"actions":[],"coordinates":[[4928,34104]],"size":[2,2,93],"rotations":[0],"colors":[]},{"id":32010,"name":"Ice chunks","type":10,"category":0,"actions":[],"coordinates":[[4932,34244],[4944,34188],[4976,34120],[4984,34220],[5000,34116],[5020,34220],[5044,34176],[5068,34112]],"size":[2,2,87],"rotations":[0,0,0,0,0,0,0,0],"colors":[]},{"id":32009,"name":"Ice chunks","type":10,"category":0,"actions":[],"coordinates":[[4940,34176],[4944,34152],[4968,34220],[4988,34120],[5004,34264],[5004,34220]],"size":[2,2,87],"rotations":[0,0,0,0,0,0],"colors":[]},{"id":32011,"name":"Ice chunks","type":10,"category":0,"actions":[],"coordinates":[[4940,34168],[4944,34196],[4944,34160],[4968,34268],[4968,34120],[4976,34220],[4980,34272],[5008,34120],[5012,34276],[5012,34220],[5016,34120],[5044,34152],[5048,34160]],"size":[2,2,43],"rotations":[0,0,0,0,0,0,0,0,0,0,0,0,0],"colors":[]},{"id":32015,"name":"Ice blockage","type":10,"category":0,"actions":[],"coordinates":[[4954,34270],[4990,34218],[4998,34218]],"size":[1,1,113],"rotations":[0,0,0],"colors":[]},{"id":31990,"name":"Ice chunks","type":10,"category":0,"actions":["Climb-over"],"coordinates":[[4994,34218]],"size":[1,1,87],"rotations":[0],"colors":[]},{"id":31989,"name":"Fremennik Boat","type":10,"category":0,"actions":["Travel"],"coordinates":[[5016,34300]],"size":[6,2,393],"rotations":[2],"colors":[]}]