[{"id":40752,"name":"Tree","type":10,"category":189,"actions":["Chop down"],"coordinates":[[4870,39174],[4882,39166],[4922,39166]],"size":[3,3,853],"rotations":[0,0,0],"colors":[]},{"id":40750,"name":"Tree","type":10,"category":189,"actions":["Chop down"],"coordinates":[[4876,39200],[4884,39216],[4892,39192]],"size":[2,2,469],"rotations":[0,0,0],"colors":[]},{"id":40754,"name":"Maple tree","type":10,"category":222,"actions":["Chop down"],"coordinates":[[4888,39236],[4892,39208],[4896,39228],[4900,39248],[4908,39192],[4912,39212],[4916,39228],[4928,39188],[4932,39220],[4932,39204],[4948,39188]],"size":[2,2,469],"rotations":[0,0,0,0,0,0,0,0,0,0,0],"colors":[]},{"id":11113,"name":"Bush","type":10,"category":0,"actions":[],"coordinates":[[4920,39268],[4944,39248],[4944,39224],[4952,39228],[4952,39216],[4960,39224],[4968,39220],[4972,39236],[4984,39252],[4992,39192],[5020,39236],[5020,39196]],"size":[2,2,143],"rotations":[0,0,0,0,0,0,0,0,0,0,0,0],"colors":[]},{"id":1285,"name":"Dead tree","type":10,"category":189,"actions":["Chop down"],"coordinates":[[4924,39252],[4940,39240],[4952,39200],[4960,39244],[4964,39208],[4980,39224],[4996,39200],[5000,39188]],"size":[2,2,510],"rotations":[0,0,0,0,0,0,0,0],"colors":[]},{"id":1286,"name":"Dead tree","type":10,"category":189,"actions":["Chop down"],"coordinates":[[4934,39234],[4938,39250],[4946,39202],[4950,39222],[4954,39194],[4962,39214],[4990,39198],[4994,39186],[4998,39194]],"size":[1,1,289],"rotations":[0,0,0,0,0,0,0,0,0],"colors":[]},{"id":40738,"name":"Bones","type":10,"category":0,"actions":[],"coordinates":[[5060,39258]],"size":[2,3,176],"rotations":[1],"colors":[]}]