[{"id":10783,"name":"Rock","type":10,"category":0,"actions":[],"coordinates":[[4920,31602],[4924,31690],[4924,31614],[4964,31582],[5028,31714],[5032,31718],[5040,31718],[5044,31714],[5056,31710]],"size":[1,1,65],"rotations":[0,0,0,0,0,0,0,0,0],"colors":[5540258]},{"id":10784,"name":"Rock","type":10,"category":0,"actions":[],"coordinates":[[4924,31694],[4924,31610],[4924,31598],[4956,31582],[4968,31582],[5056,31674],[5060,31706]],"size":[1,1,96],"rotations":[0,0,0,0,0,0,0],"colors":[5540258]},{"id":10785,"name":"Rock","type":10,"category":0,"actions":[],"coordinates":[[4924,31686],[4924,31606],[4924,31602],[4960,31578],[4972,31582],[5036,31718],[5056,31670],[5056,31618]],"size":[1,1,56],"rotations":[0,0,0,0,0,0,0,0],"colors":[5540258]},{"id":666,"name":"Corpse","type":10,"category":0,"actions":[],"coordinates":[[4924,31636],[5034,31714],[5056,31612]],"size":[2,1,56],"rotations":[3,0,1],"colors":[14474976,11185077]},{"id":375,"name":"Closed chest","type":10,"category":0,"actions":["Open"],"coordinates":[[4924,31630],[5056,31666],[5056,31658],[5056,31622]],"size":[1,1,128],"rotations":[0,0,0,0],"colors":[2144441,9145493,13254912]},{"id":654,"name":"null","type":22,"category":1684,"actions":[],"coordinates":[[4936,31698],[4956,31626],[4960,31642],[4972,31590],[4976,31690],[5004,31646],[5044,31670],[5044,31626]],"size":[1,1,2],"rotations":[0,0,0,0,0,0,0,0],"colors":[1451916]},{"id":12576,"name":"Stalagmite","type":10,"category":0,"actions":[],"coordinates":[[4936,31582],[5008,31714]],"size":[1,1,168],"rotations":[0,0],"colors":[3307680]},{"id":652,"name":"null","type":22,"category":1684,"actions":[],"coordinates":[[4940,31666],[4948,31702],[4948,31590],[4972,31654],[4976,31686],[4984,31654],[5000,31670],[5004,31606],[5040,31686],[5044,31658],[5044,31618]],"size":[1,1,2],"rotations":[0,0,0,0,0,0,0,0,0,0,0],"colors":[1451916]},{"id":653,"name":"null","type":22,"category":1684,"actions":[],"coordinates":[[4956,31614],[4960,31662],[4976,31666],[4996,31590],[5020,31694],[5020,31666],[5040,31618]],"size":[1,1,2],"rotations":[0,0,0,0,0,0,0],"colors":[1451916]},{"id":10782,"name":"Rock","type":10,"category":0,"actions":[],"coordinates":[[4960,31582],[4968,31714],[5040,31714],[5056,31706],[5056,31678],[5064,31698]],"size":[1,1,54],"rotations":[0,0,0,0,0,0],"colors":[5540258]},{"id":1817,"name":"Lever","type":4,"category":0,"actions":["Pull"],"coordinates":[[4988,31710]],"size":[1,1,258],"rotations":[0],"colors":[9145493,2967035,16711422]},{"id":29053,"name":"null","type":10,"category":960,"actions":["Build","Search"],"coordinates":[[5048,31710]],"size":[1,1,0],"rotations":[0],"colors":[]},{"id":12584,"name":"Rockslide","type":10,"category":0,"actions":[],"coordinates":[[5058,31700],[5058,31684]],"size":[2,2,43],"rotations":[0,0],"colors":[5540258]},{"id":12585,"name":"Rockslide","type":10,"category":0,"actions":[],"coordinates":[[5058,31692]],"size":[2,2,43],"rotations":[0],"colors":[5540258]},{"id":378,"name":"Open chest","type":10,"category":0,"actions":["Search","Shut"],"coordinates":[[5056,31662]],"size":[1,1,164],"rotations":[0],"colors":[13254912,9145493]}]