[{"id":724,"name":"Standing torch","type":10,"category":0,"actions":[],"coordinates":[[4910,31034],[4910,31026],[4922,31114],[4954,31106],[4954,31002],[4958,31038],[4986,31122],[4986,31014],[5010,31110],[5014,31038],[5030,31006],[5042,31110],[5046,31058],[5046,31026],[5062,31090],[5074,31070]],"size":[1,1,174],"rotations":[0,0,0,0,0,0,0,0,0,0,0,0,0,0,0,0],"colors":[5142142,2965593,5865615,2109620,2992123,3006971]},{"id":17028,"name":"Ladder","type":10,"category":0,"actions":["Climb-up"],"coordinates":[[4918,31030]],"size":[1,1,232],"rotations":[0],"colors":[4290715,2130612,4936448]},{"id":660,"name":"Corpse","type":10,"category":0,"actions":[],"coordinates":[[4926,31034],[5058,31026]],"size":[1,1,67],"rotations":[0,0],"colors":[14474976]},{"id":16683,"name":"Ladder","type":10,"category":0,"actions":["Climb-up"],"coordinates":[[4942,31050]],"size":[1,1,232],"rotations":[0],"colors":[4290715,2130612,4936448]},{"id":34780,"name":"Pillar","type":10,"category":0,"actions":[],"coordinates":[[4974,31066],[4986,31078],[5006,31066]],"size":[1,1,333],"rotations":[0,0,0],"colors":[6178560]},{"id":34782,"name":"Pillar","type":10,"category":0,"actions":[],"coordinates":[[4974,31061],[4990,31078],[4990,31046],[5006,31061]],"size":[3,1,164],"rotations":[1,2,2,1],"colors":[6178560]},{"id":34781,"name":"Pillar","type":10,"category":0,"actions":[],"coordinates":[[4974,31058],[4986,31046],[4994,31078],[4994,31046],[5006,31058]],"size":[1,1,333],"rotations":[0,0,0,0,0],"colors":[6178560]},{"id":34789,"name":"Mysterious glow","type":10,"category":0,"actions":[],"coordinates":[[4978,31074]],"size":[1,1,296],"rotations":[0],"colors":[15396333]},{"id":34791,"name":"Mysterious glow","type":10,"category":0,"actions":[],"coordinates":[[4978,31050],[5002,31074],[5002,31050]],"size":[1,1,296],"rotations":[0,0,0],"colors":[15396333]},{"id":662,"name":"Corpse","type":10,"category":0,"actions":[],"coordinates":[[4982,31123]],"size":[2,1,56],"rotations":[3],"colors":[14474976,11185077]},{"id":34769,"name":"Altar","type":10,"category":0,"actions":["Craft-rune"],"coordinates":[[4990,31062]],"size":[3,3,160],"rotations":[0],"colors":[6178560,65536,3000059,16711422,1073762]},{"id":34757,"name":"Portal","type":10,"category":0,"actions":["Use"],"coordinates":[[5034,31082]],"size":[1,1,67],"rotations":[0],"colors":[9239548]}]