[{"id":12583,"name":"Rockslide","type":10,"category":0,"actions":[],"coordinates":[[5230,12116]],"size":[2,2,87],"rotations":[0],"colors":[5540258]},{"id":12576,"name":"Stalagmite","type":10,"category":0,"actions":[],"coordinates":[[5232,12138],[5248,12122]],"size":[1,1,168],"rotations":[0,0],"colors":[3307680]},{"id":35841,"name":"Crevice","type":0,"category":0,"actions":["Enter"],"coordinates":[[5240,12110]],"size":[1,1,240],"rotations":[0],"colors":[65536,5540258,4028048,4028048,65536,5540258]}]