[{"id":2091,"name":"Evergreen tree","type":10,"category":189,"actions":["Chop down"],"coordinates":[[5126,36068],[5134,36080],[5146,36072],[5150,36060],[5158,35964],[5162,35944],[5174,35960],[5174,35928],[5186,35948],[5210,36068],[5214,36048],[5230,36044],[5234,36056],[5246,36072],[5250,36056],[5310,36008],[5326,36044]],"size":[2,2,384],"rotations":[0,0,0,0,0,0,0,0,0,0,0,0,0,0,0,0,0],"colors":[4017253,4419840]},{"id":2092,"name":"Evergreen tree","type":10,"category":189,"actions":["Chop down"],"coordinates":[[5136,36070],[5172,35950],[5224,36058],[5240,36046]],"size":[3,3,552],"rotations":[0,0,0,0],"colors":[4017253,4419840]},{"id":12593,"name":"Rockslide","type":10,"category":0,"actions":[],"coordinates":[[5134,35856],[5138,35940],[5194,35848],[5198,36056],[5218,36084],[5238,35864]],"size":[2,2,43],"rotations":[0,0,0,0,0,0],"colors":[5540258]},{"id":19215,"name":"Boulder","type":10,"category":0,"actions":["Set-trap"],"coordinates":[[5136,36008],[5136,35948],[5140,35860],[5182,36054],[5192,35856],[5198,35970],[5198,35922],[5214,35886],[5252,35904],[5274,35862]],"size":[2,1,124],"rotations":[3,1,1,2,1,2,0,2,1,2],"colors":[10000803,10790320,9145493]},{"id":19337,"name":"Rabbit hole","type":10,"category":0,"actions":["Flush"],"coordinates":[[5136,35898],[5156,35918],[5160,35874],[5184,35922],[5192,35878],[5204,35998],[5208,35902],[5216,35982],[5220,36014],[5240,36010],[5240,35978],[5256,35998]],"size":[1,1,78],"rotations":[0,0,0,0,0,0,0,0,0,0,0,0],"colors":[11393507,9555675,65536,4428448,6400697,8174537]},{"id":12594,"name":"Rockslide","type":10,"category":0,"actions":[],"coordinates":[[5142,36012],[5202,35964],[5210,35880],[5258,35908],[5282,35860]],"size":[2,2,43],"rotations":[0,0,0,0,0],"colors":[5540258]},{"id":12592,"name":"Rockslide","type":10,"category":0,"actions":[],"coordinates":[[5142,36004],[5178,36064],[5198,35856],[5202,35928],[5226,36080],[5230,35864],[5258,35900]],"size":[2,2,87],"rotations":[0,0,0,0,0,0,0],"colors":[5540258]},{"id":12591,"name":"Rockslide","type":10,"category":0,"actions":[],"coordinates":[[5142,35948],[5142,35852],[5194,35964],[5194,35928],[5218,35880],[5226,36088],[5234,35856],[5270,35856]],"size":[2,2,87],"rotations":[0,0,0,0,0,0,0,0],"colors":[5540258]},{"id":10822,"name":"Yew tree","type":10,"category":288,"actions":["Chop down"],"coordinates":[[5168,35990],[5288,36082]],"size":[3,3,470],"rotations":[0,0],"colors":[4946320,4419840]},{"id":1392,"name":"Plant","type":10,"category":0,"actions":[],"coordinates":[[5174,35980],[5222,36048],[5278,36080],[5286,35904]],"size":[2,2,143],"rotations":[0,0,0,0],"colors":[9145493,8684685,8158597,11185077,10000803]},{"id":29495,"name":"null","type":10,"category":522,"actions":[],"coordinates":[[5180,35954]],"size":[1,1,0],"rotations":[0],"colors":[]},{"id":1276,"name":"Tree","type":10,"category":189,"actions":["Chop down"],"coordinates":[[5222,35936],[5258,35948],[5298,35940],[5310,36084],[5322,36072]],"size":[2,2,290],"rotations":[0,0,0,0,0],"colors":[4017253,4419840]},{"id":1278,"name":"Tree","type":10,"category":189,"actions":["Chop down"],"coordinates":[[5230,35952],[5242,36024],[5246,35932],[5258,35980],[5270,36004],[5290,35872],[5294,36044],[5298,35868],[5302,35884],[5306,35972],[5338,35944],[5346,36088]],"size":[2,2,372],"rotations":[0,0,0,0,0,0,0,0,0,0,0,0],"colors":[4419840,4017253]},{"id":10820,"name":"Oak tree","type":10,"category":279,"actions":["Chop down"],"coordinates":[[5240,35946],[5256,36018],[5328,35978],[5332,36078]],"size":[3,3,435],"rotations":[0,0,0,0],"colors":[4017253,4419840]},{"id":11360,"name":"Tin rocks","type":10,"category":198,"actions":["Mine"],"coordinates":[[5240,35874]],"size":[1,1,84],"rotations":[0],"colors":[7039858,65536]},{"id":11361,"name":"Tin rocks","type":10,"category":198,"actions":["Mine"],"coordinates":[[5244,35862]],"size":[1,1,89],"rotations":[0],"colors":[7039858,65536]},{"id":11365,"name":"Iron rocks","type":10,"category":218,"actions":["Mine"],"coordinates":[[5252,35870],[5256,35874]],"size":[1,1,89],"rotations":[0,0],"colors":[7039858,65536]},{"id":11161,"name":"Copper rocks","type":10,"category":196,"actions":["Mine"],"coordinates":[[5252,35858]],"size":[1,1,89],"rotations":[0],"colors":[7039858,65536]},{"id":11363,"name":"Clay rocks","type":10,"category":201,"actions":["Mine"],"coordinates":[[5252,35846]],"size":[1,1,89],"rotations":[0],"colors":[7039858,65536]},{"id":10943,"name":"Copper rocks","type":10,"category":196,"actions":["Mine"],"coordinates":[[5256,35862]],"size":[1,1,84],"rotations":[0],"colors":[7039858,65536]},{"id":11364,"name":"Iron rocks","type":10,"category":218,"actions":["Mine"],"coordinates":[[5260,35870]],"size":[1,1,84],"rotations":[0],"colors":[7039858,65536]},{"id":11362,"name":"Clay rocks","type":10,"category":201,"actions":["Mine"],"coordinates":[[5260,35850]],"size":[1,1,84],"rotations":[0],"colors":[7039858,65536]},{"id":19375,"name":"Plant","type":10,"category":0,"actions":["Inspect"],"coordinates":[[5280,35982],[5292,36002]],"size":[1,1,142],"rotations":[0,0],"colors":[9145493,11185077,10000803]},{"id":19377,"name":"Plant","type":10,"category":0,"actions":["Inspect"],"coordinates":[[5284,35974],[5300,35962]],"size":[1,1,97],"rotations":[0,0],"colors":[9145493,8684685,11185077,10000803]},{"id":19358,"name":"Plant","type":10,"category":0,"actions":["Inspect"],"coordinates":[[5292,36018]],"size":[1,1,143],"rotations":[0],"colors":[9145493,8684685,8158597,11185077,10000803]},{"id":19376,"name":"Plant","type":10,"category":0,"actions":["Inspect"],"coordinates":[[5296,35982],[5312,35982]],"size":[1,1,133],"rotations":[0,0],"colors":[11185077,7039858,10000803,9145493,8684685,8158597]},{"id":19428,"name":"Bush","type":22,"category":0,"actions":["Search","Attack"],"coordinates":[[5300,36014],[5308,35954],[5320,35994],[5324,36026],[5332,36002],[5336,35950],[5344,36022],[5352,35970]],"size":[1,1,90],"rotations":[0,0,0,0,0,0,0,0],"colors":[4419840,4419840]},{"id":19373,"name":"Plant","type":10,"category":0,"actions":["Inspect"],"coordinates":[[5300,35950]],"size":[1,1,97],"rotations":[0],"colors":[9145493,8684685,11185077,10000803]},{"id":19365,"name":"Plant","type":10,"category":0,"actions":["Inspect"],"coordinates":[[5308,35998]],"size":[1,1,97],"rotations":[0],"colors":[9145493,8684685,11185077,10000803]},{"id":19360,"name":"Plant","type":10,"category":0,"actions":["Inspect"],"coordinates":[[5312,36018]],"size":[1,1,133],"rotations":[0],"colors":[11185077,7039858,10000803,9145493,8684685,8158597]},{"id":19378,"name":"Plant","type":10,"category":0,"actions":["Inspect"],"coordinates":[[5312,35958],[5328,35958]],"size":[1,1,143],"rotations":[0,0],"colors":[9145493,8684685,8158597,11185077,10000803]},{"id":19439,"name":"Burrow","type":11,"category":0,"actions":["Inspect"],"coordinates":[[5316,36050]],"size":[1,1,178],"rotations":[0],"colors":[11393507,9555675,1473932,4428448,6400697,8174537]},{"id":19357,"name":"Plant","type":10,"category":0,"actions":["Inspect"],"coordinates":[[5324,36038]],"size":[1,1,97],"rotations":[0],"colors":[9145493,8684685,11185077,10000803]},{"id":19364,"name":"Plant","type":10,"category":0,"actions":["Inspect"],"coordinates":[[5324,35998]],"size":[1,1,133],"rotations":[0],"colors":[11185077,7039858,10000803,9145493,8684685,8158597]},{"id":19374,"name":"Plant","type":10,"category":0,"actions":["Inspect"],"coordinates":[[5328,35950]],"size":[1,1,143],"rotations":[0],"colors":[9145493,8684685,8158597,11185077,10000803]},{"id":19438,"name":"Burrow","type":11,"category":0,"actions":["Inspect"],"coordinates":[[5332,35934]],"size":[1,1,178],"rotations":[0],"colors":[11393507,9555675,1473932,4428448,6400697,8174537]},{"id":19359,"name":"Plant","type":10,"category":0,"actions":["Inspect"],"coordinates":[[5336,36034]],"size":[1,1,142],"rotations":[0],"colors":[9145493,11185077,10000803]},{"id":19361,"name":"Plant","type":10,"category":0,"actions":["Inspect"],"coordinates":[[5336,36018]],"size":[1,1,97],"rotations":[0],"colors":[9145493,8684685,11185077,10000803]},{"id":19363,"name":"Plant","type":10,"category":0,"actions":["Inspect"],"coordinates":[[5336,36002],[5340,35978]],"size":[1,1,142],"rotations":[0,0],"colors":[9145493,11185077,10000803]},{"id":9538,"name":"Row boat","type":10,"category":0,"actions":[],"coordinates":[[5340,35862]],"size":[3,3,120],"rotations":[0],"colors":[2135743,5142421,4026512,7115181,6720164,5538466,8158597,2579065]},{"id":19440,"name":"Burrow","type":11,"category":0,"actions":["Inspect"],"coordinates":[[5344,35986]],"size":[1,1,178],"rotations":[0],"colors":[11393507,9555675,1473932,4428448,6400697,8174537]},{"id":19380,"name":"Plant","type":10,"category":0,"actions":["Inspect"],"coordinates":[[5344,35958]],"size":[1,1,133],"rotations":[0],"colors":[11185077,7039858,10000803,9145493,8684685,8158597]},{"id":19356,"name":"Plant","type":10,"category":0,"actions":["Inspect"],"coordinates":[[5352,36038]],"size":[1,1,133],"rotations":[0],"colors":[11185077,7039858,10000803,9145493,8684685,8158597]},{"id":19362,"name":"Plant","type":10,"category":0,"actions":["Inspect"],"coordinates":[[5352,35990],[5356,36022]],"size":[1,1,143],"rotations":[0,0],"colors":[9145493,8684685,8158597,11185077,10000803]},{"id":19379,"name":"Plant","type":10,"category":0,"actions":["Inspect"],"coordinates":[[5352,35974]],"size":[1,1,142],"rotations":[0],"colors":[9145493,11185077,10000803]},{"id":19372,"name":"Plant","type":10,"category":0,"actions":["Inspect"],"coordinates":[[5356,35962]],"size":[1,1,133],"rotations":[0],"colors":[11185077,7039858,10000803,9145493,8684685,8158597]}]