[{"id":2091,"name":"Evergreen tree","type":10,"category":189,"actions":["Chop down"],"coordinates":[[5128,36068],[5136,36080],[5148,36072],[5152,36060],[5160,35964],[5164,35944],[5176,35960],[5176,35928],[5188,35948],[5212,36068],[5216,36048],[5232,36044],[5236,36056],[5248,36072],[5252,36056],[5312,36008],[5328,36044]],"size":[2,2,384],"rotations":[0,0,0,0,0,0,0,0,0,0,0,0,0,0,0,0,0],"colors":[4017253,4419840]},{"id":2092,"name":"Evergreen tree","type":10,"category":189,"actions":["Chop down"],"coordinates":[[5138,36070],[5174,35950],[5226,36058],[5242,36046]],"size":[3,3,552],"rotations":[0,0,0,0],"colors":[4017253,4419840]},{"id":12593,"name":"Rockslide","type":10,"category":0,"actions":[],"coordinates":[[5136,35856],[5140,35940],[5196,35848],[5200,36056],[5220,36084],[5240,35864]],"size":[2,2,43],"rotations":[0,0,0,0,0,0],"colors":[5540258]},{"id":19215,"name":"Boulder","type":10,"category":0,"actions":["Set-trap"],"coordinates":[[5140,36010],[5140,35950],[5144,35862],[5184,36054],[5196,35858],[5200,35970],[5200,35922],[5216,35886],[5256,35906],[5276,35862]],"size":[2,1,124],"rotations":[3,1,1,2,1,2,0,2,1,2],"colors":[10000803,10790320,9145493]},{"id":19337,"name":"Rabbit hole","type":10,"category":0,"actions":["Flush"],"coordinates":[[5138,35898],[5158,35918],[5162,35874],[5186,35922],[5194,35878],[5206,35998],[5210,35902],[5218,35982],[5222,36014],[5242,36010],[5242,35978],[5258,35998]],"size":[1,1,78],"rotations":[0,0,0,0,0,0,0,0,0,0,0,0],"colors":[11393507,9555675,65536,4428448,6400697,8174537]},{"id":12594,"name":"Rockslide","type":10,"category":0,"actions":[],"coordinates":[[5144,36012],[5204,35964],[5212,35880],[5260,35908],[5284,35860]],"size":[2,2,43],"rotations":[0,0,0,0,0],"colors":[5540258]},{"id":12592,"name":"Rockslide","type":10,"category":0,"actions":[],"coordinates":[[5144,36004],[5180,36064],[5200,35856],[5204,35928],[5228,36080],[5232,35864],[5260,35900]],"size":[2,2,87],"rotations":[0,0,0,0,0,0,0],"colors":[5540258]},{"id":12591,"name":"Rockslide","type":10,"category":0,"actions":[],"coordinates":[[5144,35948],[5144,35852],[5196,35964],[5196,35928],[5220,35880],[5228,36088],[5236,35856],[5272,35856]],"size":[2,2,87],"rotations":[0,0,0,0,0,0,0,0],"colors":[5540258]},{"id":10822,"name":"Yew tree","type":10,"category":288,"actions":["Chop down"],"coordinates":[[5170,35990],[5290,36082]],"size":[3,3,470],"rotations":[0,0],"colors":[4946320,4419840]},{"id":1392,"name":"Plant","type":10,"category":0,"actions":[],"coordinates":[[5176,35980],[5224,36048],[5280,36080],[5288,35904]],"size":[2,2,143],"rotations":[0,0,0,0],"colors":[9145493,8684685,8158597,11185077,10000803]},{"id":1276,"name":"Tree","type":10,"category":189,"actions":["Chop down"],"coordinates":[[5224,35936],[5260,35948],[5300,35940],[5312,36084],[5324,36072]],"size":[2,2,290],"rotations":[0,0,0,0,0],"colors":[4017253,4419840]},{"id":1278,"name":"Tree","type":10,"category":189,"actions":["Chop down"],"coordinates":[[5232,35952],[5244,36024],[5248,35932],[5260,35980],[5272,36004],[5292,35872],[5296,36044],[5300,35868],[5304,35884],[5308,35972],[5340,35944],[5348,36088]],"size":[2,2,372],"rotations":[0,0,0,0,0,0,0,0,0,0,0,0],"colors":[4419840,4017253]},{"id":10820,"name":"Oak tree","type":10,"category":279,"actions":["Chop down"],"coordinates":[[5242,35946],[5258,36018],[5330,35978],[5334,36078]],"size":[3,3,435],"rotations":[0,0,0,0],"colors":[4017253,4419840]},{"id":11360,"name":"Tin rocks","type":10,"category":198,"actions":["Mine"],"coordinates":[[5242,35874]],"size":[1,1,84],"rotations":[0],"colors":[7039858,65536]},{"id":11361,"name":"Tin rocks","type":10,"category":198,"actions":["Mine"],"coordinates":[[5246,35862]],"size":[1,1,89],"rotations":[0],"colors":[7039858,65536]},{"id":11365,"name":"Iron rocks","type":10,"category":218,"actions":["Mine"],"coordinates":[[5254,35870],[5258,35874]],"size":[1,1,89],"rotations":[0,0],"colors":[7039858,65536]},{"id":11161,"name":"Copper rocks","type":10,"category":196,"actions":["Mine"],"coordinates":[[5254,35858]],"size":[1,1,89],"rotations":[0],"colors":[7039858,65536]},{"id":11363,"name":"Clay rocks","type":10,"category":201,"actions":["Mine"],"coordinates":[[5254,35846]],"size":[1,1,89],"rotations":[0],"colors":[7039858,65536]},{"id":10943,"name":"Copper rocks","type":10,"category":196,"actions":["Mine"],"coordinates":[[5258,35862]],"size":[1,1,84],"rotations":[0],"colors":[7039858,65536]},{"id":11364,"name":"Iron rocks","type":10,"category":218,"actions":["Mine"],"coordinates":[[5262,35870]],"size":[1,1,84],"rotations":[0],"colors":[7039858,65536]},{"id":11362,"name":"Clay rocks","type":10,"category":201,"actions":["Mine"],"coordinates":[[5262,35850]],"size":[1,1,84],"rotations":[0],"colors":[7039858,65536]},{"id":19375,"name":"Plant","type":10,"category":0,"actions":["Inspect"],"coordinates":[[5282,35982],[5294,36002]],"size":[1,1,142],"rotations":[0,0],"colors":[9145493,11185077,10000803]},{"id":19377,"name":"Plant","type":10,"category":0,"actions":["Inspect"],"coordinates":[[5286,35974],[5302,35962]],"size":[1,1,97],"rotations":[0,0],"colors":[9145493,8684685,11185077,10000803]},{"id":19358,"name":"Plant","type":10,"category":0,"actions":["Inspect"],"coordinates":[[5294,36018]],"size":[1,1,143],"rotations":[0],"colors":[9145493,8684685,8158597,11185077,10000803]},{"id":19376,"name":"Plant","type":10,"category":0,"actions":["Inspect"],"coordinates":[[5298,35982],[5314,35982]],"size":[1,1,133],"rotations":[0,0],"colors":[11185077,7039858,10000803,9145493,8684685,8158597]},{"id":19428,"name":"Bush","type":22,"category":0,"actions":["Search","Attack"],"coordinates":[[5302,36014],[5310,35954],[5322,35994],[5326,36026],[5334,36002],[5338,35950],[5346,36022],[5354,35970]],"size":[1,1,90],"rotations":[0,0,0,0,0,0,0,0],"colors":[4419840,4419840]},{"id":19373,"name":"Plant","type":10,"category":0,"actions":["Inspect"],"coordinates":[[5302,35950]],"size":[1,1,97],"rotations":[0],"colors":[9145493,8684685,11185077,10000803]},{"id":19365,"name":"Plant","type":10,"category":0,"actions":["Inspect"],"coordinates":[[5310,35998]],"size":[1,1,97],"rotations":[0],"colors":[9145493,8684685,11185077,10000803]},{"id":19360,"name":"Plant","type":10,"category":0,"actions":["Inspect"],"coordinates":[[5314,36018]],"size":[1,1,133],"rotations":[0],"colors":[11185077,7039858,10000803,9145493,8684685,8158597]},{"id":19378,"name":"Plant","type":10,"category":0,"actions":["Inspect"],"coordinates":[[5314,35958],[5330,35958]],"size":[1,1,143],"rotations":[0,0],"colors":[9145493,8684685,8158597,11185077,10000803]},{"id":19439,"name":"Burrow","type":11,"category":0,"actions":["Inspect"],"coordinates":[[5318,36050]],"size":[1,1,178],"rotations":[0],"colors":[11393507,9555675,1473932,4428448,6400697,8174537]},{"id":19357,"name":"Plant","type":10,"category":0,"actions":["Inspect"],"coordinates":[[5326,36038]],"size":[1,1,97],"rotations":[0],"colors":[9145493,8684685,11185077,10000803]},{"id":19364,"name":"Plant","type":10,"category":0,"actions":["Inspect"],"coordinates":[[5326,35998]],"size":[1,1,133],"rotations":[0],"colors":[11185077,7039858,10000803,9145493,8684685,8158597]},{"id":19374,"name":"Plant","type":10,"category":0,"actions":["Inspect"],"coordinates":[[5330,35950]],"size":[1,1,143],"rotations":[0],"colors":[9145493,8684685,8158597,11185077,10000803]},{"id":19438,"name":"Burrow","type":11,"category":0,"actions":["Inspect"],"coordinates":[[5334,35934]],"size":[1,1,178],"rotations":[0],"colors":[11393507,9555675,1473932,4428448,6400697,8174537]},{"id":19359,"name":"Plant","type":10,"category":0,"actions":["Inspect"],"coordinates":[[5338,36034]],"size":[1,1,142],"rotations":[0],"colors":[9145493,11185077,10000803]},{"id":19361,"name":"Plant","type":10,"category":0,"actions":["Inspect"],"coordinates":[[5338,36018]],"size":[1,1,97],"rotations":[0],"colors":[9145493,8684685,11185077,10000803]},{"id":19363,"name":"Plant","type":10,"category":0,"actions":["Inspect"],"coordinates":[[5338,36002],[5342,35978]],"size":[1,1,142],"rotations":[0,0],"colors":[9145493,11185077,10000803]},{"id":9538,"name":"Row boat","type":10,"category":0,"actions":[],"coordinates":[[5342,35862]],"size":[3,3,120],"rotations":[0],"colors":[2135743,5142421,4026512,7115181,6720164,5538466,8158597,2579065]},{"id":19440,"name":"Burrow","type":11,"category":0,"actions":["Inspect"],"coordinates":[[5346,35986]],"size":[1,1,178],"rotations":[0],"colors":[11393507,9555675,1473932,4428448,6400697,8174537]},{"id":19380,"name":"Plant","type":10,"category":0,"actions":["Inspect"],"coordinates":[[5346,35958]],"size":[1,1,133],"rotations":[0],"colors":[11185077,7039858,10000803,9145493,8684685,8158597]},{"id":19356,"name":"Plant","type":10,"category":0,"actions":["Inspect"],"coordinates":[[5354,36038]],"size":[1,1,133],"rotations":[0],"colors":[11185077,7039858,10000803,9145493,8684685,8158597]},{"id":19362,"name":"Plant","type":10,"category":0,"actions":["Inspect"],"coordinates":[[5354,35990],[5358,36022]],"size":[1,1,143],"rotations":[0,0],"colors":[9145493,8684685,8158597,11185077,10000803]},{"id":19379,"name":"Plant","type":10,"category":0,"actions":["Inspect"],"coordinates":[[5354,35974]],"size":[1,1,142],"rotations":[0],"colors":[9145493,11185077,10000803]},{"id":19372,"name":"Plant","type":10,"category":0,"actions":["Inspect"],"coordinates":[[5358,35962]],"size":[1,1,133],"rotations":[0],"colors":[11185077,7039858,10000803,9145493,8684685,8158597]}]