[{"id":11933,"name":"Rockslide","type":10,"category":0,"actions":[],"coordinates":[[5478,11340],[5486,11276],[5518,11320]],"size":[2,2,43],"rotations":[0,0,0],"colors":[5540258]},{"id":11934,"name":"Rockslide","type":10,"category":0,"actions":[],"coordinates":[[5494,11272],[5574,11332]],"size":[2,2,43],"rotations":[0,0],"colors":[5540258]},{"id":11192,"name":"Rockslide","type":10,"category":0,"actions":[],"coordinates":[[5618,11356],[5618,11304]],"size":[2,2,43],"rotations":[0,0],"colors":[5540258]},{"id":11191,"name":"Rockslide","type":10,"category":0,"actions":[],"coordinates":[[5626,11304]],"size":[2,2,87],"rotations":[0],"colors":[5540258]}]