[{"id":17387,"name":"Ladder","type":10,"category":0,"actions":["Climb-up"],"coordinates":[[5382,12330],[5502,12434],[5506,12398],[5626,12502]],"size":[1,1,232],"rotations":[0,0,0,0],"colors":[4290715,2130612,4936448]},{"id":12575,"name":"Stalagmite","type":10,"category":0,"actions":[],"coordinates":[[5398,12490],[5454,12466],[5578,12350],[5578,12314]],"size":[1,1,289],"rotations":[0,0,0,0],"colors":[3307680]},{"id":4389,"name":"Portal","type":11,"category":0,"actions":["Exit"],"coordinates":[[5404,12484]],"size":[2,2,67],"rotations":[0],"colors":[9239548]},{"id":11184,"name":"Column","type":10,"category":0,"actions":[],"coordinates":[[5404,12468]],"size":[2,2,720],"rotations":[0],"colors":[3307680]},{"id":11185,"name":"Column","type":10,"category":0,"actions":[],"coordinates":[[5460,12484],[5564,12328]],"size":[2,2,720],"rotations":[0,0],"colors":[3307680]},{"id":4448,"name":"Cave wall","type":0,"category":0,"actions":["Collapse"],"coordinates":[[5466,12430],[5466,12418],[5478,12430],[5478,12418],[5502,12386],[5502,12374],[5506,12458],[5506,12446],[5514,12386],[5514,12374],[5518,12458],[5518,12446],[5538,12422],[5538,12410],[5550,12422],[5550,12410]],"size":[1,1,240],"rotations":[0,0,0,0,0,0,0,0,0,0,0,0,0,0,0,0],"colors":[5540258,65536,65536,5540258,5540258,65536]},{"id":4437,"name":"Rocks","type":10,"category":737,"actions":["Mine"],"coordinates":[[5472,12424],[5508,12380],[5512,12452],[5544,12416]],"size":[2,2,107],"rotations":[0,0,0,0],"colors":[5540258]},{"id":4390,"name":"Portal","type":11,"category":0,"actions":["Exit"],"coordinates":[[5604,12312]],"size":[2,2,67],"rotations":[0],"colors":[9239548]},{"id":11186,"name":"Column","type":10,"category":0,"actions":[],"coordinates":[[5608,12356]],"size":[2,2,720],"rotations":[0],"colors":[3307680]}]