[{"id":11933,"name":"Rockslide","type":10,"category":0,"actions":[],"coordinates":[[5480,11340],[5488,11276],[5520,11320]],"size":[2,2,43],"rotations":[0,0,0],"colors":[5540258]},{"id":11934,"name":"Rockslide","type":10,"category":0,"actions":[],"coordinates":[[5496,11272],[5576,11332]],"size":[2,2,43],"rotations":[0,0],"colors":[5540258]},{"id":11192,"name":"Rockslide","type":10,"category":0,"actions":[],"coordinates":[[5620,11356],[5620,11304]],"size":[2,2,43],"rotations":[0,0],"colors":[5540258]},{"id":11191,"name":"Rockslide","type":10,"category":0,"actions":[],"coordinates":[[5628,11304]],"size":[2,2,87],"rotations":[0],"colors":[5540258]}]