[{"id":11182,"name":"Mossy rock","type":10,"category":0,"actions":[],"coordinates":[[5392,31588],[5484,31572],[5496,31536],[5532,31596],[5608,31620]],"size":[2,2,87],"rotations":[0,0,0,0,0],"colors":[6178560,1477752]},{"id":12576,"name":"Stalagmite","type":10,"category":0,"actions":[],"coordinates":[[5394,31642],[5398,31638],[5446,31654],[5450,31650],[5470,31662],[5474,31666],[5482,31586],[5486,31558],[5486,31542],[5490,31578],[5490,31562],[5490,31554],[5494,31698],[5494,31586],[5498,31562],[5498,31546],[5502,31578],[5502,31550],[5514,31510],[5522,31514],[5526,31726],[5526,31506],[5530,31722],[5534,31726],[5534,31622],[5538,31626],[5542,31610],[5546,31686],[5550,31690],[5554,31686],[5554,31626],[5558,31514],[5562,31618],[5562,31498],[5566,31510],[5570,31574],[5570,31506],[5582,31506],[5586,31506]],"size":[1,1,168],"rotations":[0,0,0,0,0,0,0,0,0,0,0,0,0,0,0,0,0,0,0,0,0,0,0,0,0,0,0,0,0,0,0,0,0,0,0,0,0,0,0],"colors":[3307680]},{"id":12575,"name":"Stalagmite","type":10,"category":0,"actions":[],"coordinates":[[5398,31642],[5450,31654],[5474,31662],[5490,31586],[5490,31558],[5498,31698],[5502,31546],[5518,31510],[5530,31726],[5534,31626],[5546,31614],[5550,31686],[5554,31502],[5558,31626],[5570,31510],[5586,31502]],"size":[1,1,289],"rotations":[0,0,0,0,0,0,0,0,0,0,0,0,0,0,0,0],"colors":[3307680]},{"id":2958,"name":"Climbing rope","type":10,"category":0,"actions":["Climb"],"coordinates":[[5414,31586]],"size":[1,1,291],"rotations":[0],"colors":[1073781,1470596,3178133]},{"id":2959,"name":"Rocky Ledge","type":10,"category":0,"actions":["Climb-over"],"coordinates":[[5414,31562]],"size":[1,1,89],"rotations":[0],"colors":[7039858,65536]},{"id":2960,"name":"Rocky Ledge","type":10,"category":0,"actions":["Climb-over"],"coordinates":[[5414,31518]],"size":[1,1,89],"rotations":[0],"colors":[7039858,65536]},{"id":2961,"name":"Rocky Ledge","type":10,"category":0,"actions":["Climb-over"],"coordinates":[[5434,31514]],"size":[1,1,89],"rotations":[0],"colors":[7039858,65536]},{"id":2962,"name":"Rocks","type":10,"category":0,"actions":["Climb-over"],"coordinates":[[5454,31518]],"size":[1,1,89],"rotations":[0],"colors":[7039858,65536]},{"id":2964,"name":"Rocks","type":10,"category":0,"actions":["Climb-over"],"coordinates":[[5466,31558]],"size":[1,1,89],"rotations":[0],"colors":[7039858,65536]},{"id":2963,"name":"Rocks","type":10,"category":0,"actions":["Climb-over"],"coordinates":[[5466,31534]],"size":[1,1,89],"rotations":[0],"colors":[7039858,65536]},{"id":11184,"name":"Column","type":10,"category":0,"actions":[],"coordinates":[[5472,31692],[5588,31564],[5608,31728],[5608,31572]],"size":[2,2,720],"rotations":[0,0,0,0],"colors":[3307680]},{"id":11183,"name":"Mossy rock","type":10,"category":0,"actions":[],"coordinates":[[5486,31574],[5498,31534],[5506,31598],[5514,31550],[5538,31538],[5542,31634],[5550,31570],[5562,31542],[5586,31622]],"size":[1,1,53],"rotations":[0,0,0,0,0,0,0,0,0],"colors":[6178560,1477752]},{"id":11390,"name":"Rocks","type":10,"category":227,"actions":["Mine"],"coordinates":[[5514,31526],[5534,31518],[5582,31638],[5586,31630]],"size":[1,1,84],"rotations":[0,0,0,0],"colors":[7039858,65536]},{"id":11186,"name":"Column","type":10,"category":0,"actions":[],"coordinates":[[5528,31532],[5532,31696]],"size":[2,2,720],"rotations":[0,0],"colors":[3307680]},{"id":2965,"name":"Mossy rock","type":10,"category":0,"actions":["Search"],"coordinates":[[5548,31568]],"size":[2,2,70],"rotations":[0],"colors":[6178560,6782064]},{"id":652,"name":"null","type":22,"category":1684,"actions":[],"coordinates":[[5586,31686]],"size":[1,1,0],"rotations":[0],"colors":[1451916]},{"id":2971,"name":"Shimmering field","type":0,"category":0,"actions":["Walk-through"],"coordinates":[[5586,31670],[5590,31670]],"size":[1,1,240],"rotations":[0,0],"colors":[15451648]},{"id":11185,"name":"Column","type":10,"category":0,"actions":[],"coordinates":[[5588,31592],[5592,31720]],"size":[2,2,720],"rotations":[0,0],"colors":[3307680]},{"id":653,"name":"null","type":22,"category":1684,"actions":[],"coordinates":[[5590,31710]],"size":[1,1,0],"rotations":[0],"colors":[1451916]},{"id":2969,"name":"Recess","type":9,"category":0,"actions":["Search"],"coordinates":[[5594,31666]],"size":[1,1,240],"rotations":[0],"colors":[5540258,65536,1068642,2972269,5140094]},{"id":2966,"name":"Furnace","type":10,"category":0,"actions":["Search"],"coordinates":[[5614,31522]],"size":[3,3,438],"rotations":[0],"colors":[6526716,3285177,2582393,2763309,4026107]}]