[{"id":12575,"name":"Stalagmite","type":10,"category":0,"actions":[],"coordinates":[[5382,12050],[5402,12062],[5482,12050],[5502,12062]],"size":[1,1,289],"rotations":[0,0,0,0],"colors":[3307680]},{"id":12576,"name":"Stalagmite","type":10,"category":0,"actions":[],"coordinates":[[5386,12054],[5414,12046],[5434,12050],[5486,12054],[5514,12046],[5534,12050]],"size":[1,1,168],"rotations":[0,0,0,0,0,0],"colors":[3307680]},{"id":3365,"name":"Protruding rocks","type":4,"category":0,"actions":["Climb"],"coordinates":[[5490,12194]],"size":[1,1,221],"rotations":[0],"colors":[5540258]}]