[{"id":11041,"name":"Ladder","type":10,"category":0,"actions":["Climb-up"],"coordinates":[[8220,13206],[8252,13086],[8320,13194],[8388,13286],[8412,13114]],"size":[1,1,224],"rotations":[0,0,0,0,0],"colors":[4290715]},{"id":11068,"name":"Door","type":0,"category":0,"actions":["Open"],"coordinates":[[8220,13094]],"size":[1,1,240],"rotations":[0],"colors":[9287107,8893116,8168621,8563893,7119533]},{"id":11063,"name":"Pedestal","type":10,"category":0,"actions":["Take-sigil"],"coordinates":[[8224,13210]],"size":[1,1,156],"rotations":[0],"colors":[9287107,7119533,8563893,11711164,13224400]},{"id":11064,"name":"Door","type":0,"category":0,"actions":["Open"],"coordinates":[[8232,13282]],"size":[1,1,240],"rotations":[0],"colors":[9287107,8893116,8168621,8563893,7119533]},{"id":11053,"name":"Door","type":0,"category":0,"actions":["Open"],"coordinates":[[8292,13182]],"size":[1,1,241],"rotations":[0],"colors":[9287107,8893116,8168621,8563893,7119533]},{"id":11060,"name":"Pedestal","type":10,"category":0,"actions":["Take-sigil"],"coordinates":[[8292,13086]],"size":[1,1,156],"rotations":[0],"colors":[9287107,7119533,8563893,11711164,13224400]},{"id":11051,"name":"Door","type":0,"category":0,"actions":["Open"],"coordinates":[[8320,13210]],"size":[1,1,240],"rotations":[0],"colors":[9287107,8893116,8168621,8563893,7119533]},{"id":11055,"name":"Door","type":0,"category":0,"actions":["Open"],"coordinates":[[8320,13154]],"size":[1,1,240],"rotations":[0],"colors":[9287107,8893116,8168621,8563893,7119533]},{"id":11062,"name":"Pedestal","type":10,"category":0,"actions":["Take-sigil"],"coordinates":[[8348,13278]],"size":[1,1,156],"rotations":[0],"colors":[9287107,7119533,8563893,11711164,13224400]},{"id":11057,"name":"Door","type":0,"category":0,"actions":["Open"],"coordinates":[[8348,13182]],"size":[1,1,240],"rotations":[0],"colors":[9287107,8893116,8168621,8563893,7119533]},{"id":11066,"name":"Door","type":0,"category":0,"actions":["Open"],"coordinates":[[8408,13082]],"size":[1,1,240],"rotations":[0],"colors":[9287107,8893116,8168621,8563893,7119533]},{"id":11061,"name":"Pedestal","type":10,"category":0,"actions":["Take-sigil"],"coordinates":[[8416,13154]],"size":[1,1,156],"rotations":[0],"colors":[9287107,7119533,8563893,11711164,13224400]},{"id":11070,"name":"Door","type":0,"category":0,"actions":["Open"],"coordinates":[[8420,13270]],"size":[1,1,240],"rotations":[0],"colors":[9287107,8893116,8168621,8563893,7119533]},{"id":10970,"name":"null","type":10,"category":213,"actions":[],"coordinates":[[8422,13126]],"size":[2,3,0],"rotations":[0],"colors":[]}]