[{"id":14636,"name":"Tree","type":10,"category":0,"actions":[],"coordinates":[[8196,35314],[8196,35158],[8208,35174],[8240,35190],[8264,35218],[8264,35166],[8296,35250],[8300,35150],[8308,35310],[8328,35154],[8340,35286],[8360,35310],[8360,35242],[8372,35198],[8416,35150]],"size":[1,1,263],"rotations":[0,0,0,0,0,0,0,0,0,0,0,0,0,0,0],"colors":[1076076,2586745]},{"id":14638,"name":"Tree Stump","type":10,"category":0,"actions":[],"coordinates":[[8200,35282],[8208,35226],[8248,35322],[8252,35270],[8256,35302],[8288,35318],[8316,35198],[8324,35270],[8324,35226],[8336,35314],[8356,35186],[8384,35238],[8396,35158],[8404,35194],[8436,35138]],"size":[1,1,50],"rotations":[0,0,0,0,0,0,0,0,0,0,0,0,0,0,0],"colors":[5669001,2974573,6719117,5142142]},{"id":14637,"name":"Tree","type":10,"category":0,"actions":[],"coordinates":[[8224,35274],[8228,35306],[8272,35282],[8304,35286],[8340,35214],[8364,35278],[8392,35222],[8396,35174]],"size":[1,1,198],"rotations":[0,0,0,0,0,0,0,0],"colors":[1076076,2777957,2586745]},{"id":14738,"name":"Tree","type":10,"category":0,"actions":[],"coordinates":[[8236,35126],[8236,35094],[8244,35094],[8268,35118],[8380,35086]],"size":[1,1,366],"rotations":[0,0,0,0,0],"colors":[4934747,65536,4210764,2960701]},{"id":14647,"name":"Bones","type":10,"category":0,"actions":[],"coordinates":[[8260,35182],[8284,35146],[8288,35170]],"size":[1,1,54],"rotations":[0,0,0],"colors":[14474976]},{"id":14649,"name":"Bones","type":10,"category":0,"actions":[],"coordinates":[[8280,35170]],"size":[1,1,44],"rotations":[0],"colors":[14474976]},{"id":14644,"name":"Skeleton","type":10,"category":0,"actions":[],"coordinates":[[8292,35162],[8332,35138]],"size":[1,1,67],"rotations":[0,0],"colors":[14474976]},{"id":14650,"name":"Bones","type":10,"category":0,"actions":[],"coordinates":[[8296,35182]],"size":[1,1,30],"rotations":[0],"colors":[14474976]},{"id":14648,"name":"Bones","type":10,"category":0,"actions":[],"coordinates":[[8308,35178],[8328,35162]],"size":[1,1,25],"rotations":[0,0],"colors":[14474976]},{"id":14828,"name":"Obelisk","type":10,"category":166,"actions":["Activate","Teleport to Destination","Set Destination"],"coordinates":[[8320,35262],[8320,35246],[8336,35262],[8336,35246]],"size":[1,1,650],"rotations":[0,0,0,0],"colors":[8684685,7039858,10461097,9145493,9605787]},{"id":14556,"name":"Stone Pile","type":11,"category":0,"actions":[],"coordinates":[[8388,35214],[8388,35210],[8396,35214]],"size":[1,1,53],"rotations":[0,0,0],"colors":[6712422]},{"id":31557,"name":"Trapdoor","type":10,"category":0,"actions":[],"coordinates":[[8394,35208]],"size":[2,2,10],"rotations":[0],"colors":[4013377,4934480,6381927,7039858,8158597]},{"id":14557,"name":"Stone Pile","type":10,"category":0,"actions":[],"coordinates":[[8392,35202],[8404,35218]],"size":[1,1,53],"rotations":[0,0],"colors":[6712422]},{"id":14630,"name":"Stone Pile","type":10,"category":0,"actions":[],"coordinates":[[8396,35218],[8404,35202]],"size":[1,1,53],"rotations":[0,0],"colors":[6712422]},{"id":31556,"name":"Cavern","type":10,"category":0,"actions":["Enter"],"coordinates":[[8402,35100]],"size":[4,2,238],"rotations":[3],"colors":[1468044,1463165,65536,4157,1054297,1059436]},{"id":14566,"name":"Tree","type":11,"category":0,"actions":[],"coordinates":[[8424,35314],[8424,35282],[8440,35266]],"size":[1,1,254],"rotations":[0,0,0],"colors":[1076076,1073762,2586745]},{"id":14564,"name":"Tree","type":11,"category":0,"actions":[],"coordinates":[[8430,35320],[8430,35288],[8434,35304],[8434,35276]],"size":[2,2,395],"rotations":[0,0,0,0],"colors":[1076076,2586745,1073762]},{"id":14565,"name":"Tree","type":11,"category":0,"actions":[],"coordinates":[[8432,35298]],"size":[1,1,343],"rotations":[0],"colors":[1473900,1076311,1076076,2586745]}]