[{"id":381,"name":"Bookcase","type":10,"category":0,"actions":["Search"],"coordinates":[[8290,12166],[8298,12166]],"size":[1,1,243],"rotations":[0,0],"colors":[5720832,3503014]},{"id":380,"name":"Bookcase","type":10,"category":0,"actions":["Search"],"coordinates":[[8290,12144]],"size":[1,2,168],"rotations":[0],"colors":[2974350,5720832]},{"id":724,"name":"Standing torch","type":10,"category":0,"actions":[],"coordinates":[[8290,12134],[8334,12142]],"size":[1,1,174],"rotations":[0,0],"colors":[5142142,2965593,5865615,2109620,2992123,3006971]},{"id":575,"name":"Statue","type":10,"category":0,"actions":[],"coordinates":[[8298,12134],[8314,12134]],"size":[1,1,174],"rotations":[0,0],"colors":[11185077,8763568]},{"id":427,"name":"Bed","type":10,"category":0,"actions":[],"coordinates":[[8306,12138],[8378,12206]],"size":[3,3,237],"rotations":[0,0],"colors":[16711422,1781158,1467005,8245986,16448250,1813164]},{"id":1102,"name":"Stool","type":10,"category":0,"actions":[],"coordinates":[[8318,12162],[8322,12162],[8322,12154],[8326,12154]],"size":[1,1,64],"rotations":[0,0,0,0],"colors":[2579065]},{"id":603,"name":"Table","type":10,"category":154,"actions":[],"coordinates":[[8322,12158]],"size":[3,1,132],"rotations":[2],"colors":[4936448,13612468,14335922]},{"id":2148,"name":"Ladder","type":10,"category":0,"actions":["Climb-up"],"coordinates":[[8318,12126]],"size":[1,1,232],"rotations":[0],"colors":[4290715,2130612,4936448]},{"id":1016,"name":"Shelves","type":10,"category":0,"actions":[],"coordinates":[[8322,12166]],"size":[1,1,224],"rotations":[0],"colors":[2582393,4288637,1071980,5540258,8166573]},{"id":1017,"name":"Shelves","type":10,"category":0,"actions":[],"coordinates":[[8326,12166]],"size":[1,1,224],"rotations":[0],"colors":[2582393,4288637,1071980,5540258,8166573,8034473]},{"id":899,"name":"Hanging banner","type":4,"category":0,"actions":[],"coordinates":[[8326,12134],[8390,12162]],"size":[1,1,236],"rotations":[0,0],"colors":[1068652,16711422,10493979,11281179,10887963,10100763,3010043,3006971,3013115,4936448,2807021]},{"id":595,"name":"Table","type":10,"category":156,"actions":[],"coordinates":[[8332,12194],[8332,12182],[8364,12206],[8364,12198],[8364,12162],[8376,12162]],"size":[2,1,96],"rotations":[3,3,2,2,0,0],"colors":[13254912,1065049]},{"id":901,"name":"Hanging banner","type":4,"category":0,"actions":[],"coordinates":[[8330,12134],[8390,12166]],"size":[1,1,236],"rotations":[0,0],"colors":[1068652,8684685,11185077,3006971,3010043,3013115,3169685,5280187,65536,6508032,4936448,2807021]},{"id":1535,"name":"Door","type":0,"category":0,"actions":["Open"],"coordinates":[[8338,12150],[8350,12194]],"size":[1,1,240],"rotations":[0,0],"colors":[3640494,1800346,4020837,6516344,3309728,1469331,3640494,1800346,4020837,6516344,3309728,1469331]},{"id":203,"name":"Candles","type":10,"category":0,"actions":[],"coordinates":[[8346,12210],[8346,12186],[8346,12166],[8346,12146],[8346,12126],[8362,12210],[8370,12210],[8382,12198]],"size":[1,1,160],"rotations":[0,0,0,0,0,0,0,0],"colors":[16711422,6133168,3000059]},{"id":689,"name":"Mirror","type":10,"category":0,"actions":[],"coordinates":[[8350,12210]],"size":[1,1,245],"rotations":[0],"colors":[3644846,15987697,1470589]},{"id":1088,"name":"Chair","type":10,"category":0,"actions":[],"coordinates":[[8358,12202],[8362,12154],[8366,12194],[8366,12154],[8374,12154],[8378,12154]],"size":[1,1,144],"rotations":[0,0,0,0,0,0],"colors":[2974350,2778759]},{"id":887,"name":"Portrait","type":4,"category":0,"actions":[],"coordinates":[[8370,12210],[8382,12198]],"size":[1,1,227],"rotations":[0,0],"colors":[15677,13846272]},{"id":350,"name":"Drawers","type":10,"category":0,"actions":["Open"],"coordinates":[[8370,12182],[8378,12186],[8378,12174],[8386,12174]],"size":[1,1,144],"rotations":[0,0,0,0],"colors":[4224149,4937592,2583936,9605787]}]