[{"id":11041,"name":"Ladder","type":10,"category":0,"actions":["Climb-up"],"coordinates":[[8222,13206],[8254,13086],[8322,13194],[8390,13286],[8414,13114]],"size":[1,1,232],"rotations":[0,0,0,0,0],"colors":[4290715]},{"id":11068,"name":"Door","type":0,"category":0,"actions":["Open"],"coordinates":[[8222,13094]],"size":[1,1,240],"rotations":[0],"colors":[9287107,8893116,8168621,8563893,7119533]},{"id":11063,"name":"Pedestal","type":10,"category":0,"actions":["Take-sigil"],"coordinates":[[8226,13210]],"size":[1,1,156],"rotations":[0],"colors":[9287107,7119533,8563893,11711164,13224400]},{"id":11064,"name":"Door","type":0,"category":0,"actions":["Open"],"coordinates":[[8234,13282]],"size":[1,1,240],"rotations":[0],"colors":[9287107,8893116,8168621,8563893,7119533]},{"id":11053,"name":"Door","type":0,"category":0,"actions":["Open"],"coordinates":[[8294,13182]],"size":[1,1,241],"rotations":[0],"colors":[9287107,8893116,8168621,8563893,7119533]},{"id":11060,"name":"Pedestal","type":10,"category":0,"actions":["Take-sigil"],"coordinates":[[8294,13086]],"size":[1,1,156],"rotations":[0],"colors":[9287107,7119533,8563893,11711164,13224400]},{"id":11051,"name":"Door","type":0,"category":0,"actions":["Open"],"coordinates":[[8322,13210]],"size":[1,1,240],"rotations":[0],"colors":[9287107,8893116,8168621,8563893,7119533]},{"id":11055,"name":"Door","type":0,"category":0,"actions":["Open"],"coordinates":[[8322,13154]],"size":[1,1,240],"rotations":[0],"colors":[9287107,8893116,8168621,8563893,7119533]},{"id":11062,"name":"Pedestal","type":10,"category":0,"actions":["Take-sigil"],"coordinates":[[8350,13278]],"size":[1,1,156],"rotations":[0],"colors":[9287107,7119533,8563893,11711164,13224400]},{"id":11057,"name":"Door","type":0,"category":0,"actions":["Open"],"coordinates":[[8350,13182]],"size":[1,1,240],"rotations":[0],"colors":[9287107,8893116,8168621,8563893,7119533]},{"id":11066,"name":"Door","type":0,"category":0,"actions":["Open"],"coordinates":[[8410,13082]],"size":[1,1,240],"rotations":[0],"colors":[9287107,8893116,8168621,8563893,7119533]},{"id":11061,"name":"Pedestal","type":10,"category":0,"actions":["Take-sigil"],"coordinates":[[8418,13154]],"size":[1,1,156],"rotations":[0],"colors":[9287107,7119533,8563893,11711164,13224400]},{"id":11070,"name":"Door","type":0,"category":0,"actions":["Open"],"coordinates":[[8422,13270]],"size":[1,1,240],"rotations":[0],"colors":[9287107,8893116,8168621,8563893,7119533]},{"id":10970,"name":"null","type":10,"category":213,"actions":[],"coordinates":[[8424,13126]],"size":[2,3,0],"rotations":[0],"colors":[]}]