[{"id":39549,"name":"Portal","type":10,"category":0,"actions":["Use"],"coordinates":[[8584,27524]],"size":[2,2,476],"rotations":[0],"colors":[]},{"id":39576,"name":"Chest","type":10,"category":0,"actions":[],"coordinates":[[8586,27530],[8630,27534]],"size":[1,1,112],"rotations":[0,0],"colors":[]},{"id":39578,"name":"Chest","type":10,"category":0,"actions":[],"coordinates":[[8594,27534]],"size":[1,1,112],"rotations":[0],"colors":[]},{"id":39579,"name":"<col=ff9040>Weapons</col>","type":10,"category":0,"actions":[],"coordinates":[[8594,27514]],"size":[1,1,254],"rotations":[0],"colors":[]},{"id":39581,"name":"Books","type":10,"category":0,"actions":[],"coordinates":[[8598,27534]],"size":[1,1,84],"rotations":[0],"colors":[]},{"id":39573,"name":"Chair","type":11,"category":0,"actions":[],"coordinates":[[8602,27510]],"size":[1,1,221],"rotations":[0],"colors":[]},{"id":39572,"name":"Chair","type":10,"category":0,"actions":[],"coordinates":[[8606,27538],[8610,27510]],"size":[1,1,221],"rotations":[0,0],"colors":[]},{"id":39571,"name":"<col=ffff00>Muncher</col>","type":10,"category":0,"actions":[],"coordinates":[[8612,27536]],"size":[2,2,134],"rotations":[0],"colors":[]},{"id":39570,"name":"Desk","type":10,"category":0,"actions":[],"coordinates":[[8616,27524]],"size":[2,2,160],"rotations":[0],"colors":[]},{"id":39574,"name":"<col=ff9040>Death's scythe</col>","type":10,"category":0,"actions":[],"coordinates":[[8622,27538]],"size":[1,1,286],"rotations":[0],"colors":[]},{"id":39550,"name":"Death's Coffer","type":10,"category":0,"actions":["Sacrifice"],"coordinates":[[8624,27512]],"size":[2,2,183],"rotations":[0],"colors":[]},{"id":39580,"name":"Books","type":10,"category":0,"actions":[],"coordinates":[[8626,27518]],"size":[1,1,48],"rotations":[0],"colors":[]},{"id":39575,"name":"Chest","type":10,"category":0,"actions":[],"coordinates":[[8630,27514]],"size":[1,1,89],"rotations":[0],"colors":[]}]