[{"id":40387,"name":"Blocked opening","type":10,"category":0,"actions":[],"coordinates":[[8682,10206]],"size":[3,2,240],"rotations":[3],"colors":[7039858,8158597,8684685,6381927,7566202,65536]},{"id":43867,"name":"Rubble","type":10,"category":0,"actions":[],"coordinates":[[8686,10206]],"size":[3,2,115],"rotations":[3],"colors":[8421769,6710892,15132392]},{"id":14556,"name":"Stone Pile","type":11,"category":0,"actions":[],"coordinates":[[8692,10210]],"size":[1,1,53],"rotations":[0],"colors":[6712422]}]