[{"id":14712,"name":"Bones","type":10,"category":0,"actions":[],"coordinates":[[8454,34744]],"size":[2,2,47],"rotations":[0],"colors":[14474976]},{"id":14706,"name":"Bones","type":10,"category":0,"actions":[],"coordinates":[[8456,34638]],"size":[1,1,54],"rotations":[0],"colors":[14474976]},{"id":14711,"name":"Bones","type":10,"category":0,"actions":[],"coordinates":[[8462,34808]],"size":[2,2,60],"rotations":[0],"colors":[14474976]},{"id":14738,"name":"Tree","type":10,"category":0,"actions":[],"coordinates":[[8468,34674],[8472,34718],[8476,34754],[8500,34654],[8508,34702],[8512,34782],[8512,34606],[8528,34718],[8528,34678],[8532,34646],[8552,34802],[8560,34650],[8572,34706],[8572,34622],[8592,34774],[8596,34742],[8596,34666]],"size":[1,1,366],"rotations":[0,0,0,0,0,0,0,0,0,0,0,0,0,0,0,0,0],"colors":[4934747,65536,4210764,2960701]},{"id":14713,"name":"Bones","type":10,"category":0,"actions":[],"coordinates":[[8474,34640]],"size":[2,2,44],"rotations":[0],"colors":[14474976]},{"id":14703,"name":"Skeleton","type":10,"category":0,"actions":[],"coordinates":[[8516,34742],[8520,34706],[8544,34650]],"size":[1,1,67],"rotations":[0,0,0],"colors":[14474976]},{"id":14707,"name":"Bones","type":10,"category":0,"actions":[],"coordinates":[[8520,34590]],"size":[1,1,25],"rotations":[0],"colors":[14474976]},{"id":14704,"name":"Skeleton","type":10,"category":0,"actions":[],"coordinates":[[8532,34734]],"size":[1,1,99],"rotations":[0],"colors":[14474976]},{"id":1287,"name":"Dead tree","type":10,"category":189,"actions":[],"coordinates":[[8532,34626]],"size":[1,1,289],"rotations":[0],"colors":[1068652,1071989,9437184]},{"id":733,"name":"Web","type":10,"category":0,"actions":["Slash"],"coordinates":[[8536,34626]],"size":[1,1,208],"rotations":[0],"colors":[9437184,9437184]},{"id":14705,"name":"Skeleton","type":10,"category":0,"actions":[],"coordinates":[[8542,34750]],"size":[2,1,56],"rotations":[0],"colors":[14474976,11185077]},{"id":1288,"name":"Dead tree","type":10,"category":189,"actions":[],"coordinates":[[8540,34626]],"size":[1,1,289],"rotations":[0],"colors":[1068652,1071989,9437184]},{"id":14714,"name":"Bones","type":10,"category":0,"actions":[],"coordinates":[[8590,34592]],"size":[2,2,51],"rotations":[0],"colors":[14474976]},{"id":10834,"name":"Magic tree","type":10,"category":290,"actions":["Chop down"],"coordinates":[[8602,34716],[8626,34712],[8662,34728]],"size":[2,2,450],"rotations":[0,0,0],"colors":[15818752,4419840,5669001]},{"id":10822,"name":"Yew tree","type":10,"category":288,"actions":["Chop down"],"coordinates":[[8604,34694],[8632,34686],[8680,34674],[8684,34710]],"size":[3,3,470],"rotations":[0,0,0,0],"colors":[4946320,4419840]},{"id":14708,"name":"Bones","type":10,"category":0,"actions":[],"coordinates":[[8600,34614]],"size":[1,1,44],"rotations":[0],"colors":[14474976]},{"id":11364,"name":"Iron rocks","type":10,"category":218,"actions":["Mine"],"coordinates":[[8604,34730],[8604,34722],[8608,34726],[8612,34730],[8612,34722],[8680,34694]],"size":[1,1,84],"rotations":[0,0,0,0,0,0],"colors":[7039858,65536]},{"id":11366,"name":"Coal rocks","type":10,"category":200,"actions":["Mine"],"coordinates":[[8604,34674],[8604,34666],[8608,34670],[8612,34674],[8612,34666],[8664,34666],[8664,34658],[8668,34662],[8672,34666],[8672,34658],[8676,34698]],"size":[1,1,84],"rotations":[0,0,0,0,0,0,0,0,0,0,0],"colors":[7039858,65536]},{"id":14578,"name":"Bones","type":10,"category":0,"actions":[],"coordinates":[[8620,34702]],"size":[1,1,44],"rotations":[0],"colors":[14474976]},{"id":14526,"name":"Bones","type":10,"category":0,"actions":[],"coordinates":[[8624,34662],[8668,34702]],"size":[1,1,54],"rotations":[0,0],"colors":[14474976]},{"id":11370,"name":"Gold rocks","type":10,"category":199,"actions":["Mine"],"coordinates":[[8632,34666],[8636,34670],[8640,34666],[8684,34698]],"size":[1,1,84],"rotations":[0,0,0,0],"colors":[7039858,65536]},{"id":26759,"name":"Artefacts","type":10,"category":0,"actions":[],"coordinates":[[8632,34650]],"size":[1,1,96],"rotations":[0],"colors":[9480880,9151400,7245976,9875638,8690593,10794,9549019,10406354,9553098,8564917,2763309,4289661,4817034,5866895,6394267,7443869,7839141,8168621,2583929,7016556,2962830,4934480]},{"id":14584,"name":"Bones","type":10,"category":0,"actions":[],"coordinates":[[8638,34700]],"size":[2,2,51],"rotations":[0],"colors":[14474976]},{"id":26760,"name":"Gate","type":0,"category":0,"actions":["Open","Peek"],"coordinates":[[8640,34654]],"size":[1,1,240],"rotations":[0],"colors":[65536,8684685,11185077]},{"id":29056,"name":"null","type":10,"category":960,"actions":["Build","Search"],"coordinates":[[8648,34598]],"size":[1,1,0],"rotations":[0],"colors":[]},{"id":11735,"name":"Chest","type":10,"category":0,"actions":["Open","Search for traps"],"coordinates":[[8656,34582],[8660,34582],[8676,34582]],"size":[1,1,128],"rotations":[0,0,0],"colors":[2144441,9145493,13254912]},{"id":2097,"name":"Anvil","type":10,"category":772,"actions":["Smith"],"coordinates":[[8664,34678]],"size":[1,1,93],"rotations":[0],"colors":[7566202,5723997]},{"id":11726,"name":"Door","type":0,"category":0,"actions":["Open","Pick-lock"],"coordinates":[[8664,34602],[8668,34578]],"size":[1,1,240],"rotations":[0,0],"colors":[65536,8684685,11185077]},{"id":26300,"name":"Furnace","type":10,"category":215,"actions":["Smelt"],"coordinates":[[8668,34686]],"size":[1,1,85],"rotations":[0],"colors":[2763309,4013377,4934480,4210764,1061474,1065845,1459076,1789594,2120628,2126788,2329555,2598885,5161971,6544124,7727100,15396333]},{"id":11374,"name":"Adamantite rocks","type":10,"category":197,"actions":["Mine"],"coordinates":[[8672,34730],[8672,34722],[8676,34726],[8676,34690],[8680,34730],[8680,34722]],"size":[1,1,84],"rotations":[0,0,0,0,0,0],"colors":[7039858,65536]},{"id":909,"name":"Plaque","type":4,"category":0,"actions":[],"coordinates":[[8680,34590]],"size":[1,1,208],"rotations":[0],"colors":[7039858,1068652]},{"id":11372,"name":"Mithril rocks","type":10,"category":252,"actions":["Mine"],"coordinates":[[8684,34690]],"size":[1,1,84],"rotations":[0],"colors":[7039858,65536]},{"id":14605,"name":"Bones","type":10,"category":0,"actions":[],"coordinates":[[8684,34658]],"size":[1,1,54],"rotations":[0],"colors":[14474976]}]