[{"id":1406,"name":"Cactus","type":10,"category":0,"actions":[],"coordinates":[[8472,38552],[8588,38588],[8616,38572],[8628,38580],[8628,38456],[8636,38600],[8660,38556]],"size":[2,2,128],"rotations":[0,0,0,0,0,0,0],"colors":[1812119,12505301]},{"id":1396,"name":"Cactus","type":10,"category":0,"actions":[],"coordinates":[[8490,38546],[8506,38486],[8526,38570],[8530,38446],[8546,38546],[8598,38590],[8606,38578],[8622,38506],[8658,38454]],"size":[1,1,148],"rotations":[0,0,0,0,0,0,0,0,0],"colors":[1475683,1073762]},{"id":1123,"name":"Bush","type":10,"category":0,"actions":[],"coordinates":[[8496,38468],[8512,38488],[8548,38572],[8548,38428],[8648,38472]],"size":[2,2,137],"rotations":[0,0,0,0,0],"colors":[4214361]},{"id":1403,"name":"Cactus","type":10,"category":0,"actions":[],"coordinates":[[8520,38452],[8536,38568],[8604,38584]],"size":[2,2,256],"rotations":[0,0,0],"colors":[1479542]},{"id":362,"name":"Barrel","type":10,"category":0,"actions":[],"coordinates":[[8534,38526],[8538,38526],[8562,38478],[8562,38474]],"size":[1,1,96],"rotations":[0,0,0,0],"colors":[4936448,8158597]},{"id":364,"name":"Barrel","type":10,"category":0,"actions":[],"coordinates":[[8534,38522]],"size":[1,1,96],"rotations":[0],"colors":[10000803,11711164,4936448,8158597]},{"id":1160,"name":"Potted plant","type":10,"category":0,"actions":[],"coordinates":[[8536,38512],[8640,38508]],"size":[2,2,203],"rotations":[0,0],"colors":[1078635,8434380,6726593,6197685]},{"id":594,"name":"Table","type":10,"category":156,"actions":[],"coordinates":[[8536,38482],[8548,38522],[8552,38478],[8556,38522]],"size":[2,1,96],"rotations":[1,1,2,1],"colors":[13254912,1065049]},{"id":1101,"name":"Barstool","type":10,"category":0,"actions":[],"coordinates":[[8538,38478],[8542,38486],[8546,38486],[8550,38518],[8550,38474],[8554,38514],[8554,38490],[8562,38506]],"size":[1,1,72],"rotations":[0,0,0,0,0,0,0,0],"colors":[2110911,3003643,1461892]},{"id":1404,"name":"Cactus","type":10,"category":0,"actions":[],"coordinates":[[8540,38456],[8560,38448],[8676,38460]],"size":[2,2,340],"rotations":[0,0,0],"colors":[1475683]},{"id":1010,"name":"Shelves","type":10,"category":0,"actions":[],"coordinates":[[8542,38498]],"size":[1,1,240],"rotations":[0],"colors":[6390171,13254912,4224149]},{"id":1012,"name":"Shelves","type":10,"category":0,"actions":[],"coordinates":[[8542,38490]],"size":[1,1,240],"rotations":[0],"colors":[16250358,6390171,13254912,4224149]},{"id":885,"name":"Bar pumps","type":10,"category":154,"actions":[],"coordinates":[[8546,38506],[8546,38502],[8546,38498],[8546,38494],[8546,38490]],"size":[1,1,174],"rotations":[0,0,0,0,0],"colors":[5522176,7566202,4283005,13254912,4224149,14345446,9145493,15527407,14345949]},{"id":422,"name":"Bed","type":10,"category":0,"actions":[],"coordinates":[[8562,38560],[8606,38548]],"size":[1,2,21],"rotations":[0,2],"colors":[15856115,14212317,2578816]},{"id":718,"name":"Barrel","type":10,"category":0,"actions":[],"coordinates":[[8562,38526]],"size":[1,1,170],"rotations":[0],"colors":[4936448,8158597,8684685,3013115,11185077,5140094,3006971,1464957,1464196]},{"id":691,"name":"Screen","type":10,"category":0,"actions":[],"coordinates":[[8566,38564],[8566,38556]],"size":[1,2,237],"rotations":[0,0],"colors":[1464957,12604160]},{"id":1405,"name":"Cactus","type":10,"category":0,"actions":[],"coordinates":[[8568,38456],[8636,38452],[8656,38572]],"size":[2,2,169],"rotations":[0,0,0],"colors":[1475712,1073762]},{"id":354,"name":"Crate","type":10,"category":0,"actions":["Search"],"coordinates":[[8570,38570],[8618,38482],[8618,38474],[8622,38482],[8622,38478],[8642,38542]],"size":[1,1,80],"rotations":[0,0,0,0,0,0],"colors":[13254912,4292763]},{"id":724,"name":"Standing torch","type":10,"category":0,"actions":[],"coordinates":[[8570,38510],[8570,38490],[8574,38550],[8578,38462],[8594,38462]],"size":[1,1,174],"rotations":[0,0,0,0,0],"colors":[5142142,2965593,5865615,2109620,2992123,3006971]},{"id":6448,"name":"Secure chest","type":10,"category":0,"actions":["Open"],"coordinates":[[8582,38562]],"size":[1,1,128],"rotations":[0],"colors":[2144441,9145493,13254912]},{"id":602,"name":"Table","type":10,"category":155,"actions":[],"coordinates":[[8582,38558]],"size":[1,1,96],"rotations":[0],"colors":[2579065,13254912]},{"id":356,"name":"Crate","type":11,"category":0,"actions":["Search"],"coordinates":[[8582,38538],[8582,38530],[8582,38526]],"size":[1,1,80],"rotations":[0,0,0],"colors":[13254912]},{"id":1015,"name":"Shelves","type":10,"category":0,"actions":[],"coordinates":[[8594,38550],[8638,38482],[8650,38482]],"size":[1,1,208],"rotations":[0,0,0],"colors":[2582393,4288637,1071980]},{"id":1533,"name":"Curtain","type":0,"category":0,"actions":["Open"],"coordinates":[[8594,38522],[8634,38494]],"size":[1,1,240],"rotations":[0,0],"colors":[1071989,2116537,1786790,1065049,1071989,2116537,1786790,1065049]},{"id":598,"name":"Table","type":10,"category":155,"actions":[],"coordinates":[[8598,38534]],"size":[1,1,96],"rotations":[0],"colors":[2974350]},{"id":1088,"name":"Chair","type":11,"category":0,"actions":[],"coordinates":[[8602,38538],[8602,38530],[8650,38510],[8658,38510]],"size":[1,1,144],"rotations":[0,0,0,0],"colors":[2974350,2778759]},{"id":365,"name":"Sacks","type":10,"category":220,"actions":["Search"],"coordinates":[[8606,38486],[8618,38478],[8634,38546]],"size":[1,1,42],"rotations":[0,0,0],"colors":[1806508]},{"id":1024,"name":"Shelves","type":10,"category":0,"actions":[],"coordinates":[[8610,38550],[8610,38534]],"size":[1,1,229],"rotations":[0,0],"colors":[9548234,8491165,16711422,9875663]},{"id":423,"name":"Bed","type":10,"category":0,"actions":[],"coordinates":[[8612,38474],[8632,38538]],"size":[2,3,21],"rotations":[0,3],"colors":[11719642,15856115,14212317,2578816]},{"id":1152,"name":"Potted fern","type":10,"category":0,"actions":[],"coordinates":[[8626,38534]],"size":[1,1,98],"rotations":[0],"colors":[1803286,1798828,1065314]},{"id":366,"name":"Crate","type":10,"category":0,"actions":["Search"],"coordinates":[[8638,38546]],"size":[1,1,80],"rotations":[0],"colors":[13254912]},{"id":593,"name":"Table","type":10,"category":157,"actions":[],"coordinates":[[8652,38504]],"size":[2,2,96],"rotations":[0],"colors":[2974350]},{"id":1096,"name":"Rocking chair","type":10,"category":0,"actions":[],"coordinates":[[8658,38498]],"size":[1,1,148],"rotations":[0],"colors":[2974350]}]