[{"id":357,"name":"Crate","type":10,"category":0,"actions":["Search"],"coordinates":[[8710,10802],[8710,10794],[8718,10786]],"size":[1,1,80],"rotations":[0,0,0],"colors":[13254912,4292763]},{"id":358,"name":"Crate","type":10,"category":0,"actions":["Search"],"coordinates":[[8710,10798]],"size":[1,1,160],"rotations":[0],"colors":[13254912]},{"id":356,"name":"Crate","type":10,"category":0,"actions":["Search"],"coordinates":[[8710,10790],[8714,10798],[8714,10790]],"size":[1,1,80],"rotations":[0,0,0],"colors":[13254912]},{"id":733,"name":"Web","type":0,"category":0,"actions":["Slash"],"coordinates":[[8746,10838]],"size":[1,1,208],"rotations":[0],"colors":[9437184,9437184]},{"id":660,"name":"Corpse","type":10,"category":0,"actions":[],"coordinates":[[8778,10802],[8794,10846],[8794,10842],[8798,10846],[8798,10842],[8798,10830],[8802,10842],[8838,10874],[8838,10858],[8858,10974],[8886,10982],[8906,10966],[8938,10950],[8942,10954]],"size":[1,1,67],"rotations":[0,0,0,0,0,0,0,0,0,0,0,0,0,0],"colors":[14474976]},{"id":2530,"name":"Barrel","type":10,"category":0,"actions":["Search"],"coordinates":[[8790,10790]],"size":[1,1,96],"rotations":[0],"colors":[4936448,8158597]},{"id":658,"name":"Pile of skulls","type":10,"category":0,"actions":[],"coordinates":[[8794,10830],[8798,10826],[8942,10818]],"size":[1,1,46],"rotations":[0,0,0],"colors":[16316664,65536]},{"id":17432,"name":"Sewer pipe","type":4,"category":0,"actions":["Search"],"coordinates":[[8806,10846]],"size":[1,1,172],"rotations":[0],"colors":[4390912,9145493,10461097,6178560,65536]},{"id":17385,"name":"Ladder","type":10,"category":0,"actions":["Climb-up"],"coordinates":[[8826,10814]],"size":[1,1,232],"rotations":[0],"colors":[4290715,2130612,4936448]},{"id":1089,"name":"Smashed chair","type":10,"category":0,"actions":[],"coordinates":[[8866,10782],[8870,10762]],"size":[1,1,69],"rotations":[0,0],"colors":[2974350]},{"id":1535,"name":"Door","type":0,"category":0,"actions":["Open"],"coordinates":[[8870,10790],[8886,10766],[8894,10862]],"size":[1,1,240],"rotations":[0,0,0],"colors":[3640494,1800346,4020837,6516344,3309728,1469331,3640494,1800346,4020837,6516344,3309728,1469331]},{"id":1286,"name":"Dead tree","type":10,"category":189,"actions":["Chop down"],"coordinates":[[8894,10762],[8926,10786],[8934,10766]],"size":[1,1,289],"rotations":[0,0,0],"colors":[1068652,1071989]},{"id":422,"name":"Bed","type":10,"category":0,"actions":[],"coordinates":[[8902,10760]],"size":[1,2,21],"rotations":[0],"colors":[15856115,14212317,2578816]}]