[{"id":14738,"name":"Tree","type":10,"category":0,"actions":[],"coordinates":[[8704,35146],[8708,35174],[8712,35230],[8732,35106],[8756,35094],[8756,35082],[8860,35102],[8864,35078],[8868,35166],[8872,35126]],"size":[1,1,366],"rotations":[0,0,0,0,0,0,0,0,0,0],"colors":[4934747,65536,4210764,2960701]},{"id":14918,"name":"Stepping stone","type":10,"category":0,"actions":["Cross"],"coordinates":[[8708,35196]],"size":[1,2,0],"rotations":[0],"colors":[65536]},{"id":14651,"name":"Bones","type":10,"category":0,"actions":[],"coordinates":[[8720,35174]],"size":[1,1,21],"rotations":[0],"colors":[14474976]},{"id":14648,"name":"Bones","type":10,"category":0,"actions":[],"coordinates":[[8728,35182],[8748,35174],[8780,35142]],"size":[1,1,25],"rotations":[0,0,0],"colors":[14474976]},{"id":14650,"name":"Bones","type":10,"category":0,"actions":[],"coordinates":[[8728,35170],[8744,35194]],"size":[1,1,30],"rotations":[0,0],"colors":[14474976]},{"id":14646,"name":"Skeleton","type":10,"category":0,"actions":[],"coordinates":[[8740,35188],[8774,35162]],"size":[2,1,56],"rotations":[3,2],"colors":[14474976,11185077]},{"id":14644,"name":"Skeleton","type":10,"category":0,"actions":[],"coordinates":[[8740,35182],[8760,35178]],"size":[1,1,67],"rotations":[0,0],"colors":[14474976]},{"id":14645,"name":"Skeleton","type":10,"category":0,"actions":[],"coordinates":[[8748,35186],[8764,35170]],"size":[1,1,99],"rotations":[0,0],"colors":[14474976]},{"id":14647,"name":"Bones","type":10,"category":0,"actions":[],"coordinates":[[8756,35186],[8768,35174],[8772,35154]],"size":[1,1,54],"rotations":[0,0,0],"colors":[14474976]},{"id":14649,"name":"Bones","type":10,"category":0,"actions":[],"coordinates":[[8764,35138],[8772,35146],[8776,35134]],"size":[1,1,44],"rotations":[0,0,0],"colors":[14474976]},{"id":46992,"name":"Signpost","type":11,"category":0,"actions":[],"coordinates":[[8784,35266]],"size":[1,1,168],"rotations":[0],"colors":[5997972,6525088,7039858,4947600,7566202,12899545,9348780]},{"id":46995,"name":"Crevice","type":10,"category":0,"actions":["Jump-Down","Peek","Check-Fee"],"coordinates":[[8790,35276]],"size":[4,2,28],"rotations":[1],"colors":[5723997,8158597,4934480,4013377,65536,6381927,8421769,7039858,7829374]},{"id":50019,"name":"Big egg","type":10,"category":0,"actions":[],"coordinates":[[8808,35106],[8820,35142],[8824,35134],[8832,35130]],"size":[1,1,104],"rotations":[0,0,0,0],"colors":[11719642,16118771]},{"id":29040,"name":"null","type":10,"category":960,"actions":["Build","Search"],"coordinates":[[8816,35110]],"size":[1,1,0],"rotations":[0],"colors":[]},{"id":47175,"name":"Cave","type":10,"category":0,"actions":["Enter","Check-Fee"],"coordinates":[[8948,35098]],"size":[3,3,137],"rotations":[0],"colors":[8421769,2763309,4013377,65536,4934480,5723997,5987170,7566202,8947856,8684685,8158597,7829374,7237750,7039858,6710892]},{"id":14636,"name":"Tree","type":11,"category":0,"actions":[],"coordinates":[[8952,35182]],"size":[1,1,263],"rotations":[0],"colors":[1076076,2586745]}]