[{"id":5083,"name":"Painting","type":4,"category":0,"actions":[],"coordinates":[[8836,11378],[8920,11362]],"size":[1,1,218],"rotations":[0,0],"colors":[11388363,10927559,11848399,13096922,15264491,12702167,14606818,14935783,9743026,8493213,8097429,10467776,4947600,6525088,9479344]},{"id":14855,"name":"Bed","type":10,"category":0,"actions":[],"coordinates":[[8838,11378],[8838,11370],[8900,11368],[8908,11368]],"size":[1,2,58],"rotations":[3,3,2,2],"colors":[2582393,6990537,10073017,6197685]},{"id":5084,"name":"Painting","type":4,"category":0,"actions":[],"coordinates":[[8836,11370]],"size":[1,1,219],"rotations":[0],"colors":[12308179,12702167,8493213,8952996,15264491,14212317,13883353,13096922,8097429,10467776,9743026,10073017,11848399,14606818,14935783,4946320,8034473]},{"id":7194,"name":"Drawers","type":10,"category":0,"actions":["Open"],"coordinates":[[8836,11366],[8864,11386]],"size":[1,1,139],"rotations":[0,0],"colors":[6525088,4947600]},{"id":7166,"name":"null","type":10,"category":153,"actions":[],"coordinates":[[8840,11386]],"size":[1,1,186],"rotations":[0],"colors":[5997972,6525088,1071980,2583936]},{"id":2403,"name":"Chest","type":10,"category":0,"actions":["Open"],"coordinates":[[8844,11386]],"size":[1,1,86],"rotations":[0],"colors":[7836040,4028272,5671297,6518893]},{"id":14851,"name":"Table","type":10,"category":156,"actions":[],"coordinates":[[8854,11386],[8872,11376],[8896,11324]],"size":[2,1,88],"rotations":[2,1,1],"colors":[2582393,6990537]},{"id":14853,"name":"Chair","type":10,"category":0,"actions":[],"coordinates":[[8856,11382]],"size":[1,1,131],"rotations":[0],"colors":[3766153,6525088]},{"id":11780,"name":"Door","type":0,"category":167,"actions":["Open"],"coordinates":[[8856,11362],[8900,11334],[8904,11350]],"size":[1,1,242],"rotations":[0,0,0],"colors":[5863311,4285821]},{"id":724,"name":"Standing torch","type":10,"category":0,"actions":[],"coordinates":[[8864,11358]],"size":[1,1,174],"rotations":[0],"colors":[5142142,2965593,5865615,2109620,2992123,3006971]},{"id":5106,"name":"Crate","type":10,"category":209,"actions":["Search"],"coordinates":[[8864,11302]],"size":[1,1,79],"rotations":[0],"colors":[3764617,8034473,6523808,11185077,4946320,7639457,5996692,4214361]},{"id":5110,"name":"Crate","type":10,"category":209,"actions":["Search"],"coordinates":[[8864,11294],[8868,11366],[8872,11362]],"size":[1,1,89],"rotations":[0,0,0],"colors":[3764617,8034473,6523808,11185077,4946320,7639457,5996692]},{"id":5113,"name":"Crate","type":10,"category":209,"actions":["Search"],"coordinates":[[8868,11362]],"size":[1,1,79],"rotations":[0],"colors":[3764617,8034473,6523808,11185077,4946320,7639457,5996692,4214361]},{"id":3045,"name":"Crate","type":10,"category":0,"actions":[],"coordinates":[[8868,11290]],"size":[1,1,68],"rotations":[0],"colors":[3766153,1073781,4947600]},{"id":7168,"name":"Stool","type":10,"category":0,"actions":[],"coordinates":[[8880,11350]],"size":[1,1,57],"rotations":[0],"colors":[6990537,1071980]},{"id":2405,"name":"Ladder","type":10,"category":0,"actions":["Climb-up"],"coordinates":[[8880,11298]],"size":[1,1,232],"rotations":[0],"colors":[4290715]},{"id":2333,"name":"Table","type":10,"category":155,"actions":[],"coordinates":[[8884,11350]],"size":[1,1,90],"rotations":[0],"colors":[5863311,4812426,4285821,4023671]},{"id":5108,"name":"Closed chest","type":10,"category":0,"actions":["Open"],"coordinates":[[8892,11370],[8896,11370]],"size":[1,1,86],"rotations":[0,0],"colors":[7836040,4028272,5671297,6518893]},{"id":7169,"name":"Table","type":10,"category":155,"actions":[],"coordinates":[[8892,11346]],"size":[1,1,85],"rotations":[0],"colors":[8758968,6523808,8034473,7639457]},{"id":7167,"name":"Stool","type":10,"category":0,"actions":[],"coordinates":[[8892,11342],[8916,11366]],"size":[1,1,72],"rotations":[0,0],"colors":[6990537,2582393]},{"id":2397,"name":"Door","type":0,"category":0,"actions":["Open"],"coordinates":[[8892,11314]],"size":[1,1,242],"rotations":[0],"colors":[5863311,4285821]},{"id":2998,"name":"Table","type":10,"category":154,"actions":[],"coordinates":[[8916,11360]],"size":[2,1,121],"rotations":[3],"colors":[8034473,6523808,8758968,7639457,8759992,8430513]}]