[{"id":1394,"name":"Plant","type":10,"category":0,"actions":[],"coordinates":[[8708,37140],[8712,37188],[8720,37176],[8732,37188],[8752,37304],[8756,37328],[8764,37368],[8904,37312],[8908,37320],[8936,37348]],"size":[2,2,142],"rotations":[0,0,0,0,0,0,0,0,0,0],"colors":[9145493,11185077,10000803]},{"id":1276,"name":"Tree","type":10,"category":189,"actions":["Chop down"],"coordinates":[[8716,37216],[8784,37140],[8796,37360],[8816,37124],[8852,37160],[8852,37128],[8872,37356],[8880,37340]],"size":[2,2,290],"rotations":[0,0,0,0,0,0,0,0],"colors":[4017253,4419840]},{"id":1391,"name":"Plant","type":10,"category":0,"actions":[],"coordinates":[[8720,37336],[8728,37344],[8732,37332],[8736,37324],[8780,37128],[8796,37132],[8840,37308],[8872,37188],[8924,37148],[8928,37240]],"size":[2,2,97],"rotations":[0,0,0,0,0,0,0,0,0,0],"colors":[9145493,8684685,11185077,10000803]},{"id":1393,"name":"Plant","type":10,"category":0,"actions":[],"coordinates":[[8718,37202],[8726,37218],[8734,37198],[8754,37370],[8754,37358],[8754,37350],[8782,37330],[8794,37150],[8798,37142],[8810,37362],[8842,37186],[8934,37274]],"size":[1,1,133],"rotations":[0,0,0,0,0,0,0,0,0,0,0,0],"colors":[11185077,7039858,10000803,9145493,8684685,8158597]},{"id":301,"name":"Food trough","type":10,"category":0,"actions":[],"coordinates":[[8752,37346],[8944,37242]],"size":[2,1,66],"rotations":[3,0],"colors":[2583936,3766153,6525088]},{"id":5605,"name":"Rock","type":10,"category":0,"actions":[],"coordinates":[[8758,37222],[8758,37186],[8770,37158],[8774,37226],[8834,37358]],"size":[1,1,56],"rotations":[0,0,0,0,0],"colors":[11185077,15592170,11185077,15592170]},{"id":5606,"name":"Rock","type":10,"category":0,"actions":[],"coordinates":[[8760,37192],[8772,37256],[8780,37296],[8816,37328]],"size":[2,2,17],"rotations":[0,0,0,0],"colors":[11185077,15592170]},{"id":5627,"name":"Standard","type":10,"category":0,"actions":[],"coordinates":[[8766,37374],[8782,37374],[8902,37374],[8914,37374]],"size":[1,1,366],"rotations":[0,0,0,0],"colors":[5340314,11281179,16711422]},{"id":5604,"name":"Rock","type":10,"category":0,"actions":[],"coordinates":[[8772,37164],[8776,37272],[8780,37232],[8784,37304]],"size":[2,2,56],"rotations":[0,0,0,0],"colors":[11185077,15592170,11185077,15592170]},{"id":1278,"name":"Tree","type":10,"category":189,"actions":["Chop down"],"coordinates":[[8776,37352],[8800,37348],[8828,37312],[8860,37340],[8884,37172],[8888,37360],[8932,37124],[8948,37124]],"size":[2,2,372],"rotations":[0,0,0,0,0,0,0,0],"colors":[4419840,4017253]},{"id":5590,"name":"Water wheel","type":10,"category":0,"actions":[],"coordinates":[[8782,37262]],"size":[3,1,409],"rotations":[3],"colors":[5143957,5540258,4028048]},{"id":5589,"name":"Water wheel","type":10,"category":0,"actions":[],"coordinates":[[8786,37262]],"size":[3,1,407],"rotations":[3],"colors":[5143957,2780551,5540258]},{"id":1341,"name":"Tree stump","type":10,"category":0,"actions":[],"coordinates":[[8786,37322],[8794,37330]],"size":[1,1,30],"rotations":[0,0],"colors":[4214361,6507520]},{"id":5591,"name":"Water wheel","type":10,"category":0,"actions":[],"coordinates":[[8790,37262]],"size":[3,1,409],"rotations":[3],"colors":[4028048,5143957]},{"id":10833,"name":"Willow tree","type":10,"category":286,"actions":["Chop down"],"coordinates":[[8788,37208]],"size":[2,2,305],"rotations":[0],"colors":[13004800,4224149]},{"id":10831,"name":"Willow tree","type":10,"category":286,"actions":["Chop down"],"coordinates":[[8788,37196]],"size":[2,2,354],"rotations":[0],"colors":[4224149,13004800]},{"id":10829,"name":"Willow tree","type":10,"category":286,"actions":["Chop down"],"coordinates":[[8792,37224]],"size":[2,2,354],"rotations":[0],"colors":[4224149,13004800]},{"id":5594,"name":"Water wheel","type":10,"category":0,"actions":[],"coordinates":[[8794,37258]],"size":[1,1,256],"rotations":[0],"colors":[5540258,5143957]},{"id":362,"name":"Barrel","type":10,"category":0,"actions":[],"coordinates":[[8802,37254],[8826,37254]],"size":[1,1,96],"rotations":[0,0],"colors":[4936448,8158597]},{"id":1017,"name":"Shelves","type":10,"category":0,"actions":[],"coordinates":[[8806,37282],[8814,37282]],"size":[1,1,224],"rotations":[0,0],"colors":[2582393,4288637,1071980,5540258,8166573,8034473]},{"id":4641,"name":"Stacked barrels","type":10,"category":0,"actions":[],"coordinates":[[8806,37278]],"size":[1,1,112],"rotations":[0],"colors":[4936448,8158597,8684685,7566202]},{"id":26180,"name":"Cooking pot","type":10,"category":152,"actions":[],"coordinates":[[8806,37270]],"size":[1,1,256],"rotations":[0],"colors":[6381927,8674582,4390912,5723997,6508032,1068642,4013377,7039858,2763309,65536,2132927,2337495,2606313,2138559,1793696]},{"id":1535,"name":"Door","type":0,"category":0,"actions":["Open"],"coordinates":[[8806,37258],[8826,37266]],"size":[1,1,240],"rotations":[0,0],"colors":[3640494,1800346,4020837,6516344,3309728,1469331,3640494,1800346,4020837,6516344,3309728,1469331]},{"id":5598,"name":"Water Barrel","type":10,"category":241,"actions":[],"coordinates":[[8806,37250]],"size":[1,1,154],"rotations":[0],"colors":[9226240,2780551,5143957,10790320,9145493]},{"id":304,"name":"Hay bale","type":10,"category":0,"actions":["Search"],"coordinates":[[8806,37222]],"size":[1,1,64],"rotations":[0],"colors":[1065845,8216832]},{"id":1392,"name":"Plant","type":10,"category":0,"actions":[],"coordinates":[[8808,37152],[8820,37148],[8824,37136],[8856,37176],[8888,37128]],"size":[2,2,143],"rotations":[0,0,0,0,0],"colors":[9145493,8684685,8158597,11185077,10000803]},{"id":364,"name":"Barrel","type":10,"category":0,"actions":[],"coordinates":[[8810,37282],[8814,37238]],"size":[1,1,96],"rotations":[0,0],"colors":[10000803,11711164,4936448,8158597]},{"id":1088,"name":"Chair","type":11,"category":0,"actions":[],"coordinates":[[8810,37262],[8818,37262]],"size":[1,1,144],"rotations":[0,0],"colors":[2974350,2778759]},{"id":11695,"name":"Dairy churn","type":10,"category":1175,"actions":["Churn"],"coordinates":[[8810,37254]],"size":[1,1,125],"rotations":[0],"colors":[7635341,6720164,5538466,5142421,2579065,9146517,4026512]},{"id":5599,"name":"Water Barrel","type":10,"category":241,"actions":[],"coordinates":[[8810,37250]],"size":[1,1,154],"rotations":[0],"colors":[9226240,2780551,5143957,10790320,9145493]},{"id":298,"name":"Hay bales","type":10,"category":0,"actions":["Search"],"coordinates":[[8812,37222]],"size":[2,1,192],"rotations":[1],"colors":[8216832]},{"id":15704,"name":"Crate","type":10,"category":0,"actions":["Search"],"coordinates":[[8814,37310],[8818,37314],[8818,37310],[8822,37314]],"size":[1,1,87],"rotations":[0,0,0,0],"colors":[6453128,7048596,4938343,5666697,4214361,7048596,4938343,4214361,6453128,5666697]},{"id":1096,"name":"Rocking chair","type":11,"category":0,"actions":[],"coordinates":[[8814,37274]],"size":[1,1,148],"rotations":[0],"colors":[2974350]},{"id":598,"name":"Table","type":10,"category":155,"actions":[],"coordinates":[[8814,37262]],"size":[1,1,96],"rotations":[0],"colors":[2974350]},{"id":5610,"name":"Cooking Pots","type":10,"category":0,"actions":[],"coordinates":[[8814,37254]],"size":[1,1,62],"rotations":[0],"colors":[11185077]},{"id":5573,"name":"Coop","type":10,"category":1469,"actions":["Search"],"coordinates":[[8816,37226]],"size":[2,1,212],"rotations":[0],"colors":[2969177,13254912,5664393,10141136]},{"id":5574,"name":"Sack","type":10,"category":220,"actions":[],"coordinates":[[8814,37218],[8830,37222],[8838,37282],[8838,37238],[8842,37282],[8842,37222],[8894,37238],[8898,37238]],"size":[1,1,107],"rotations":[0,0,0,0,0,0,0,0],"colors":[4023671,8216832,6717581,5666697,5140094]},{"id":8175,"name":"null","type":10,"category":210,"actions":[],"coordinates":[[8814,37178],[8814,37174],[8814,37170],[8814,37166],[8814,37162],[8818,37178],[8818,37174],[8818,37170],[8818,37166],[8818,37162],[8822,37178],[8822,37174],[8822,37170],[8822,37166],[8822,37162],[8826,37178],[8826,37174],[8826,37170],[8826,37166],[8826,37162],[8830,37178],[8830,37174],[8830,37170],[8830,37166],[8830,37162]],"size":[1,1,0],"rotations":[0,0,0,0,0,0,0,0,0,0,0,0,0,0,0,0,0,0,0,0,0,0,0,0,0],"colors":[]},{"id":10820,"name":"Oak tree","type":10,"category":279,"actions":["Chop down"],"coordinates":[[8822,37362],[8850,37330],[8902,37346],[8946,37226]],"size":[3,3,435],"rotations":[0,0,0,0],"colors":[4017253,4419840]},{"id":300,"name":"Haystack","type":10,"category":0,"actions":["Search"],"coordinates":[[8820,37288]],"size":[2,2,227],"rotations":[0],"colors":[8216832,1065314,14543080,11133409]},{"id":888,"name":"Painting","type":5,"category":0,"actions":[],"coordinates":[[8818,37282]],"size":[1,1,227],"rotations":[0],"colors":[15677,13846272]},{"id":1013,"name":"Cooking shelves","type":10,"category":0,"actions":[],"coordinates":[[8818,37254]],"size":[1,1,208],"rotations":[0],"colors":[7116461,2582393,7039858,8684685,11711164,10461097,11185077,8158597,5143934]},{"id":5246,"name":"Bed","type":10,"category":0,"actions":[],"coordinates":[[8822,37276]],"size":[1,2,96],"rotations":[1],"colors":[1795482,2582393,6990537,9149864,10073017]},{"id":358,"name":"Crate","type":10,"category":0,"actions":["Search"],"coordinates":[[8822,37254]],"size":[1,1,160],"rotations":[0],"colors":[13254912]},{"id":5572,"name":"Coop","type":10,"category":1469,"actions":["Search"],"coordinates":[[8824,37226]],"size":[2,1,212],"rotations":[0],"colors":[2969177,13254912,5664393,10141136,10141136]},{"id":5579,"name":"Cart","type":10,"category":0,"actions":[],"coordinates":[[8824,37214]],"size":[2,3,188],"rotations":[3],"colors":[8216832,3766153,8158597,5997972]},{"id":1102,"name":"Stool","type":10,"category":0,"actions":[],"coordinates":[[8826,37282]],"size":[1,1,64],"rotations":[0],"colors":[2579065]},{"id":604,"name":"Table","type":10,"category":154,"actions":[],"coordinates":[[8826,37274]],"size":[1,1,114],"rotations":[0],"colors":[2582393,10003357,4938587,11185077,9479344,13254912]},{"id":683,"name":"Grandfather Clock","type":10,"category":0,"actions":[],"coordinates":[[8826,37262]],"size":[1,1,200],"rotations":[0],"colors":[8430513,6525088,16711422,65536,8243938,8112364]},{"id":359,"name":"Boxes","type":10,"category":0,"actions":["Search"],"coordinates":[[8826,37258]],"size":[1,1,100],"rotations":[0],"colors":[4936448]},{"id":309,"name":"Log pile","type":10,"category":0,"actions":[],"coordinates":[[8826,37250],[8830,37262],[8830,37258]],"size":[1,1,63],"rotations":[0,0,0],"colors":[4420768,10204093,4434900]},{"id":299,"name":"Hay bales","type":10,"category":0,"actions":["Search"],"coordinates":[[8832,37286]],"size":[2,1,128],"rotations":[0],"colors":[1065845,8216832]},{"id":5580,"name":"Wheelbarrow","type":11,"category":0,"actions":[],"coordinates":[[8832,37272],[8884,37240]],"size":[2,2,104],"rotations":[0,0],"colors":[3766153,2583936,9145493]},{"id":5581,"name":"Logs","type":10,"category":1217,"actions":["Take-axe"],"coordinates":[[8834,37246]],"size":[1,1,99],"rotations":[0],"colors":[4434900,4420768,1781932,11185077,2133684]},{"id":5571,"name":"Coop","type":10,"category":1469,"actions":["Search"],"coordinates":[[8836,37226]],"size":[2,1,212],"rotations":[0],"colors":[2969177,13254912,5664393]},{"id":5569,"name":"Dry stone wall","type":10,"category":0,"actions":[],"coordinates":[[8838,37142],[8838,37138]],"size":[1,1,35],"rotations":[0,0],"colors":[9145493,11185077,10000803]},{"id":1560,"name":"Gate","type":0,"category":0,"actions":["Open"],"coordinates":[[8850,37294],[8850,37250],[8870,37222],[8918,37362],[8954,37146]],"size":[1,1,144],"rotations":[0,0,0,0,0],"colors":[1798298,1798298,1798298]},{"id":1558,"name":"Gate","type":0,"category":0,"actions":["Open"],"coordinates":[[8850,37290],[8850,37246],[8870,37226],[8918,37366],[8950,37146]],"size":[1,1,144],"rotations":[0,0,0,0,0],"colors":[1798298,1798298,1798298]},{"id":5597,"name":"Weather vane","type":10,"category":0,"actions":[],"coordinates":[[8850,37282]],"size":[1,1,381],"rotations":[0],"colors":[1469331,11185077,7566202,10000803,8684685]},{"id":10790,"name":"Boulder","type":10,"category":0,"actions":[],"coordinates":[[8868,37152],[8872,37140],[8876,37320],[8952,37364]],"size":[2,2,87],"rotations":[0,0,0,0],"colors":[6178560]},{"id":5575,"name":"Trough","type":10,"category":0,"actions":[],"coordinates":[[8876,37290]],"size":[2,1,66],"rotations":[1],"colors":[2583936,3766153,6525088,8216832]},{"id":10791,"name":"Boulder","type":10,"category":0,"actions":[],"coordinates":[[8876,37156],[8896,37140]],"size":[2,2,53],"rotations":[0,0],"colors":[6178560]},{"id":5577,"name":"Trough","type":10,"category":0,"actions":[],"coordinates":[[8880,37274],[8908,37242]],"size":[2,1,66],"rotations":[1,2],"colors":[2583936,3766153,6525088,8216832]},{"id":296,"name":"Plough","type":10,"category":0,"actions":[],"coordinates":[[8898,37228]],"size":[3,2,118],"rotations":[0],"colors":[1472140,8684685]},{"id":8689,"name":"Dairy cow","type":10,"category":0,"actions":["Milk","Steal-cowbell"],"coordinates":[[8914,37328],[8922,37340]],"size":[1,2,150],"rotations":[2,2],"colors":[7637409,9148584,12041665,2582400,12830667,2969177,16460,4938587,11844559,10463168,9344684,5137773,4020837,11712444,5730424,4013377,13554132,6516344,6780540,10461097,7654364,7126477]},{"id":297,"name":"Scarecrow","type":10,"category":0,"actions":[],"coordinates":[[8934,37198]],"size":[1,1,200],"rotations":[0],"colors":[4028048,5744534,8439244,65536,4702689,5145783]},{"id":307,"name":"Cart","type":10,"category":0,"actions":[],"coordinates":[[8948,37154]],"size":[2,3,188],"rotations":[1],"colors":[3766153,5997972,8158597]}]