[{"id":29888,"name":"Crystal structure","type":10,"category":0,"actions":[],"coordinates":[[8794,27484],[8866,27444]],"size":[5,8,517],"rotations":[3,1],"colors":[]},{"id":29882,"name":"Large hole","type":10,"category":0,"actions":[],"coordinates":[[8794,27464],[8866,27464]],"size":[5,8,704],"rotations":[3,1],"colors":[]},{"id":29885,"name":"Large rock","type":10,"category":0,"actions":[],"coordinates":[[8794,27444],[8866,27484]],"size":[5,8,583],"rotations":[3,1],"colors":[]},{"id":29769,"name":"Tiny storage unit","type":10,"category":972,"actions":["Private","Build"],"coordinates":[[8818,27522],[8854,27522]],"size":[1,1,164],"rotations":[0,0],"colors":[]},{"id":30035,"name":"Carved head","type":10,"category":0,"actions":[],"coordinates":[[8822,27514],[8850,27514]],"size":[3,3,357],"rotations":[0,0],"colors":[]},{"id":29794,"name":"Large Crystal","type":10,"category":0,"actions":[],"coordinates":[[8824,27580],[8868,27544]],"size":[2,2,231],"rotations":[0,0],"colors":[]},{"id":29879,"name":"Mystical barrier","type":10,"category":0,"actions":["Pass","Quick-pass"],"coordinates":[[8836,27514]],"size":[4,1,491],"rotations":[2],"colors":[]},{"id":29778,"name":"Steps","type":10,"category":0,"actions":["Climb"],"coordinates":[[8832,27406]],"size":[2,3,455],"rotations":[2],"colors":[]},{"id":29996,"name":"Rope","type":10,"category":999,"actions":["Climb-up"],"coordinates":[[8834,27554]],"size":[1,3,291],"rotations":[2],"colors":[]},{"id":30018,"name":"Crystal","type":10,"category":0,"actions":[],"coordinates":[[8836,27432]],"size":[2,2,220],"rotations":[0],"colors":[]},{"id":30027,"name":"Crystal","type":10,"category":0,"actions":[],"coordinates":[[8838,27426]],"size":[1,1,161],"rotations":[0],"colors":[]}]