[{"id":366,"name":"Crate","type":10,"category":0,"actions":["Search"],"coordinates":[[8868,39182]],"size":[1,1,80],"rotations":[0],"colors":[13254912]},{"id":7392,"name":"Rolled up rugs","type":10,"category":0,"actions":[],"coordinates":[[8872,39176]],"size":[1,2,63],"rotations":[0],"colors":[4573405,7567289,4434900,3511974,2109620,4031995,2598885,12853335,13181879,12503253]},{"id":7393,"name":"Little tent","type":10,"category":0,"actions":[],"coordinates":[[8876,39186]],"size":[1,1,193],"rotations":[0],"colors":[8882876,8893116,2342355,15188890]},{"id":7391,"name":"Rolled up rug","type":10,"category":0,"actions":[],"coordinates":[[8880,39182]],"size":[1,1,23],"rotations":[0],"colors":[7567289,1463955,4573405,1795500,2334409,4434900,3511974]},{"id":44042,"name":"Gate","type":0,"category":0,"actions":["Open"],"coordinates":[[8888,39194]],"size":[1,1,240],"rotations":[0],"colors":[65536,7258577,6344417,6676715,7135723]},{"id":44035,"name":"Railing","type":0,"category":0,"actions":[],"coordinates":[[8888,39194],[8892,39194]],"size":[1,1,222],"rotations":[0,0],"colors":[6344417,7135723,7258577,6676715]},{"id":44043,"name":"Gate","type":0,"category":0,"actions":["Open"],"coordinates":[[8892,39194]],"size":[1,1,240],"rotations":[0],"colors":[65536,7258577,6344417,6676715,7135723]},{"id":20356,"name":"Ladder","type":10,"category":0,"actions":["Climb-up"],"coordinates":[[8944,39306],[8944,39278]],"size":[1,1,240],"rotations":[0,0],"colors":[2582400,2780551,2980238,4227477,4294299]}]