[{"id":1396,"name":"Cactus","type":10,"category":0,"actions":[],"coordinates":[[8710,38646],[8722,38586],[8726,38530],[8742,38482],[8758,38506],[8770,38466],[8810,38526],[8842,38410],[8886,38522],[8946,38502]],"size":[1,1,148],"rotations":[0,0,0,0,0,0,0,0,0,0],"colors":[1475683,1073762]},{"id":2670,"name":"Kharidian cactus (Healthy)","type":10,"category":1632,"actions":["Cut"],"coordinates":[[8714,38434],[8722,38446],[8726,38422],[8750,38422],[8870,38514],[8902,38538],[8902,38430],[8946,38478]],"size":[1,1,148],"rotations":[0,0,0,0,0,0,0,0],"colors":[1475683,1073762]},{"id":1403,"name":"Cactus","type":10,"category":0,"actions":[],"coordinates":[[8728,38580],[8784,38424],[8812,38428],[8852,38544],[8900,38588]],"size":[2,2,256],"rotations":[0,0,0,0,0],"colors":[1479542]},{"id":11192,"name":"Rockslide","type":10,"category":0,"actions":[],"coordinates":[[8732,38488],[8792,38492],[8812,38500],[8820,38640],[8904,38500],[8932,38588]],"size":[2,2,43],"rotations":[0,0,0,0,0,0],"colors":[5540258]},{"id":1405,"name":"Cactus","type":10,"category":0,"actions":[],"coordinates":[[8732,38452],[8732,38436],[8744,38556],[8796,38600],[8800,38632],[8920,38440],[8928,38520],[8936,38424],[8940,38548],[8952,38540]],"size":[2,2,169],"rotations":[0,0,0,0,0,0,0,0,0,0],"colors":[1475712,1073762]},{"id":1404,"name":"Cactus","type":10,"category":0,"actions":[],"coordinates":[[8744,38444],[8812,38448],[8836,38632],[8872,38412]],"size":[2,2,340],"rotations":[0,0,0,0],"colors":[1475683]},{"id":1406,"name":"Cactus","type":10,"category":0,"actions":[],"coordinates":[[8760,38536],[8908,38628],[8912,38480]],"size":[2,2,128],"rotations":[0,0,0],"colors":[1812119,12505301]},{"id":11190,"name":"Rockslide","type":10,"category":0,"actions":[],"coordinates":[[8800,38644],[8836,38460],[8872,38456],[8924,38588]],"size":[2,2,87],"rotations":[0,0,0,0],"colors":[5540258]},{"id":1397,"name":"Cactus","type":10,"category":0,"actions":[],"coordinates":[[8798,38586],[8806,38494],[8810,38642],[8846,38446],[8890,38474],[8930,38542]],"size":[1,1,130],"rotations":[0,0,0,0,0,0],"colors":[1475683,1073762,6859152]},{"id":1123,"name":"Bush","type":10,"category":0,"actions":[],"coordinates":[[8800,38556],[8820,38556]],"size":[2,2,137],"rotations":[0,0],"colors":[4214361]},{"id":11191,"name":"Rockslide","type":10,"category":0,"actions":[],"coordinates":[[8812,38636],[8820,38496],[8944,38592]],"size":[2,2,87],"rotations":[0,0,0],"colors":[5540258]},{"id":2671,"name":"Kharidian cactus (Dry)","type":10,"category":0,"actions":[],"coordinates":[[8810,38434],[8818,38430],[8846,38586],[8854,38590],[8870,38634],[8882,38626],[8886,38554]],"size":[1,1,130],"rotations":[0,0,0,0,0,0,0],"colors":[1475683,1073762,6859152]},{"id":11193,"name":"Rockslide","type":10,"category":0,"actions":[],"coordinates":[[8832,38644],[8840,38640],[8912,38584]],"size":[2,2,43],"rotations":[0,0,0],"colors":[5540258]},{"id":1122,"name":"Bush","type":10,"category":0,"actions":[],"coordinates":[[8864,38644],[8916,38596]],"size":[2,2,137],"rotations":[0,0],"colors":[4214361]}]