[{"id":1032,"name":"Danger sign","type":11,"category":0,"actions":[],"coordinates":[[8706,34994],[8722,34994]],"size":[1,1,148],"rotations":[0,0],"colors":[1468044,4686504,16711422]},{"id":1728,"name":"Gate","type":0,"category":0,"actions":["Open"],"coordinates":[[8710,35006]],"size":[1,1,240],"rotations":[0],"colors":[11185077,4390912,6381927,11185077,6381927,4390912]},{"id":1570,"name":"Gate","type":10,"category":0,"actions":[],"coordinates":[[8712,35005]],"size":[1,2,120],"rotations":[3],"colors":[11185077]},{"id":14675,"name":"Skeleton","type":10,"category":0,"actions":[],"coordinates":[[8716,35034],[8726,35031],[8786,34887]],"size":[2,1,56],"rotations":[0,1,1],"colors":[14474976,11185077]},{"id":1727,"name":"Gate","type":0,"category":0,"actions":["Open"],"coordinates":[[8714,35006]],"size":[1,1,240],"rotations":[0],"colors":[11185077,4390912,6381927,11185077,6381927,4390912]},{"id":14666,"name":"Tree","type":10,"category":0,"actions":[],"coordinates":[[8722,34926]],"size":[1,1,166],"rotations":[0],"colors":[1076076,1073762,2586745]},{"id":14738,"name":"Tree","type":10,"category":0,"actions":[],"coordinates":[[8726,35018],[8738,34990],[8750,35030],[8778,34998],[8814,35014],[8858,35054],[8858,34994],[8862,35026],[8890,35010]],"size":[1,1,366],"rotations":[0,0,0,0,0,0,0,0,0],"colors":[4934747,65536,4210764,2960701]},{"id":14673,"name":"Skeleton","type":10,"category":0,"actions":[],"coordinates":[[8734,35054],[8762,34878]],"size":[1,1,67],"rotations":[0,0],"colors":[14474976]},{"id":14665,"name":"Tree","type":10,"category":0,"actions":[],"coordinates":[[8734,34830],[8906,34826]],"size":[1,1,241],"rotations":[0,0],"colors":[2586745,1076076,1073762,1475674,1473868,1078589]},{"id":14683,"name":"Bones","type":10,"category":0,"actions":[],"coordinates":[[8740,34956]],"size":[2,2,44],"rotations":[0],"colors":[14474976]},{"id":14677,"name":"Bones","type":10,"category":0,"actions":[],"coordinates":[[8774,34978],[8802,34878]],"size":[1,1,25],"rotations":[0,0],"colors":[14474976]},{"id":14682,"name":"Bones","type":10,"category":0,"actions":[],"coordinates":[[8784,34988]],"size":[2,2,47],"rotations":[0],"colors":[14474976]},{"id":14676,"name":"Bones","type":10,"category":0,"actions":[],"coordinates":[[8782,34846]],"size":[1,1,54],"rotations":[0],"colors":[14474976]},{"id":14664,"name":"Tree","type":10,"category":0,"actions":[],"coordinates":[[8788,34944]],"size":[2,2,338],"rotations":[0],"colors":[1073762,1076076,2586745]},{"id":14684,"name":"Bones","type":10,"category":0,"actions":[],"coordinates":[[8820,34876]],"size":[2,2,51],"rotations":[0],"colors":[14474976]},{"id":14678,"name":"Bones","type":10,"category":0,"actions":[],"coordinates":[[8822,34902],[8826,34918]],"size":[1,1,44],"rotations":[0,0],"colors":[14474976]},{"id":14680,"name":"Bones","type":10,"category":0,"actions":[],"coordinates":[[8830,34986],[8842,34866]],"size":[1,1,21],"rotations":[0,0],"colors":[14474976]},{"id":14685,"name":"Bones","type":10,"category":0,"actions":[],"coordinates":[[8832,34828]],"size":[2,2,65],"rotations":[0],"colors":[14474976]},{"id":14679,"name":"Bones","type":10,"category":0,"actions":[],"coordinates":[[8850,34954],[8854,34954]],"size":[1,1,30],"rotations":[0,0],"colors":[14474976]},{"id":14681,"name":"Bones","type":10,"category":0,"actions":[],"coordinates":[[8876,34980]],"size":[2,2,60],"rotations":[0],"colors":[14474976]}]