[{"id":34792,"name":"Mysterious glow","type":10,"category":0,"actions":[],"coordinates":[[8798,31102],[8834,31042],[8870,31102]],"size":[1,1,296],"rotations":[0,0,0],"colors":[15396333]},{"id":43478,"name":"Portal","type":10,"category":0,"actions":["Use"],"coordinates":[[8802,31102],[8866,31102]],"size":[1,1,67],"rotations":[0,0],"colors":[9239548]},{"id":652,"name":"null","type":22,"category":1684,"actions":[],"coordinates":[[8802,31094],[8806,31110],[8806,31090],[8818,31074],[8826,31078],[8830,31130],[8834,31126],[8842,31074],[8850,31130],[8862,31114],[8862,31102],[8862,31090],[8866,31118]],"size":[1,1,0],"rotations":[0,0,0,0,0,0,0,0,0,0,0,0,0],"colors":[1451916]},{"id":653,"name":"null","type":22,"category":1684,"actions":[],"coordinates":[[8806,31086],[8806,31078],[8810,31094],[8814,31130],[8838,31130],[8866,31106],[8866,31098]],"size":[1,1,0],"rotations":[0,0,0,0,0,0,0],"colors":[1451916]},{"id":654,"name":"null","type":22,"category":1684,"actions":[],"coordinates":[[8810,31090],[8822,31078],[8826,31074],[8830,31050],[8834,31130],[8838,31050],[8862,31086]],"size":[1,1,0],"rotations":[0,0,0,0,0,0,0],"colors":[1451916]},{"id":43509,"name":"Pillar","type":10,"category":0,"actions":[],"coordinates":[[8818,31106],[8818,31098],[8838,31118],[8850,31098]],"size":[1,1,333],"rotations":[0,0,0,0],"colors":[6178560,65536]},{"id":43511,"name":"Pillar","type":10,"category":0,"actions":[],"coordinates":[[8818,31101],[8850,31101]],"size":[3,1,164],"rotations":[1,3],"colors":[6178560]},{"id":43513,"name":"Ruined Pillar","type":10,"category":0,"actions":[],"coordinates":[[8822,31114],[8838,31086],[8842,31078]],"size":[1,1,139],"rotations":[0,0,0],"colors":[4934480,6178560,5739008,65536]},{"id":43515,"name":"Ruined Pillar","type":10,"category":0,"actions":[],"coordinates":[[8822,31090]],"size":[1,1,44],"rotations":[0],"colors":[6178560,5739008,65536]},{"id":43519,"name":"Rubble","type":10,"category":0,"actions":[],"coordinates":[[8826,31122],[8834,31130],[8834,31078],[8838,31082]],"size":[1,1,49],"rotations":[0,0,0,0],"colors":[6178560]},{"id":43516,"name":"Pillar","type":10,"category":0,"actions":[],"coordinates":[[8830,31082],[8830,31125]],"size":[3,1,90],"rotations":[0,3],"colors":[6178560,5739008,65536]},{"id":43512,"name":"Ruined Pillar","type":10,"category":0,"actions":[],"coordinates":[[8830,31118],[8838,31078]],"size":[1,1,225],"rotations":[0,0],"colors":[6178560,5739008,4934480,65536]},{"id":43479,"name":"Altar","type":10,"category":0,"actions":["Craft-rune"],"coordinates":[[8834,31102]],"size":[3,3,150],"rotations":[0],"colors":[6178560,16711422,4013377,6710892,2967035]},{"id":43510,"name":"Pillar","type":10,"category":0,"actions":[],"coordinates":[[8830,31086],[8850,31106]],"size":[1,1,333],"rotations":[0,0],"colors":[6178560,65536]},{"id":43508,"name":"Skeleton","type":11,"category":0,"actions":[],"coordinates":[[8832,31054]],"size":[2,1,56],"rotations":[0],"colors":[14474976,11185077]},{"id":20665,"name":"Skeleton","type":11,"category":0,"actions":[],"coordinates":[[8834,31126]],"size":[1,1,67],"rotations":[0],"colors":[14474976]},{"id":20780,"name":"Skeleton","type":11,"category":0,"actions":[],"coordinates":[[8834,31086]],"size":[1,1,99],"rotations":[0],"colors":[14474976]},{"id":43514,"name":"Pillar","type":10,"category":0,"actions":[],"coordinates":[[8850,31094]],"size":[1,1,138],"rotations":[0],"colors":[4934480,6178560,5739008,65536]}]