[{"id":31561,"name":"Pillar","type":10,"category":0,"actions":["Jump to"],"coordinates":[[8714,9646]],"size":[1,1,1],"rotations":[0],"colors":[6381927,7039858,5723997,8158597,8684685,4934480,7566202,4013377,2763309]},{"id":43867,"name":"Rubble","type":10,"category":0,"actions":[],"coordinates":[[8870,9492]],"size":[3,2,115],"rotations":[0],"colors":[8421769,6710892,15132392]},{"id":40387,"name":"Blocked opening","type":10,"category":0,"actions":[],"coordinates":[[8870,9488]],"size":[3,2,240],"rotations":[0],"colors":[7039858,8158597,8684685,6381927,7566202,65536]},{"id":43868,"name":"Stairs","type":10,"category":0,"actions":["Climb-up"],"coordinates":[[8882,9568]],"size":[1,2,243],"rotations":[3],"colors":[8684685,7566202,8158597,6381927,7039858]}]