[{"id":14718,"name":"Mushroom","type":10,"category":0,"actions":[],"coordinates":[[8744,34774]],"size":[1,1,108],"rotations":[0],"colors":[5137773,4023630,2607584]},{"id":14707,"name":"Bones","type":10,"category":0,"actions":[],"coordinates":[[8776,34654],[8844,34666],[8900,34646]],"size":[1,1,25],"rotations":[0,0,0],"colors":[14474976]},{"id":11432,"name":"Rockslide","type":10,"category":0,"actions":[],"coordinates":[[8782,34628],[8794,34656],[8802,34616],[8822,34676],[8822,34636],[8858,34696],[8858,34668],[8862,34608],[8894,34604],[8910,34664],[8914,34596]],"size":[2,2,87],"rotations":[0,0,0,0,0,0,0,0,0,0,0],"colors":[5540258]},{"id":11435,"name":"Rockslide","type":10,"category":0,"actions":[],"coordinates":[[8786,34660],[8790,34676],[8790,34624],[8806,34640],[8814,34696],[8814,34636],[8814,34612],[8834,34700],[8850,34608],[8870,34616],[8874,34696],[8882,34612],[8894,34680],[8894,34632],[8906,34604],[8918,34660],[8922,34596]],"size":[2,2,43],"rotations":[0,0,0,0,0,0,0,0,0,0,0,0,0,0,0,0,0],"colors":[5540258]},{"id":14706,"name":"Bones","type":10,"category":0,"actions":[],"coordinates":[[8792,34646],[8840,34674]],"size":[1,1,54],"rotations":[0,0],"colors":[14474976]},{"id":1728,"name":"Gate","type":0,"category":0,"actions":["Open"],"coordinates":[[8800,34814]],"size":[1,1,240],"rotations":[0],"colors":[11185077,4390912,6381927,11185077,6381927,4390912]},{"id":1727,"name":"Gate","type":0,"category":0,"actions":["Open"],"coordinates":[[8804,34814]],"size":[1,1,240],"rotations":[0],"colors":[11185077,4390912,6381927,11185077,6381927,4390912]},{"id":14719,"name":"Mushroom","type":10,"category":0,"actions":[],"coordinates":[[8812,34798]],"size":[1,1,105],"rotations":[0],"colors":[65536,6518648,2613386]},{"id":14704,"name":"Skeleton","type":10,"category":0,"actions":[],"coordinates":[[8816,34662],[8840,34654],[8876,34654]],"size":[1,1,99],"rotations":[0,0,0],"colors":[14474976]},{"id":14703,"name":"Skeleton","type":10,"category":0,"actions":[],"coordinates":[[8820,34654],[8872,34646],[8912,34634]],"size":[1,1,67],"rotations":[0,0,0],"colors":[14474976]},{"id":14708,"name":"Bones","type":10,"category":0,"actions":[],"coordinates":[[8820,34646],[8864,34646],[8916,34630]],"size":[1,1,44],"rotations":[0,0,0],"colors":[14474976]},{"id":26762,"name":"Cavern","type":10,"category":0,"actions":["Enter"],"coordinates":[[8834,34684],[8834,34624],[8874,34632]],"size":[4,2,238],"rotations":[2,0,0],"colors":[1468044,1463165,65536,4157,1054297,1059436]},{"id":14709,"name":"Bones","type":10,"category":0,"actions":[],"coordinates":[[8828,34658],[8852,34654],[8928,34622]],"size":[1,1,30],"rotations":[0,0,0],"colors":[14474976]},{"id":14705,"name":"Skeleton","type":10,"category":0,"actions":[],"coordinates":[[8834,34646]],"size":[2,1,56],"rotations":[0],"colors":[14474976,11185077]},{"id":11433,"name":"Rockslide","type":10,"category":0,"actions":[],"coordinates":[[8834,34608],[8878,34688],[8930,34652]],"size":[2,2,87],"rotations":[0,0,0],"colors":[5540258]},{"id":11434,"name":"Rockslide","type":10,"category":0,"actions":[],"coordinates":[[8870,34664],[8910,34644],[8918,34620],[8926,34632],[8938,34624],[8938,34608]],"size":[2,2,43],"rotations":[0,0,0,0,0,0],"colors":[5540258]},{"id":14710,"name":"Bones","type":10,"category":0,"actions":[],"coordinates":[[8888,34658],[8892,34642]],"size":[1,1,21],"rotations":[0,0],"colors":[14474976]},{"id":14720,"name":"Mushroom","type":10,"category":0,"actions":[],"coordinates":[[8896,34726]],"size":[1,1,77],"rotations":[0],"colors":[1466756,65536,15132903]},{"id":14721,"name":"Mushroom","type":10,"category":0,"actions":[],"coordinates":[[8928,34782]],"size":[1,1,124],"rotations":[0],"colors":[4020837,4938587,5988962]}]