[{"id":6642,"name":"Wall","type":0,"category":0,"actions":[],"coordinates":[[9000,13742],[9152,13710]],"size":[1,1,240],"rotations":[0,0],"colors":[8893116,9287107,7119533,65536,8168621,8563893,1073781,4031120,5543586]},{"id":579,"name":"Statue","type":11,"category":0,"actions":[],"coordinates":[[9008,13662],[9008,13638],[9052,13662],[9052,13638],[9104,13662],[9104,13638],[9148,13662],[9148,13638]],"size":[1,1,230],"rotations":[0,0,0,0,0,0,0,0],"colors":[10467776,6178560]},{"id":6645,"name":"Ladder","type":10,"category":0,"actions":["Climb-up"],"coordinates":[[9012,13742]],"size":[1,1,224],"rotations":[0],"colors":[9880796]},{"id":44059,"name":"Door","type":0,"category":0,"actions":["Open"],"coordinates":[[9024,13634]],"size":[1,1,15],"rotations":[0],"colors":[8168621,8563893,8893116,9287107]},{"id":614,"name":"Table","type":10,"category":169,"actions":[],"coordinates":[[9030,13650]],"size":[1,2,108],"rotations":[1],"colors":[6178560,9480880]},{"id":580,"name":"Statue","type":11,"category":0,"actions":[],"coordinates":[[9060,13614],[9096,13614]],"size":[1,1,212],"rotations":[0,0],"colors":[10467776,6178560]},{"id":6644,"name":"Ceremonial table","type":10,"category":0,"actions":[],"coordinates":[[9126,13650]],"size":[1,2,108],"rotations":[3],"colors":[6178560,9480880]},{"id":44060,"name":"Door","type":0,"category":0,"actions":["Open"],"coordinates":[[9128,13634]],"size":[1,1,15],"rotations":[0],"colors":[8168621,8563893,8893116,9287107]},{"id":6646,"name":"Closed chest","type":10,"category":0,"actions":["Open"],"coordinates":[[9148,13678]],"size":[1,1,128],"rotations":[0],"colors":[2144441,9145493,13254912]}]