[{"id":14565,"name":"Tree","type":10,"category":0,"actions":[],"coordinates":[[8962,35590],[8966,35742],[8978,35602],[9002,35590],[9010,35734]],"size":[1,1,343],"rotations":[0,0,0,0,0],"colors":[]},{"id":14567,"name":"Tree Stump","type":10,"category":0,"actions":[],"coordinates":[[8966,35726],[8978,35682],[8982,35718],[8986,35654],[9102,35590],[9130,35598],[9198,35594]],"size":[1,1,50],"rotations":[0,0,0,0,0,0,0],"colors":[]},{"id":14566,"name":"Tree","type":10,"category":0,"actions":[],"coordinates":[[8970,35606],[8974,35594],[8978,35726],[8986,35590],[8998,35750]],"size":[1,1,254],"rotations":[0,0,0,0,0],"colors":[]},{"id":14606,"name":"Bones","type":10,"category":0,"actions":[],"coordinates":[[8998,35802],[9022,35798],[9058,35838]],"size":[1,1,25],"rotations":[0,0,0],"colors":[]},{"id":14609,"name":"Bones","type":10,"category":0,"actions":[],"coordinates":[[9002,35790],[9018,35794],[9062,35830]],"size":[1,1,21],"rotations":[0,0,0],"colors":[]},{"id":14588,"name":"Mushroom","type":10,"category":0,"actions":[],"coordinates":[[9002,35706]],"size":[1,1,208],"rotations":[0],"colors":[]},{"id":14607,"name":"Bones","type":10,"category":0,"actions":[],"coordinates":[[9006,35798],[9022,35790]],"size":[1,1,44],"rotations":[0,0],"colors":[]},{"id":14590,"name":"Mushroom","type":10,"category":0,"actions":[],"coordinates":[[9010,35674]],"size":[1,1,131],"rotations":[0],"colors":[]},{"id":14608,"name":"Bones","type":10,"category":0,"actions":[],"coordinates":[[9014,35802],[9054,35826]],"size":[1,1,30],"rotations":[0,0],"colors":[]},{"id":14589,"name":"Mushroom","type":10,"category":0,"actions":[],"coordinates":[[9018,35686]],"size":[1,1,109],"rotations":[0],"colors":[]},{"id":14603,"name":"Skeleton","type":10,"category":0,"actions":[],"coordinates":[[9022,35802],[9062,35810]],"size":[1,1,99],"rotations":[0,0],"colors":[]},{"id":14573,"name":"Skeleton","type":10,"category":0,"actions":[],"coordinates":[[9022,35722]],"size":[1,1,67],"rotations":[0],"colors":[]},{"id":14621,"name":"Mushroom","type":10,"category":0,"actions":[],"coordinates":[[9030,35802]],"size":[1,1,142],"rotations":[0],"colors":[]},{"id":14738,"name":"Tree","type":10,"category":0,"actions":[],"coordinates":[[9038,35638],[9046,35798],[9050,35750],[9058,35778],[9058,35686],[9074,35806],[9074,35750],[9086,35698],[9094,35654],[9102,35638],[9138,35830],[9154,35634],[9166,35802],[9174,35638],[9186,35794]],"size":[1,1,366],"rotations":[0,0,0,0,0,0,0,0,0,0,0,0,0,0,0],"colors":[]},{"id":14582,"name":"Bones","type":10,"category":0,"actions":[],"coordinates":[[9048,35668]],"size":[2,2,47],"rotations":[0],"colors":[]},{"id":666,"name":"Corpse","type":10,"category":0,"actions":[],"coordinates":[[9056,35814]],"size":[2,1,56],"rotations":[2],"colors":[]},{"id":14602,"name":"Skeleton","type":10,"category":0,"actions":[],"coordinates":[[9066,35806],[9070,35826]],"size":[1,1,67],"rotations":[0,0],"colors":[]},{"id":9000,"name":"Young tree","type":10,"category":0,"actions":["Set-trap"],"coordinates":[[9082,35754],[9082,35742],[9086,35722],[9090,35766],[9098,35734],[9102,35750]],"size":[1,1,279],"rotations":[0,0,0,0,0,0],"colors":[]},{"id":14579,"name":"Bones","type":10,"category":0,"actions":[],"coordinates":[[9110,35718]],"size":[1,1,30],"rotations":[0],"colors":[]},{"id":14585,"name":"Bones","type":10,"category":0,"actions":[],"coordinates":[[9176,35672]],"size":[2,2,65],"rotations":[0],"colors":[]}]