[{"id":14738,"name":"Tree","type":10,"category":0,"actions":[],"coordinates":[[8974,34998],[8982,35034],[9010,34982],[9042,34966],[9074,34942],[9114,34954],[9138,34994],[9150,34938],[9158,35010],[9166,35042],[9194,34974],[9198,35022]],"size":[1,1,366],"rotations":[0,0,0,0,0,0,0,0,0,0,0,0],"colors":[4934747,65536,4210764,2960701]},{"id":14681,"name":"Bones","type":10,"category":0,"actions":[],"coordinates":[[8984,34912],[9172,34856]],"size":[2,2,60],"rotations":[0,0],"colors":[14474976]},{"id":14676,"name":"Bones","type":10,"category":0,"actions":[],"coordinates":[[8982,34850],[9182,34858]],"size":[1,1,54],"rotations":[0,0],"colors":[14474976]},{"id":666,"name":"Corpse","type":10,"category":0,"actions":[],"coordinates":[[9006,34903],[9030,34859],[9060,34890]],"size":[2,1,56],"rotations":[3,1,2],"colors":[14474976,11185077]},{"id":14677,"name":"Bones","type":10,"category":0,"actions":[],"coordinates":[[9010,34838],[9162,34850]],"size":[1,1,25],"rotations":[0,0],"colors":[14474976]},{"id":664,"name":"Corpse","type":10,"category":0,"actions":[],"coordinates":[[9022,34874],[9026,34902],[9066,34894],[9090,34894]],"size":[1,1,67],"rotations":[0,0,0,0],"colors":[14474976]},{"id":14680,"name":"Bones","type":10,"category":0,"actions":[],"coordinates":[[9026,34946],[9146,35010],[9170,34866]],"size":[1,1,21],"rotations":[0,0,0],"colors":[14474976]},{"id":665,"name":"Corpse","type":10,"category":0,"actions":[],"coordinates":[[9026,34890],[9050,34878],[9074,34878]],"size":[1,1,99],"rotations":[0,0,0],"colors":[14474976]},{"id":667,"name":"Corpse","type":10,"category":0,"actions":[],"coordinates":[[9050,34883],[9082,34859]],"size":[2,1,99],"rotations":[1,3],"colors":[7566202,10790320,14474976]},{"id":703,"name":"Large bone","type":10,"category":0,"actions":[],"coordinates":[[9058,34874],[9062,34886]],"size":[1,1,20],"rotations":[0,0],"colors":[16316664]},{"id":14678,"name":"Bones","type":10,"category":0,"actions":[],"coordinates":[[9062,34866],[9158,34862]],"size":[1,1,44],"rotations":[0,0],"colors":[14474976]},{"id":14679,"name":"Bones","type":10,"category":0,"actions":[],"coordinates":[[9066,34882],[9162,34878]],"size":[1,1,30],"rotations":[0,0],"colors":[14474976]},{"id":47145,"name":"Signpost","type":10,"category":0,"actions":[],"coordinates":[[9070,35038]],"size":[1,1,168],"rotations":[0],"colors":[5997972,6525088,7039858,4947600,7566202,12899545,9348780]},{"id":47140,"name":"Cave Entrance","type":10,"category":0,"actions":["Enter","Peek","Check-Fee"],"coordinates":[[9078,35027]],"size":[4,5,287],"rotations":[3],"colors":[4934480,4013377,5723997,2763309,5987170,65536,6710892,2960701,4210764,4934747,6381927,4934503,4211033,1054297]},{"id":14687,"name":"Bones","type":10,"category":0,"actions":[],"coordinates":[[9070,34870]],"size":[1,3,176],"rotations":[0],"colors":[14474976]},{"id":14686,"name":"Bones","type":10,"category":0,"actions":[],"coordinates":[[9074,34870]],"size":[1,3,176],"rotations":[2],"colors":[14474976]},{"id":14675,"name":"Skeleton","type":10,"category":0,"actions":[],"coordinates":[[9180,34858]],"size":[2,1,56],"rotations":[0],"colors":[14474976,11185077]},{"id":14674,"name":"Skeleton","type":10,"category":0,"actions":[],"coordinates":[[9182,34846]],"size":[1,1,99],"rotations":[0],"colors":[14474976]}]