[{"id":2078,"name":"Banana tree","type":10,"category":0,"actions":["Search"],"coordinates":[[8962,38876],[8970,38832],[9054,38772],[9058,38844],[9114,38740]],"size":[2,2,382],"rotations":[0,0,0,0,0],"colors":[2139833,1802918,8043875,5343018]},{"id":1406,"name":"Cactus","type":10,"category":0,"actions":[],"coordinates":[[9006,38708],[9082,38888],[9122,38676],[9162,38852]],"size":[2,2,128],"rotations":[0,0,0,0],"colors":[1812119,12505301]},{"id":5605,"name":"Rock","type":10,"category":0,"actions":[],"coordinates":[[9016,38834]],"size":[1,1,56],"rotations":[0],"colors":[11185077,15592170,11185077,15592170]},{"id":5606,"name":"Rock","type":10,"category":0,"actions":[],"coordinates":[[9054,38820]],"size":[2,2,17],"rotations":[0],"colors":[11185077,15592170]}]