[{"id":1406,"name":"Cactus","type":10,"category":0,"actions":[],"coordinates":[[8976,38524],[9020,38432],[9068,38560],[9108,38416]],"size":[2,2,128],"rotations":[0,0,0,0],"colors":[1812119,12505301]},{"id":1405,"name":"Cactus","type":10,"category":0,"actions":[],"coordinates":[[8988,38600],[8996,38588],[9152,38608]],"size":[2,2,169],"rotations":[0,0,0],"colors":[1475712,1073762]},{"id":2670,"name":"Kharidian cactus (Healthy)","type":10,"category":1632,"actions":["Cut"],"coordinates":[[8986,38506],[8998,38618],[9062,38594],[9094,38534],[9166,38562]],"size":[1,1,148],"rotations":[0,0,0,0,0],"colors":[1475683,1073762]},{"id":1123,"name":"Bush","type":10,"category":0,"actions":[],"coordinates":[[9008,38556],[9056,38424],[9124,38540],[9204,38448]],"size":[2,2,137],"rotations":[0,0,0,0],"colors":[4214361]},{"id":1396,"name":"Cactus","type":10,"category":0,"actions":[],"coordinates":[[9042,38518],[9070,38586],[9082,38594],[9138,38562]],"size":[1,1,148],"rotations":[0,0,0,0],"colors":[1475683,1073762]},{"id":1403,"name":"Cactus","type":10,"category":0,"actions":[],"coordinates":[[9060,38512],[9072,38596]],"size":[2,2,256],"rotations":[0,0],"colors":[1479542]},{"id":6279,"name":"Smokey well","type":11,"category":0,"actions":["Climb-down","Smoke"],"coordinates":[[9146,38582]],"size":[1,1,203],"rotations":[0],"colors":[7566202,2775909,65536,9289155,8082944,1073781,1470596]}]