[{"id":29769,"name":"Tiny storage unit","type":10,"category":972,"actions":["Private","Build"],"coordinates":[[9244,28598]],"size":[1,1,164],"rotations":[0],"colors":[5996692,6523808,2579065,3764617,11581,1065049,2582400]},{"id":29765,"name":"Herb patch","type":10,"category":997,"actions":["Inspect"],"coordinates":[[9248,28638],[9252,28638]],"size":[1,1,0],"rotations":[0,0],"colors":[65536]},{"id":29889,"name":"Bubbles","type":10,"category":1001,"actions":["Fish"],"coordinates":[[9252,28618],[9276,28586],[9284,28650]],"size":[1,1,6],"rotations":[0,0,0],"colors":[7239767,9015671,4017152,5924157,12962218,12173450,14737616,13686439]},{"id":29771,"name":"Old tools","type":10,"category":0,"actions":["Take","Take Rake","Take Spade","Take Seed Dibber"],"coordinates":[[9256,28646]],"size":[1,1,209],"rotations":[0],"colors":[11186357,2582400,3174549,11185077,10790320,12040385,10462377]},{"id":29878,"name":"Geyser","type":10,"category":0,"actions":["Use"],"coordinates":[[9306,28612]],"size":[2,2,362],"rotations":[0],"colors":[6776395,5855040,7171150,5262890,9871748,15592170,16448250,8426603,7175771,15451648]},{"id":29772,"name":"Gourd tree","type":10,"category":0,"actions":["Pick","Pick-lots"],"coordinates":[[9306,28584]],"size":[2,2,265],"rotations":[0],"colors":[3895409,5671305,7831166,8423817,5732461,7836040,1473878,2971980]},{"id":29763,"name":"Sapling","type":10,"category":995,"actions":["Chop"],"coordinates":[[9312,28614],[9324,28602]],"size":[1,1,289],"rotations":[0,0],"colors":[1068652,1071989]},{"id":30066,"name":"Energy well","type":22,"category":0,"actions":["Touch"],"coordinates":[[9316,28598]],"size":[1,1,15],"rotations":[0],"colors":[9698300,5000256,5986891,3889777]}]