[{"id":2670,"name":"Kharidian cactus (Healthy)","type":10,"category":1632,"actions":["Cut"],"coordinates":[[9240,39090],[9272,38986],[9432,38942]],"size":[1,1,148],"rotations":[0,0,0],"colors":[1475683,1073762]},{"id":11948,"name":"Climbing rocks","type":22,"category":0,"actions":["Climb"],"coordinates":[[9244,39126],[9244,39122],[9244,39118],[9244,39114],[9252,39126],[9252,39122],[9252,39118],[9252,39114]],"size":[1,1,36],"rotations":[0,0,0,0,0,0,0,0],"colors":[5540258]},{"id":1406,"name":"Cactus","type":10,"category":0,"actions":[],"coordinates":[[9286,38932]],"size":[2,2,128],"rotations":[0],"colors":[1812119,12505301]},{"id":11949,"name":"Climbing rocks","type":22,"category":0,"actions":["Climb"],"coordinates":[[9300,39122],[9300,39118],[9300,39114],[9308,39122],[9308,39118],[9308,39114]],"size":[1,1,36],"rotations":[0,0,0,0,0,0],"colors":[5540258]},{"id":10857,"name":"Stairs","type":10,"category":0,"actions":["Climb-up"],"coordinates":[[9322,39104]],"size":[2,2,266],"rotations":[0],"colors":[9552347,8171465,10800096]},{"id":10858,"name":"Stairs","type":10,"category":0,"actions":["Climb-down"],"coordinates":[[9322,39104]],"size":[2,2,0],"rotations":[0],"colors":[15394272]},{"id":10865,"name":"Low wall","type":10,"category":0,"actions":["Climb-over"],"coordinates":[[9322,39034]],"size":[1,2,135],"rotations":[1],"colors":[9552347,8171465]},{"id":29022,"name":"null","type":10,"category":960,"actions":["Build","Search"],"coordinates":[[9332,39110]],"size":[1,1,0],"rotations":[0],"colors":[]},{"id":10864,"name":"Gap","type":4,"category":0,"actions":["Cross"],"coordinates":[[9372,39102]],"size":[1,1,227],"rotations":[0],"colors":[5723997]},{"id":10863,"name":"Gap","type":4,"category":0,"actions":["Cross"],"coordinates":[[9392,39102]],"size":[1,1,227],"rotations":[0],"colors":[5723997]},{"id":44074,"name":"Cactus","type":10,"category":0,"actions":[],"coordinates":[[9400,39166],[9428,39158],[9436,39154],[9456,39102],[9468,39066]],"size":[1,1,113],"rotations":[0,0,0,0,0],"colors":[6001799,4946030,6000532,5866895,5669001,5142142,4944248,6001804,5671297,5869447,5144183,7581113]},{"id":44068,"name":"Cactus","type":10,"category":0,"actions":[],"coordinates":[[9412,39166],[9436,39158]],"size":[1,1,364],"rotations":[0,0],"colors":[6001556,5671305,5869199,5143934,4945784,5866895,5669001,5142142,4944248,6859172,7581113]},{"id":44071,"name":"Cactus","type":10,"category":0,"actions":[],"coordinates":[[9420,39154],[9452,39130]],"size":[1,1,351],"rotations":[0,0],"colors":[6859172,6000532,6001799,4946030,6529170,7581113]},{"id":44072,"name":"Cactus","type":10,"category":0,"actions":[],"coordinates":[[9428,39154],[9448,39118]],"size":[1,1,407],"rotations":[0,0],"colors":[6000532,6859172,5866895,5669001,5142142,4944248,7581113]},{"id":44075,"name":"Cactus","type":10,"category":0,"actions":[],"coordinates":[[9428,39146],[9468,39054]],"size":[1,1,147],"rotations":[0,0],"colors":[6859172,5347990,5744546,7581113]},{"id":44070,"name":"Cactus","type":10,"category":0,"actions":[],"coordinates":[[9432,39150]],"size":[1,1,420],"rotations":[0],"colors":[6859172,7581113]},{"id":44069,"name":"Cactus","type":10,"category":0,"actions":[],"coordinates":[[9456,39134],[9464,39090]],"size":[1,1,347],"rotations":[0,0],"colors":[6000532,6859172,7581113]},{"id":12246,"name":"Skeleton","type":10,"category":0,"actions":[],"coordinates":[[9460,39122],[9468,39142]],"size":[1,1,67],"rotations":[0,0],"colors":[14474976]},{"id":44073,"name":"Cactus","type":10,"category":0,"actions":[],"coordinates":[[9460,39098],[9468,39062]],"size":[1,1,297],"rotations":[0,0],"colors":[6000532,6859172,6001804,5671297,5869447,5144183,7581113]}]