[{"id":1123,"name":"Bush","type":10,"category":0,"actions":[],"coordinates":[[9322,39696],[9394,39708]],"size":[2,2,137],"rotations":[0,0],"colors":[4214361]},{"id":44225,"name":"Plant","type":10,"category":0,"actions":[],"coordinates":[[9328,39702]],"size":[1,1,133],"rotations":[0],"colors":[11185077,7039858,10000803,9145493,8684685,8158597]},{"id":44226,"name":"Plant","type":10,"category":0,"actions":[],"coordinates":[[9332,39690],[9388,39706],[9448,39694]],"size":[1,1,133],"rotations":[0,0,0],"colors":[11185077,7039858,10000803,9145493,8684685,8158597]},{"id":44224,"name":"Plant","type":10,"category":0,"actions":[],"coordinates":[[9396,39710]],"size":[1,1,133],"rotations":[0],"colors":[11185077,7039858,10000803,9145493,8684685,8158597]},{"id":44223,"name":"Plant","type":10,"category":0,"actions":[],"coordinates":[[9400,39702]],"size":[1,1,133],"rotations":[0],"colors":[11185077,7039858,10000803,9145493,8684685,8158597]},{"id":44029,"name":"Kharidian cactus (Healthy)","type":10,"category":1632,"actions":["Cut"],"coordinates":[[9432,39698]],"size":[1,1,148],"rotations":[0],"colors":[1475683,1073762]}]