[{"id":14680,"name":"Bones","type":10,"category":0,"actions":[],"coordinates":[[9218,34978],[9242,34842],[9262,35014]],"size":[1,1,21],"rotations":[0,0,0],"colors":[14474976]},{"id":14679,"name":"Bones","type":10,"category":0,"actions":[],"coordinates":[[9234,34878],[9254,34942]],"size":[1,1,30],"rotations":[0,0],"colors":[14474976]},{"id":14678,"name":"Bones","type":10,"category":0,"actions":[],"coordinates":[[9246,34910],[9274,34906]],"size":[1,1,44],"rotations":[0,0],"colors":[14474976]},{"id":14677,"name":"Bones","type":10,"category":0,"actions":[],"coordinates":[[9246,34882],[9274,34926]],"size":[1,1,25],"rotations":[0,0],"colors":[14474976]},{"id":1728,"name":"Gate","type":0,"category":0,"actions":["Open"],"coordinates":[[9250,34846]],"size":[1,1,240],"rotations":[0],"colors":[11185077,4390912,6381927,11185077,6381927,4390912]},{"id":1727,"name":"Gate","type":0,"category":0,"actions":["Open"],"coordinates":[[9254,34846]],"size":[1,1,240],"rotations":[0],"colors":[11185077,4390912,6381927,11185077,6381927,4390912]},{"id":14556,"name":"Stone Pile","type":10,"category":0,"actions":[],"coordinates":[[9338,34886],[9338,34866],[9358,34834],[9366,34910],[9366,34854],[9370,34866],[9390,34874],[9406,34906],[9410,34886]],"size":[1,1,53],"rotations":[0,0,0,0,0,0,0,0,0],"colors":[6712422]},{"id":14557,"name":"Stone Pile","type":10,"category":0,"actions":[],"coordinates":[[9346,34898],[9370,34878],[9374,34890],[9374,34834],[9382,34846],[9390,34858],[9442,34910]],"size":[1,1,53],"rotations":[0,0,0,0,0,0,0],"colors":[6712422]},{"id":26782,"name":"null","type":10,"category":1213,"actions":[],"coordinates":[[9402,34858]],"size":[3,3,0],"rotations":[0],"colors":[]}]