[{"id":4053,"name":"Tree","type":10,"category":0,"actions":[],"coordinates":[[9440,30014],[9440,30010],[9440,30006],[9440,30002],[9440,29998],[9444,30014],[9444,29998],[9448,30014],[9448,29998],[9452,30014],[9452,29998],[9452,29994],[9452,29990],[9452,29986],[9456,30014],[9456,30010],[9456,30006],[9456,30002],[9456,29986],[9460,30002],[9460,29986],[9464,30002],[9464,29986],[9468,30002],[9468,29998],[9468,29994],[9468,29990],[9468,29986]],"size":[1,1,532],"rotations":[0,0,0,0,0,0,0,0,0,0,0,0,0,0,0,0,0,0,0,0,0,0,0,0,0,0,0,0],"colors":[8430513,1812119]},{"id":4054,"name":"Tree","type":10,"category":0,"actions":[],"coordinates":[[9444,29990],[9448,30006],[9460,29994],[9464,30010]],"size":[3,3,608],"rotations":[0,0,0,0],"colors":[8430513]},{"id":11427,"name":"Rockslide","type":10,"category":0,"actions":[],"coordinates":[[9442,29980],[9450,29972],[9458,29964]],"size":[2,2,87],"rotations":[0,0,0],"colors":[5540258]},{"id":11428,"name":"Rockslide","type":10,"category":0,"actions":[],"coordinates":[[9442,29972],[9450,29980],[9458,29956],[9466,29972]],"size":[2,2,43],"rotations":[0,0,0,0],"colors":[5540258]},{"id":11426,"name":"Rockslide","type":10,"category":0,"actions":[],"coordinates":[[9442,29964],[9450,29956],[9458,29980],[9466,29964],[9466,29956]],"size":[2,2,87],"rotations":[0,0,0,0,0],"colors":[5540258]},{"id":11431,"name":"Rockslide","type":10,"category":0,"actions":[],"coordinates":[[9442,29956],[9450,29964],[9458,29972],[9466,29980]],"size":[2,2,43],"rotations":[0,0,0,0],"colors":[5540258]},{"id":684,"name":"Swamp bubbles","type":10,"category":0,"actions":["Suck"],"coordinates":[[9444,30038],[9460,30022]],"size":[1,1,8],"rotations":[0,0],"colors":[6518859,65536]},{"id":1366,"name":"Roots","type":10,"category":0,"actions":[],"coordinates":[[9444,30026]],"size":[1,1,81],"rotations":[0],"colors":[1068652]},{"id":14703,"name":"Skeleton","type":10,"category":0,"actions":[],"coordinates":[[9448,30062]],"size":[1,1,67],"rotations":[0],"colors":[14474976]},{"id":1364,"name":"Roots","type":10,"category":0,"actions":[],"coordinates":[[9460,30038]],"size":[3,3,152],"rotations":[0],"colors":[1068652]},{"id":14705,"name":"Skeleton","type":10,"category":0,"actions":[],"coordinates":[[9462,30054]],"size":[2,1,56],"rotations":[2],"colors":[14474976,11185077]}]