[{"id":14673,"name":"Skeleton","type":10,"category":0,"actions":[],"coordinates":[[9256,34586],[9264,34594],[9296,34594],[9360,34590]],"size":[1,1,67],"rotations":[0,0,0,0],"colors":[14474976]},{"id":14674,"name":"Skeleton","type":10,"category":0,"actions":[],"coordinates":[[9260,34590],[9284,34606],[9284,34602],[9304,34598],[9356,34566],[9364,34586]],"size":[1,1,99],"rotations":[0,0,0,0,0,0],"colors":[14474976]},{"id":14602,"name":"Skeleton","type":10,"category":0,"actions":[],"coordinates":[[9296,34718],[9316,34650],[9320,34762],[9356,34610],[9392,34754],[9400,34618],[9416,34686]],"size":[1,1,67],"rotations":[0,0,0,0,0,0,0],"colors":[14474976]},{"id":14675,"name":"Skeleton","type":10,"category":0,"actions":[],"coordinates":[[9306,34702],[9356,34584]],"size":[2,1,56],"rotations":[0,1],"colors":[14474976,11185077]},{"id":14603,"name":"Skeleton","type":10,"category":0,"actions":[],"coordinates":[[9340,34762],[9348,34694],[9364,34654],[9396,34694],[9404,34634],[9416,34722]],"size":[1,1,99],"rotations":[0,0,0,0,0,0],"colors":[14474976]},{"id":14573,"name":"Skeleton","type":10,"category":0,"actions":[],"coordinates":[[9364,34662]],"size":[1,1,67],"rotations":[0],"colors":[14474976]},{"id":26755,"name":"Volcanic Forge","type":10,"category":0,"actions":[],"coordinates":[[9368,34682],[9372,34682]],"size":[1,1,0],"rotations":[0,0],"colors":[7727100]},{"id":29020,"name":"null","type":10,"category":960,"actions":["Build","Search"],"coordinates":[[9376,34710]],"size":[1,1,0],"rotations":[0],"colors":[]}]