[{"id":1278,"name":"Tree","type":10,"category":189,"actions":["Chop down"],"coordinates":[[9220,36460],[9228,36372],[9236,36496],[9240,36416],[9244,36468],[9252,36396],[9264,36416],[9272,36444],[9308,36496],[9396,36488],[9448,36508]],"size":[2,2,372],"rotations":[0,0,0,0,0,0,0,0,0,0,0],"colors":[4419840,4017253]},{"id":50670,"name":"null","type":10,"category":1895,"actions":[],"coordinates":[[9220,36440],[9284,36460]],"size":[2,2,0],"rotations":[0,0],"colors":[]},{"id":1391,"name":"Plant","type":10,"category":0,"actions":[],"coordinates":[[9220,36404],[9252,36508],[9328,36516],[9328,36448],[9332,36508],[9344,36480],[9372,36508],[9392,36512],[9420,36480],[9464,36468]],"size":[2,2,97],"rotations":[0,0,0,0,0,0,0,0,0,0],"colors":[9145493,8684685,11185077,10000803]},{"id":50665,"name":"null","type":10,"category":1895,"actions":[],"coordinates":[[9228,36428]],"size":[2,2,0],"rotations":[0],"colors":[]},{"id":1276,"name":"Tree","type":10,"category":189,"actions":["Chop down"],"coordinates":[[9232,36380],[9244,36432],[9256,36472],[9260,36364],[9332,36464],[9340,36516],[9388,36500],[9440,36520],[9452,36468]],"size":[2,2,290],"rotations":[0,0,0,0,0,0,0,0,0],"colors":[4017253,4419840]},{"id":50666,"name":"null","type":10,"category":1895,"actions":[],"coordinates":[[9238,36450],[9466,36474]],"size":[1,1,0],"rotations":[0,0],"colors":[]},{"id":9661,"name":"Tree stump","type":10,"category":0,"actions":[],"coordinates":[[9258,36378],[9306,36510]],"size":[1,1,31],"rotations":[0,0],"colors":[5538466,1464957,6852265,6720164,4026512]},{"id":11911,"name":"Bush","type":10,"category":0,"actions":[],"coordinates":[[9304,36516]],"size":[2,2,143],"rotations":[0],"colors":[4941176,5992062,5666697,5865615,2772581,3889777]},{"id":50668,"name":"null","type":10,"category":1895,"actions":[],"coordinates":[[9302,36450],[9442,36506]],"size":[1,1,0],"rotations":[0,0],"colors":[]},{"id":50669,"name":"null","type":10,"category":1895,"actions":[],"coordinates":[[9308,36472],[9452,36480]],"size":[2,2,0],"rotations":[0,0],"colors":[]},{"id":14013,"name":"Massive ribs","type":10,"category":0,"actions":[],"coordinates":[[9326,36400],[9330,36408],[9362,36388]],"size":[1,2,203],"rotations":[0,1,0],"colors":[14080475,14803941]},{"id":14019,"name":"Bones","type":10,"category":0,"actions":[],"coordinates":[[9330,36406],[9334,36406],[9350,36390],[9358,36390]],"size":[1,1,25],"rotations":[0,0,0,0],"colors":[14474976]},{"id":14017,"name":"Box of bones","type":10,"category":0,"actions":[],"coordinates":[[9330,36398],[9350,36398],[9350,36378],[9354,36390]],"size":[1,1,86],"rotations":[0,0,0,0],"colors":[5996692,4946320,10732741,14080475,14475232]},{"id":14021,"name":"Bones","type":10,"category":0,"actions":[],"coordinates":[[9334,36398],[9338,36386],[9354,36378]],"size":[1,1,30],"rotations":[0,0,0],"colors":[14474976]},{"id":14018,"name":"Bones","type":10,"category":0,"actions":[],"coordinates":[[9338,36382]],"size":[1,1,54],"rotations":[0],"colors":[14474976]},{"id":14023,"name":"Bones","type":10,"category":0,"actions":[],"coordinates":[[9344,36396]],"size":[2,2,60],"rotations":[0],"colors":[14474976]},{"id":14030,"name":"Bones","type":10,"category":0,"actions":[],"coordinates":[[9342,36382]],"size":[1,3,176],"rotations":[0],"colors":[14474976]},{"id":9534,"name":"Crate","type":11,"category":209,"actions":["Search"],"coordinates":[[9346,36594],[9354,36594],[9374,36594],[9378,36598],[9382,36594]],"size":[1,1,88],"rotations":[0,0,0,0,0],"colors":[3764617,8034473,6523808,11185077,4946320,7639457,5996692]},{"id":14031,"name":"Bones","type":10,"category":0,"actions":[],"coordinates":[[9346,36382]],"size":[1,3,176],"rotations":[2],"colors":[14474976]},{"id":9519,"name":"Barrel","type":10,"category":0,"actions":[],"coordinates":[[9350,36590],[9382,36598],[9386,36598]],"size":[1,1,99],"rotations":[0,0,0],"colors":[7635341,6720164,5538466,5142421,2579065,9146517,4026512]},{"id":14010,"name":"Wish-list","type":5,"category":0,"actions":["Read"],"coordinates":[[9350,36402]],"size":[1,1,170],"rotations":[0],"colors":[4023671,10927559,14935015]},{"id":14016,"name":"Box of bones","type":10,"category":0,"actions":[],"coordinates":[[9350,36394],[9358,36394]],"size":[1,1,124],"rotations":[0,0],"colors":[5996692,4946320,10732741,14080475,14475232]},{"id":14020,"name":"Bones","type":10,"category":0,"actions":[],"coordinates":[[9350,36386]],"size":[1,1,44],"rotations":[0],"colors":[14474976]},{"id":11431,"name":"Rockslide","type":10,"category":0,"actions":[],"coordinates":[[9356,36588],[9392,36408]],"size":[2,2,43],"rotations":[0,0],"colors":[5540258]},{"id":14024,"name":"Bones","type":10,"category":0,"actions":[],"coordinates":[[9356,36384]],"size":[2,2,47],"rotations":[0],"colors":[14474976]},{"id":11427,"name":"Rockslide","type":10,"category":0,"actions":[],"coordinates":[[9380,36588],[9384,36404],[9392,36400],[9420,36408]],"size":[2,2,87],"rotations":[0,0,0,0],"colors":[5540258]},{"id":11382,"name":"Limestone rock","type":10,"category":0,"actions":["Mine"],"coordinates":[[9382,36434],[9390,36434],[9390,36426],[9394,36442],[9398,36434],[9398,36422],[9402,36422],[9406,36430]],"size":[1,1,77],"rotations":[0,0,0,0,0,0,0,0],"colors":[7039858,10990258]},{"id":28961,"name":"null","type":10,"category":960,"actions":["Build","Search"],"coordinates":[[9398,36438]],"size":[1,1,0],"rotations":[0],"colors":[]},{"id":11428,"name":"Rockslide","type":10,"category":0,"actions":[],"coordinates":[[9412,36408],[9416,36448]],"size":[2,2,43],"rotations":[0,0],"colors":[5540258]},{"id":17991,"name":"Bush","type":10,"category":0,"actions":[],"coordinates":[[9458,36510],[9462,36510]],"size":[1,1,48],"rotations":[0,0],"colors":[4419840]},{"id":17990,"name":"Bush","type":10,"category":0,"actions":[],"coordinates":[[9458,36506],[9462,36506],[9466,36506],[9466,36502]],"size":[1,1,77],"rotations":[0,0,0,0],"colors":[4419840]}]