[{"id":14673,"name":"Skeleton","type":10,"category":0,"actions":[],"coordinates":[[9258,34586],[9266,34594],[9298,34594],[9362,34590]],"size":[1,1,67],"rotations":[0,0,0,0],"colors":[14474976]},{"id":14674,"name":"Skeleton","type":10,"category":0,"actions":[],"coordinates":[[9262,34590],[9286,34606],[9286,34602],[9306,34598],[9358,34566],[9366,34586]],"size":[1,1,99],"rotations":[0,0,0,0,0,0],"colors":[14474976]},{"id":14602,"name":"Skeleton","type":10,"category":0,"actions":[],"coordinates":[[9298,34718],[9318,34650],[9322,34762],[9358,34610],[9394,34754],[9402,34618],[9418,34686]],"size":[1,1,67],"rotations":[0,0,0,0,0,0,0],"colors":[14474976]},{"id":14675,"name":"Skeleton","type":10,"category":0,"actions":[],"coordinates":[[9308,34702],[9360,34586]],"size":[2,1,56],"rotations":[0,1],"colors":[14474976,11185077]},{"id":14603,"name":"Skeleton","type":10,"category":0,"actions":[],"coordinates":[[9342,34762],[9350,34694],[9366,34654],[9398,34694],[9406,34634],[9418,34722]],"size":[1,1,99],"rotations":[0,0,0,0,0,0],"colors":[14474976]},{"id":14573,"name":"Skeleton","type":10,"category":0,"actions":[],"coordinates":[[9366,34662]],"size":[1,1,67],"rotations":[0],"colors":[14474976]},{"id":26755,"name":"Volcanic Forge","type":10,"category":0,"actions":[],"coordinates":[[9370,34682],[9374,34682]],"size":[1,1,0],"rotations":[0,0],"colors":[7727100]}]