[{"id":1278,"name":"Tree","type":10,"category":189,"actions":["Chop down"],"coordinates":[[9218,36460],[9226,36372],[9234,36496],[9238,36416],[9242,36468],[9250,36396],[9262,36416],[9270,36444],[9306,36496],[9394,36488],[9446,36508]],"size":[2,2,372],"rotations":[0,0,0,0,0,0,0,0,0,0,0],"colors":[4419840,4017253]},{"id":50670,"name":"null","type":10,"category":1895,"actions":[],"coordinates":[[9218,36440],[9282,36460]],"size":[2,2,0],"rotations":[0,0],"colors":[]},{"id":1391,"name":"Plant","type":10,"category":0,"actions":[],"coordinates":[[9218,36404],[9250,36508],[9326,36516],[9326,36448],[9330,36508],[9342,36480],[9370,36508],[9390,36512],[9418,36480],[9462,36468]],"size":[2,2,97],"rotations":[0,0,0,0,0,0,0,0,0,0],"colors":[9145493,8684685,11185077,10000803]},{"id":50665,"name":"null","type":10,"category":1895,"actions":[],"coordinates":[[9226,36428]],"size":[2,2,0],"rotations":[0],"colors":[]},{"id":1276,"name":"Tree","type":10,"category":189,"actions":["Chop down"],"coordinates":[[9230,36380],[9242,36432],[9254,36472],[9258,36364],[9330,36464],[9338,36516],[9386,36500],[9438,36520],[9450,36468]],"size":[2,2,290],"rotations":[0,0,0,0,0,0,0,0,0],"colors":[4017253,4419840]},{"id":50666,"name":"null","type":10,"category":1895,"actions":[],"coordinates":[[9236,36450],[9464,36474]],"size":[1,1,0],"rotations":[0,0],"colors":[]},{"id":9661,"name":"Tree stump","type":10,"category":0,"actions":[],"coordinates":[[9256,36378],[9304,36510]],"size":[1,1,31],"rotations":[0,0],"colors":[5538466,1464957,6852265,6720164,4026512]},{"id":11911,"name":"Bush","type":10,"category":0,"actions":[],"coordinates":[[9302,36516]],"size":[2,2,143],"rotations":[0],"colors":[4941176,5992062,5666697,5865615,2772581,3889777]},{"id":50668,"name":"null","type":10,"category":1895,"actions":[],"coordinates":[[9300,36450],[9440,36506]],"size":[1,1,0],"rotations":[0,0],"colors":[]},{"id":50669,"name":"null","type":10,"category":1895,"actions":[],"coordinates":[[9306,36472],[9450,36480]],"size":[2,2,0],"rotations":[0,0],"colors":[]},{"id":14013,"name":"Massive ribs","type":10,"category":0,"actions":[],"coordinates":[[9324,36400],[9330,36410],[9360,36388]],"size":[1,2,203],"rotations":[0,1,0],"colors":[14080475,14803941]},{"id":14019,"name":"Bones","type":10,"category":0,"actions":[],"coordinates":[[9328,36406],[9332,36406],[9348,36390],[9356,36390]],"size":[1,1,25],"rotations":[0,0,0,0],"colors":[14474976]},{"id":14017,"name":"Box of bones","type":10,"category":0,"actions":[],"coordinates":[[9328,36398],[9348,36398],[9348,36378],[9352,36390]],"size":[1,1,98],"rotations":[0,0,0,0],"colors":[5996692,4946320,10732741,14080475,14475232]},{"id":14021,"name":"Bones","type":10,"category":0,"actions":[],"coordinates":[[9332,36398],[9336,36386],[9352,36378]],"size":[1,1,30],"rotations":[0,0,0],"colors":[14474976]},{"id":14018,"name":"Bones","type":10,"category":0,"actions":[],"coordinates":[[9336,36382]],"size":[1,1,54],"rotations":[0],"colors":[14474976]},{"id":14023,"name":"Bones","type":10,"category":0,"actions":[],"coordinates":[[9342,36396]],"size":[2,2,60],"rotations":[0],"colors":[14474976]},{"id":14030,"name":"Bones","type":10,"category":0,"actions":[],"coordinates":[[9340,36382]],"size":[1,3,176],"rotations":[0],"colors":[14474976]},{"id":9534,"name":"Crate","type":11,"category":209,"actions":["Search"],"coordinates":[[9344,36594],[9352,36594],[9372,36594],[9376,36598],[9380,36594]],"size":[1,1,88],"rotations":[0,0,0,0,0],"colors":[3764617,8034473,6523808,11185077,4946320,7639457,5996692]},{"id":14031,"name":"Bones","type":10,"category":0,"actions":[],"coordinates":[[9344,36382]],"size":[1,3,176],"rotations":[2],"colors":[14474976]},{"id":9519,"name":"Barrel","type":10,"category":0,"actions":[],"coordinates":[[9348,36590],[9380,36598],[9384,36598]],"size":[1,1,99],"rotations":[0,0,0],"colors":[7635341,6720164,5538466,5142421,2579065,9146517,4026512]},{"id":14010,"name":"Wish-list","type":5,"category":0,"actions":["Read"],"coordinates":[[9348,36402]],"size":[1,1,170],"rotations":[0],"colors":[4023671,10927559,14935015]},{"id":14016,"name":"Box of bones","type":10,"category":0,"actions":[],"coordinates":[[9348,36394],[9356,36394]],"size":[1,1,136],"rotations":[0,0],"colors":[5996692,4946320,10732741,14080475,14475232]},{"id":14020,"name":"Bones","type":10,"category":0,"actions":[],"coordinates":[[9348,36386]],"size":[1,1,44],"rotations":[0],"colors":[14474976]},{"id":11431,"name":"Rockslide","type":10,"category":0,"actions":[],"coordinates":[[9354,36588],[9390,36408]],"size":[2,2,43],"rotations":[0,0],"colors":[5540258]},{"id":14024,"name":"Bones","type":10,"category":0,"actions":[],"coordinates":[[9354,36384]],"size":[2,2,47],"rotations":[0],"colors":[14474976]},{"id":11427,"name":"Rockslide","type":10,"category":0,"actions":[],"coordinates":[[9378,36588],[9382,36404],[9390,36400],[9418,36408]],"size":[2,2,87],"rotations":[0,0,0,0],"colors":[5540258]},{"id":11382,"name":"Limestone rock","type":10,"category":0,"actions":["Mine"],"coordinates":[[9380,36434],[9388,36434],[9388,36426],[9392,36442],[9396,36434],[9396,36422],[9400,36422],[9404,36430]],"size":[1,1,77],"rotations":[0,0,0,0,0,0,0,0],"colors":[7039858,10990258]},{"id":28961,"name":"null","type":10,"category":960,"actions":["Build","Search"],"coordinates":[[9396,36438]],"size":[1,1,0],"rotations":[0],"colors":[]},{"id":11428,"name":"Rockslide","type":10,"category":0,"actions":[],"coordinates":[[9410,36408],[9414,36448]],"size":[2,2,43],"rotations":[0,0],"colors":[5540258]},{"id":17991,"name":"Bush","type":10,"category":0,"actions":[],"coordinates":[[9456,36510],[9460,36510]],"size":[1,1,48],"rotations":[0,0],"colors":[4419840]},{"id":17990,"name":"Bush","type":10,"category":0,"actions":[],"coordinates":[[9456,36506],[9460,36506],[9464,36506],[9464,36502]],"size":[1,1,77],"rotations":[0,0,0,0],"colors":[4419840]}]