[{"id":2670,"name":"Kharidian cactus (Healthy)","type":10,"category":1632,"actions":["Cut"],"coordinates":[[9222,38042],[9226,38114],[9230,38066],[9230,37990],[9234,37918],[9258,38042],[9266,37958],[9266,37918],[9266,37894],[9282,38082],[9282,37966],[9286,38122],[9306,38110],[9306,37906],[9310,37962],[9314,37898],[9322,38130],[9354,38110],[9358,38022],[9362,37966],[9370,37986],[9382,38030],[9406,37990],[9418,38062],[9442,38038]],"size":[1,1,148],"rotations":[0,0,0,0,0,0,0,0,0,0,0,0,0,0,0,0,0,0,0,0,0,0,0,0,0],"colors":[1475683,1073762]},{"id":2671,"name":"Kharidian cactus (Dry)","type":10,"category":0,"actions":[],"coordinates":[[9350,38090]],"size":[1,1,130],"rotations":[0],"colors":[1475683,1073762,6859152]},{"id":1406,"name":"Cactus","type":10,"category":0,"actions":[],"coordinates":[[9364,38008]],"size":[2,2,128],"rotations":[0],"colors":[1812119,12505301]},{"id":6381,"name":"Cave","type":10,"category":0,"actions":[],"coordinates":[[9384,37896]],"size":[4,2,264],"rotations":[0],"colors":[4013377,4031120,7119533,9287107,10143696,9550794,2783879,4031120,5147029,4047538,2146222,2143396,5543586]},{"id":6382,"name":"Root","type":10,"category":0,"actions":[],"coordinates":[[9386,37902]],"size":[3,1,217],"rotations":[0],"colors":[5543586]},{"id":1405,"name":"Cactus","type":10,"category":0,"actions":[],"coordinates":[[9408,38016],[9448,37972]],"size":[2,2,169],"rotations":[0,0],"colors":[1475712,1073762]},{"id":1304,"name":"Tree","type":10,"category":0,"actions":[],"coordinates":[[9424,37892]],"size":[2,2,295],"rotations":[0],"colors":[5935531,5739840,7385454]},{"id":1397,"name":"Cactus","type":10,"category":0,"actions":[],"coordinates":[[9442,38094],[9446,37950]],"size":[1,1,130],"rotations":[0,0],"colors":[1475683,1073762,6859152]},{"id":1403,"name":"Cactus","type":10,"category":0,"actions":[],"coordinates":[[9448,38004],[9464,38044]],"size":[2,2,256],"rotations":[0,0],"colors":[1479542]},{"id":1404,"name":"Cactus","type":10,"category":0,"actions":[],"coordinates":[[9464,38128]],"size":[2,2,340],"rotations":[0],"colors":[1475683]}]