[{"id":10427,"name":"Door","type":0,"category":0,"actions":["Open"],"coordinates":[[9316,12254]],"size":[1,1,257],"rotations":[0],"colors":[4026512,5538466,5142421,6720164]},{"id":10429,"name":"Door","type":0,"category":0,"actions":["Open"],"coordinates":[[9320,12254]],"size":[1,1,257],"rotations":[0],"colors":[4026512,5538466,5142421,6720164]},{"id":10423,"name":"Door","type":0,"category":0,"actions":["Open"],"coordinates":[[9320,12198]],"size":[1,1,257],"rotations":[0],"colors":[4026512,5538466,5142421,6720164]},{"id":10425,"name":"Door","type":0,"category":0,"actions":["Open"],"coordinates":[[9324,12198]],"size":[1,1,257],"rotations":[0],"colors":[4026512,5538466,5142421,6720164]},{"id":10404,"name":"Water Channel","type":10,"category":0,"actions":[],"coordinates":[[9356,12278],[9360,12278],[9408,12214],[9408,12210],[9416,12250],[9416,12246]],"size":[1,1,86],"rotations":[0,0,0,0,0,0],"colors":[5142421,6720164,5538466,14278073]},{"id":10420,"name":"Door","type":0,"category":0,"actions":["Open"],"coordinates":[[9364,12262]],"size":[1,1,257],"rotations":[0],"colors":[4026512,5538466,5142421,6720164]},{"id":10412,"name":"Hole","type":22,"category":0,"actions":[],"coordinates":[[9372,12278],[9408,12198],[9416,12238]],"size":[1,1,8],"rotations":[0,0,0],"colors":[1054297,1056885,1455492,1461139,1796768,3767475,6393273,6986441]},{"id":10433,"name":"Fire","type":10,"category":152,"actions":[],"coordinates":[[9376,12086]],"size":[1,1,195],"rotations":[0],"colors":[2992123,2589920,2320590,3000059,3003643,14278073]},{"id":10440,"name":"Rock Chair","type":10,"category":0,"actions":[],"coordinates":[[9380,12086]],"size":[1,1,161],"rotations":[0],"colors":[8892121,8497104,8167881,7250129,6986441,5673417,5344192,7513561]},{"id":10419,"name":"Door","type":0,"category":0,"actions":["Open"],"coordinates":[[9392,12206]],"size":[1,1,257],"rotations":[0],"colors":[4026512,5538466,5142421,6720164]},{"id":10421,"name":"Door","type":0,"category":0,"actions":["Open"],"coordinates":[[9400,12242]],"size":[1,1,257],"rotations":[0],"colors":[4026512,5538466,5142421,6720164]}]