[{"id":2670,"name":"Kharidian cactus (Healthy)","type":10,"category":1632,"actions":["Cut"],"coordinates":[[9492,38354],[9500,38174],[9512,38266],[9540,38326],[9560,38210],[9588,38362],[9596,38162],[9616,38314],[9628,38386],[9632,38226],[9680,38266],[9696,38362],[9696,38214]],"size":[1,1,148],"rotations":[0,0,0,0,0,0,0,0,0,0,0,0,0],"colors":[1475683,1073762]},{"id":11192,"name":"Rockslide","type":10,"category":0,"actions":[],"coordinates":[[9514,38364],[9638,38160]],"size":[2,2,43],"rotations":[0,0],"colors":[5540258]},{"id":11190,"name":"Rockslide","type":10,"category":0,"actions":[],"coordinates":[[9590,38236]],"size":[2,2,87],"rotations":[0],"colors":[5540258]},{"id":29495,"name":"null","type":10,"category":522,"actions":[],"coordinates":[[9596,38366]],"size":[1,1,0],"rotations":[0],"colors":[]},{"id":11193,"name":"Rockslide","type":10,"category":0,"actions":[],"coordinates":[[9650,38328]],"size":[2,2,43],"rotations":[0],"colors":[5540258]},{"id":11191,"name":"Rockslide","type":10,"category":0,"actions":[],"coordinates":[[9694,38168]],"size":[2,2,87],"rotations":[0],"colors":[5540258]}]