[{"id":39692,"name":"Stone Pile","type":10,"category":0,"actions":[],"coordinates":[[9570,10130],[9590,10114],[9594,10110],[9610,10118],[9634,10154]],"size":[1,1,53],"rotations":[0,0,0,0,0],"colors":[5723997,6381927]},{"id":14525,"name":"Skeleton","type":10,"category":0,"actions":[],"coordinates":[[9596,10142]],"size":[2,1,56],"rotations":[1],"colors":[14474976,11185077]},{"id":39716,"name":"Table","type":10,"category":0,"actions":[],"coordinates":[[9616,10122]],"size":[2,1,90],"rotations":[1],"colors":[7245976,8097429]},{"id":23063,"name":"Camp fire","type":11,"category":0,"actions":[],"coordinates":[[9620,10152]],"size":[2,2,139],"rotations":[0],"colors":[10000803,10790320,10791600,9146517,7244184,11185077,9605787,7566202,7039858,9145493]},{"id":30196,"name":"Chain","type":10,"category":0,"actions":[],"coordinates":[[9618,10118],[9638,10162]],"size":[1,1,28],"rotations":[0,0],"colors":[8096149]},{"id":53259,"name":"Crevice","type":0,"category":0,"actions":["Squeeze-Through"],"coordinates":[[9642,10066],[9642,10058]],"size":[1,1,240],"rotations":[0,0],"colors":[8684685,8158597,7566202,7039858,6381927,65536,9605787,4934480]}]