[{"id":40950,"name":"Dead tree","type":10,"category":0,"actions":[],"coordinates":[[9532,33944],[9580,33992],[9580,33976],[9588,34008],[9612,34008],[9620,33992],[9620,33976],[9656,33940],[9680,33964],[9688,33944]],"size":[2,2,510],"rotations":[0,0,0,0,0,0,0,0,0,0],"colors":[4214361,4020837]},{"id":47458,"name":"Ice chunks","type":10,"category":0,"actions":[],"coordinates":[[9552,33992],[9556,33984],[9576,34028],[9628,34000],[9628,33992]],"size":[2,2,43],"rotations":[0,0,0,0,0],"colors":[15590885]},{"id":26357,"name":"Frozen warrior","type":10,"category":0,"actions":[],"coordinates":[[9558,34004]],"size":[1,2,224],"rotations":[3],"colors":[15987185,15724268]},{"id":47457,"name":"Ice chunks","type":10,"category":0,"actions":[],"coordinates":[[9560,34000],[9568,33996],[9620,34004],[9628,34008],[9640,33976],[9648,33968],[9652,33984],[9656,33976]],"size":[2,2,43],"rotations":[0,0,0,0,0,0,0,0],"colors":[15590885]},{"id":47455,"name":"Ice chunks","type":10,"category":0,"actions":[],"coordinates":[[9560,33992],[9648,33976]],"size":[2,2,87],"rotations":[0,0],"colors":[15590885]},{"id":47456,"name":"Ice chunks","type":10,"category":0,"actions":[],"coordinates":[[9568,34028],[9620,34012]],"size":[2,2,87],"rotations":[0,0],"colors":[15590885]},{"id":26349,"name":"Frozen warrior","type":11,"category":0,"actions":[],"coordinates":[[9574,34022],[9634,33990]],"size":[1,1,217],"rotations":[0,0],"colors":[15724268,15987185,15723756]},{"id":78,"name":"Prison Gate","type":0,"category":0,"actions":[],"coordinates":[[9574,33954]],"size":[1,1,240],"rotations":[0],"colors":[65536,8684685,11185077]},{"id":47452,"name":"Drapes","type":4,"category":0,"actions":[],"coordinates":[[9578,33954],[9578,33942],[9582,33958],[9582,33938],[9590,33970],[9590,33966],[9610,33970],[9610,33966],[9618,33958],[9618,33938],[9622,33954],[9622,33942]],"size":[1,1,238],"rotations":[0,0,0,0,0,0,0,0,0,0,0,0],"colors":[1450109,1785242,1059436,15677,1781158,2109620,1451916,10198182,8947856,12632521]},{"id":14748,"name":"Ladder","type":10,"category":0,"actions":[],"coordinates":[[9578,33938],[9578,33938],[9622,33938],[9622,33938]],"size":[1,1,232],"rotations":[0,0,0,0],"colors":[4290715,3174549,6197685]},{"id":26351,"name":"Frozen warrior","type":10,"category":0,"actions":[],"coordinates":[[9586,34034],[9618,34030]],"size":[1,1,152],"rotations":[0,0],"colors":[15724268,15987185,15723756]},{"id":28446,"name":"Grave","type":10,"category":0,"actions":[],"coordinates":[[9586,33998],[9590,33990],[9614,33998]],"size":[1,1,145],"rotations":[0,0,0],"colors":[4020837,5730424,65536,5926253,6518648,4214361,4938343]},{"id":26355,"name":"Frozen warrior","type":11,"category":0,"actions":[],"coordinates":[[9590,34038]],"size":[1,1,232],"rotations":[0],"colors":[15987185,15724268]},{"id":28447,"name":"Grave","type":10,"category":0,"actions":[],"coordinates":[[9594,34014],[9606,33998],[9610,33990]],"size":[1,1,103],"rotations":[0,0,0],"colors":[4020837,6780540,6518648,5926253]},{"id":28448,"name":"Grave","type":10,"category":0,"actions":[],"coordinates":[[9594,33998],[9606,34014]],"size":[1,1,76],"rotations":[0,0],"colors":[4020837,7840933,5926253,6518648,7581113]},{"id":14644,"name":"Skeleton","type":11,"category":0,"actions":[],"coordinates":[[9594,33938]],"size":[1,1,67],"rotations":[0],"colors":[14474976]},{"id":14645,"name":"Skeleton","type":10,"category":0,"actions":[],"coordinates":[[9606,33938]],"size":[1,1,99],"rotations":[0],"colors":[14474976]},{"id":26352,"name":"Frozen warrior","type":10,"category":0,"actions":[],"coordinates":[[9610,34038]],"size":[1,1,185],"rotations":[0],"colors":[15724268,15987185]},{"id":26311,"name":"Arrow","type":10,"category":0,"actions":[],"coordinates":[[9610,34026]],"size":[1,1,87],"rotations":[0],"colors":[11513786,10987698,9868959,10198182,15856111]},{"id":26313,"name":"Skeleton","type":10,"category":0,"actions":[],"coordinates":[[9614,33994]],"size":[1,1,93],"rotations":[0],"colors":[12899545,15856111,4935288,1054297,7960103,7039858,10200742,6782076]},{"id":77,"name":"Prison Gate","type":0,"category":0,"actions":[],"coordinates":[[9626,33954]],"size":[1,1,240],"rotations":[0],"colors":[65536,8684685,11185077]},{"id":40951,"name":"Dead tree","type":10,"category":0,"actions":[],"coordinates":[[9662,33942],[9686,33966],[9690,33950]],"size":[1,1,289],"rotations":[0,0,0],"colors":[1068652,1071989]},{"id":42373,"name":"Rock","type":10,"category":0,"actions":[],"coordinates":[[9672,33896],[9680,33864],[9716,33868]],"size":[2,2,58],"rotations":[0,0,0],"colors":[5732439,5994366,6719117,6717581]},{"id":42371,"name":"Rock","type":10,"category":0,"actions":[],"coordinates":[[9676,33884],[9708,33884]],"size":[2,2,161],"rotations":[0,0],"colors":[6717581,6719117,5994366,5732439]},{"id":14174,"name":"Driftwood","type":10,"category":0,"actions":[],"coordinates":[[9680,33876],[9704,33872]],"size":[2,2,19],"rotations":[0,0],"colors":[8169673,6453128,4941176,5992062,15262429]},{"id":42375,"name":"Rock","type":10,"category":0,"actions":[],"coordinates":[[9682,33890],[9686,33870],[9698,33878],[9698,33858]],"size":[1,1,34],"rotations":[0,0,0,0],"colors":[5732439,5994366,6719117,6717581]},{"id":14173,"name":"Olaf's boat","type":10,"category":0,"actions":[],"coordinates":[[9694,33868]],"size":[3,2,122],"rotations":[2],"colors":[8169673,6724545,6453128,5992062,4941176,3889777]}]