[{"id":1171,"name":"Fungus","type":10,"category":0,"actions":[],"coordinates":[[9516,11210],[9524,11222],[9528,11218],[9532,11154],[9564,11150],[9568,11154]],"size":[1,1,50],"rotations":[0,0,0,0,0,0],"colors":[7128316,12703721,9883382]},{"id":48919,"name":"Rope","type":10,"category":0,"actions":["Climb-up"],"coordinates":[[9520,11218]],"size":[1,1,291],"rotations":[0],"colors":[1073781,1470596,3178133]},{"id":7484,"name":"Stone Pile","type":11,"category":0,"actions":[],"coordinates":[[9524,11166],[9528,11174],[9536,11162],[9544,11190],[9556,11154]],"size":[1,1,53],"rotations":[0,0,0,0,0],"colors":[6712422]},{"id":7485,"name":"Stone Pile","type":11,"category":0,"actions":[],"coordinates":[[9552,11158],[9556,11182],[9564,11166]],"size":[1,1,53],"rotations":[0,0,0],"colors":[6712422]},{"id":17307,"name":"Barrel","type":10,"category":0,"actions":[],"coordinates":[[9560,11166],[9568,11158]],"size":[1,1,99],"rotations":[0,0],"colors":[7635341,6720164,5538466,5142421,2579065,9146517,4026512]},{"id":48923,"name":"Crate","type":10,"category":0,"actions":["Search"],"coordinates":[[9560,11154]],"size":[1,1,79],"rotations":[0],"colors":[3764617,8034473,6523808,11185077,4946320,7639457,5996692]},{"id":34940,"name":"Sacks","type":10,"category":220,"actions":[],"coordinates":[[9564,11162]],"size":[1,1,42],"rotations":[0],"colors":[1806508]},{"id":16308,"name":"Cave entrance","type":10,"category":0,"actions":["Enter"],"coordinates":[[9692,11146]],"size":[1,1,240],"rotations":[0],"colors":[5540258,65536,3764617,2582400,1068149]},{"id":29495,"name":"null","type":10,"category":522,"actions":[],"coordinates":[[9692,11134]],"size":[1,1,0],"rotations":[0],"colors":[]}]