[{"id":1171,"name":"Fungus","type":10,"category":0,"actions":[],"coordinates":[[9518,11210],[9526,11222],[9530,11218],[9534,11154],[9566,11150],[9570,11154]],"size":[1,1,50],"rotations":[0,0,0,0,0,0],"colors":[7128316,12703721,9883382]},{"id":48919,"name":"Rope","type":10,"category":0,"actions":["Climb-up"],"coordinates":[[9522,11218]],"size":[1,1,291],"rotations":[0],"colors":[1073781,1470596,3178133]},{"id":7484,"name":"Stone Pile","type":11,"category":0,"actions":[],"coordinates":[[9526,11166],[9530,11174],[9538,11162],[9546,11190],[9558,11154]],"size":[1,1,53],"rotations":[0,0,0,0,0],"colors":[6712422]},{"id":7485,"name":"Stone Pile","type":11,"category":0,"actions":[],"coordinates":[[9554,11158],[9558,11182],[9566,11166]],"size":[1,1,53],"rotations":[0,0,0],"colors":[6712422]},{"id":17307,"name":"Barrel","type":10,"category":0,"actions":[],"coordinates":[[9562,11166],[9570,11158]],"size":[1,1,99],"rotations":[0,0],"colors":[7635341,6720164,5538466,5142421,2579065,9146517,4026512]},{"id":48923,"name":"Crate","type":10,"category":0,"actions":["Search"],"coordinates":[[9562,11154]],"size":[1,1,79],"rotations":[0],"colors":[3764617,8034473,6523808,11185077,4946320,7639457,5996692]},{"id":34940,"name":"Sacks","type":10,"category":220,"actions":[],"coordinates":[[9566,11162]],"size":[1,1,42],"rotations":[0],"colors":[1806508]},{"id":16308,"name":"Cave entrance","type":10,"category":0,"actions":["Enter"],"coordinates":[[9694,11146]],"size":[1,1,240],"rotations":[0],"colors":[5540258,65536,3764617,2582400,1068149]}]