[{"id":40950,"name":"Dead tree","type":10,"category":0,"actions":[],"coordinates":[[9530,33944],[9578,33992],[9578,33976],[9586,34008],[9610,34008],[9618,33992],[9618,33976],[9654,33940],[9678,33964],[9686,33944]],"size":[2,2,510],"rotations":[0,0,0,0,0,0,0,0,0,0],"colors":[4214361,4020837]},{"id":47458,"name":"Ice chunks","type":10,"category":0,"actions":[],"coordinates":[[9550,33992],[9554,33984],[9574,34028],[9626,34000],[9626,33992]],"size":[2,2,43],"rotations":[0,0,0,0,0],"colors":[15590885]},{"id":26357,"name":"Frozen warrior","type":10,"category":0,"actions":[],"coordinates":[[9558,34006]],"size":[1,2,224],"rotations":[3],"colors":[15987185,15724268]},{"id":47457,"name":"Ice chunks","type":10,"category":0,"actions":[],"coordinates":[[9558,34000],[9566,33996],[9618,34004],[9626,34008],[9638,33976],[9646,33968],[9650,33984],[9654,33976]],"size":[2,2,43],"rotations":[0,0,0,0,0,0,0,0],"colors":[15590885]},{"id":47455,"name":"Ice chunks","type":10,"category":0,"actions":[],"coordinates":[[9558,33992],[9646,33976]],"size":[2,2,87],"rotations":[0,0],"colors":[15590885]},{"id":47456,"name":"Ice chunks","type":10,"category":0,"actions":[],"coordinates":[[9566,34028],[9618,34012]],"size":[2,2,87],"rotations":[0,0],"colors":[15590885]},{"id":26349,"name":"Frozen warrior","type":11,"category":0,"actions":[],"coordinates":[[9572,34022],[9632,33990]],"size":[1,1,217],"rotations":[0,0],"colors":[15724268,15987185,15723756]},{"id":78,"name":"Prison Gate","type":0,"category":0,"actions":[],"coordinates":[[9572,33954]],"size":[1,1,240],"rotations":[0],"colors":[65536,8684685,11185077]},{"id":652,"name":"null","type":22,"category":1684,"actions":[],"coordinates":[[9576,33954],[9580,33946],[9592,33966],[9592,33950],[9604,33962],[9616,33954],[9616,33946]],"size":[1,1,0],"rotations":[0,0,0,0,0,0,0],"colors":[1451916]},{"id":47452,"name":"Drapes","type":4,"category":0,"actions":[],"coordinates":[[9576,33954],[9576,33942],[9580,33958],[9580,33938],[9588,33970],[9588,33966],[9608,33970],[9608,33966],[9616,33958],[9616,33938],[9620,33954],[9620,33942]],"size":[1,1,238],"rotations":[0,0,0,0,0,0,0,0,0,0,0,0],"colors":[1450109,1785242,1059436,15677,1781158,2109620,1451916,10198182,8947856,12632521]},{"id":14748,"name":"Ladder","type":10,"category":0,"actions":[],"coordinates":[[9576,33938],[9576,33938],[9620,33938],[9620,33938]],"size":[1,1,232],"rotations":[0,0,0,0],"colors":[4290715,3174549,6197685]},{"id":26351,"name":"Frozen warrior","type":10,"category":0,"actions":[],"coordinates":[[9584,34034],[9616,34030]],"size":[1,1,152],"rotations":[0,0],"colors":[15724268,15987185,15723756]},{"id":28446,"name":"Grave","type":10,"category":0,"actions":[],"coordinates":[[9584,33998],[9588,33990],[9612,33998]],"size":[1,1,145],"rotations":[0,0,0],"colors":[4020837,5730424,65536,5926253,6518648,4214361,4938343]},{"id":33461,"name":"null","type":22,"category":1678,"actions":[],"coordinates":[[9584,33958],[9584,33954],[9584,33950],[9584,33946],[9584,33942],[9584,33938],[9588,33958],[9592,33958],[9596,33958],[9600,33958],[9604,33958],[9608,33958],[9612,33958],[9612,33954],[9612,33950],[9612,33946],[9612,33942],[9612,33938]],"size":[1,1,0],"rotations":[0,0,0,0,0,0,0,0,0,0,0,0,0,0,0,0,0,0],"colors":[65536]},{"id":26355,"name":"Frozen warrior","type":11,"category":0,"actions":[],"coordinates":[[9588,34038]],"size":[1,1,232],"rotations":[0],"colors":[15987185,15724268]},{"id":653,"name":"null","type":22,"category":1684,"actions":[],"coordinates":[[9588,33954],[9596,33954],[9604,33970],[9604,33954],[9604,33950]],"size":[1,1,0],"rotations":[0,0,0,0,0],"colors":[1451916]},{"id":28447,"name":"Grave","type":10,"category":0,"actions":[],"coordinates":[[9592,34014],[9604,33998],[9608,33990]],"size":[1,1,103],"rotations":[0,0,0],"colors":[4020837,6780540,6518648,5926253]},{"id":28448,"name":"Grave","type":10,"category":0,"actions":[],"coordinates":[[9592,33998],[9604,34014]],"size":[1,1,76],"rotations":[0,0],"colors":[4020837,7840933,5926253,6518648,7581113]},{"id":14644,"name":"Skeleton","type":11,"category":0,"actions":[],"coordinates":[[9592,33938]],"size":[1,1,67],"rotations":[0],"colors":[14474976]},{"id":654,"name":"null","type":22,"category":1684,"actions":[],"coordinates":[[9600,33954]],"size":[1,1,0],"rotations":[0],"colors":[1451916]},{"id":14645,"name":"Skeleton","type":10,"category":0,"actions":[],"coordinates":[[9604,33938]],"size":[1,1,99],"rotations":[0],"colors":[14474976]},{"id":26352,"name":"Frozen warrior","type":10,"category":0,"actions":[],"coordinates":[[9608,34038]],"size":[1,1,185],"rotations":[0],"colors":[15724268,15987185]},{"id":26311,"name":"Arrow","type":10,"category":0,"actions":[],"coordinates":[[9608,34026]],"size":[1,1,87],"rotations":[0],"colors":[11513786,10987698,9868959,10198182,15856111]},{"id":26313,"name":"Skeleton","type":10,"category":0,"actions":[],"coordinates":[[9612,33994]],"size":[1,1,93],"rotations":[0],"colors":[12899545,15856111,4935288,1054297,7960103,7039858,10200742,6782076]},{"id":77,"name":"Prison Gate","type":0,"category":0,"actions":[],"coordinates":[[9624,33954]],"size":[1,1,240],"rotations":[0],"colors":[65536,8684685,11185077]},{"id":40951,"name":"Dead tree","type":10,"category":0,"actions":[],"coordinates":[[9660,33942],[9684,33966],[9688,33950]],"size":[1,1,289],"rotations":[0,0,0],"colors":[1068652,1071989]},{"id":42373,"name":"Rock","type":10,"category":0,"actions":[],"coordinates":[[9670,33896],[9678,33864],[9714,33868]],"size":[2,2,58],"rotations":[0,0,0],"colors":[5732439,5994366,6719117,6717581]},{"id":42371,"name":"Rock","type":10,"category":0,"actions":[],"coordinates":[[9674,33884],[9706,33884]],"size":[2,2,161],"rotations":[0,0],"colors":[6717581,6719117,5994366,5732439]},{"id":14174,"name":"Driftwood","type":10,"category":0,"actions":[],"coordinates":[[9678,33876],[9702,33872]],"size":[2,2,19],"rotations":[0,0],"colors":[8169673,6453128,4941176,5992062,15262429]},{"id":42375,"name":"Rock","type":10,"category":0,"actions":[],"coordinates":[[9680,33890],[9684,33870],[9696,33878],[9696,33858]],"size":[1,1,34],"rotations":[0,0,0,0],"colors":[5732439,5994366,6719117,6717581]},{"id":14173,"name":"Olaf's boat","type":10,"category":0,"actions":[],"coordinates":[[9692,33868]],"size":[3,2,122],"rotations":[2],"colors":[8169673,6724545,6453128,5992062,4941176,3889777]}]