[{"id":2670,"name":"Kharidian cactus (Healthy)","type":10,"category":1632,"actions":["Cut"],"coordinates":[[9730,38662],[9738,38866],[9762,38782]],"size":[1,1,148],"rotations":[0,0,0],"colors":[1475683,1073762]},{"id":11191,"name":"Rockslide","type":10,"category":0,"actions":[],"coordinates":[[9736,38680]],"size":[2,2,87],"rotations":[0],"colors":[5540258]},{"id":11190,"name":"Rockslide","type":10,"category":0,"actions":[],"coordinates":[[9748,38840],[9752,38756]],"size":[2,2,87],"rotations":[0,0],"colors":[5540258]}]