[{"id":26765,"name":"Chaos rift","type":10,"category":0,"actions":[],"coordinates":[[12304,33256]],"size":[2,2,90],"rotations":[0],"colors":[15246570,12750275,11036841,8212094,5849177,16330235,11567281,13936598,15063013,11619506]},{"id":14678,"name":"Bones","type":10,"category":0,"actions":[],"coordinates":[[12310,33198]],"size":[1,1,44],"rotations":[0],"colors":[14474976]},{"id":666,"name":"Corpse","type":10,"category":0,"actions":[],"coordinates":[[12312,33170]],"size":[2,1,56],"rotations":[0],"colors":[14474976,11185077]},{"id":1727,"name":"Gate","type":0,"category":0,"actions":["Open"],"coordinates":[[12390,33242]],"size":[1,1,240],"rotations":[0],"colors":[11185077,4390912,6381927,11185077,6381927,4390912]},{"id":1728,"name":"Gate","type":0,"category":0,"actions":["Open"],"coordinates":[[12390,33238]],"size":[1,1,240],"rotations":[0],"colors":[11185077,4390912,6381927,11185077,6381927,4390912]},{"id":14676,"name":"Bones","type":10,"category":0,"actions":[],"coordinates":[[12394,33246]],"size":[1,1,54],"rotations":[0],"colors":[14474976]},{"id":14674,"name":"Skeleton","type":10,"category":0,"actions":[],"coordinates":[[12398,33226]],"size":[1,1,99],"rotations":[0],"colors":[14474976]},{"id":14673,"name":"Skeleton","type":10,"category":0,"actions":[],"coordinates":[[12402,33234]],"size":[1,1,67],"rotations":[0],"colors":[14474976]},{"id":14675,"name":"Skeleton","type":10,"category":0,"actions":[],"coordinates":[[12408,33266]],"size":[2,1,56],"rotations":[1],"colors":[14474976,11185077]}]