[{"id":48550,"name":"Stangled Plant","type":10,"category":0,"actions":[],"coordinates":[[352,37128],[440,37192],[460,37172]],"size":[2,2],"rotations":[0,0,0]},{"id":48539,"name":"Strangled Fern","type":10,"category":0,"actions":[],"coordinates":[[364,37160]],"size":[2,2],"rotations":[0]},{"id":48356,"name":"Strangled Tree","type":10,"category":0,"actions":[],"coordinates":[[364,37144]],"size":[2,2],"rotations":[0]},{"id":48547,"name":"Strangled Plant","type":10,"category":0,"actions":[],"coordinates":[[362,37136],[374,37156],[398,37140],[474,37156],[486,37136]],"size":[1,1],"rotations":[0,0,0,0,0]},{"id":48555,"name":"Stangled Plant","type":10,"category":0,"actions":[],"coordinates":[[368,37180],[404,37192]],"size":[2,2],"rotations":[0,0]},{"id":48361,"name":"Strangled Tree","type":10,"category":0,"actions":[],"coordinates":[[368,37152],[372,37160]],"size":[2,2],"rotations":[0,0]},{"id":48360,"name":"Strangled Tree","type":10,"category":0,"actions":[],"coordinates":[[368,37132],[480,37120],[488,37128]],"size":[2,2],"rotations":[0,0,0]},{"id":48355,"name":"Strangled Tree","type":11,"category":0,"actions":[],"coordinates":[[372,37176],[396,37188],[440,37140]],"size":[2,2],"rotations":[0,0,0]},{"id":48533,"name":"Strangled Plant","type":10,"category":0,"actions":[],"coordinates":[[372,37168],[384,37156]],"size":[2,2],"rotations":[0,0]},{"id":14540,"name":"Mushroom","type":10,"category":0,"actions":[],"coordinates":[[370,37140],[374,37144],[426,37168],[442,37136],[462,37136],[486,37148]],"size":[1,1],"rotations":[0,0,0,0,0,0]},{"id":48549,"name":"Strangled Plant","type":10,"category":0,"actions":[],"coordinates":[[370,37128],[382,37200],[422,37208],[442,37148],[470,37120]],"size":[1,1],"rotations":[0,0,0,0,0]},{"id":48576,"name":"Rock","type":10,"category":0,"actions":[],"coordinates":[[374,37196],[406,37132],[418,37212],[438,37168],[454,37124]],"size":[1,1],"rotations":[0,0,0,0,0]},{"id":48537,"name":"Strangled Plant","type":10,"category":0,"actions":[],"coordinates":[[376,37184],[460,37160]],"size":[2,2],"rotations":[0,0]},{"id":48357,"name":"Strangled Tree","type":11,"category":0,"actions":[],"coordinates":[[376,37128],[456,37156]],"size":[2,2],"rotations":[0,0]},{"id":48575,"name":"Rock","type":10,"category":0,"actions":[],"coordinates":[[378,37192],[394,37212],[410,37124]],"size":[1,1],"rotations":[0,0,0]},{"id":48543,"name":"Strangled Fern","type":10,"category":0,"actions":[],"coordinates":[[380,37124],[384,37188]],"size":[2,2],"rotations":[0,0]},{"id":48358,"name":"Strangled Tree","type":10,"category":0,"actions":[],"coordinates":[[384,37120],[396,37120],[412,37128],[424,37196],[452,37132],[452,37116],[464,37128],[464,37116],[492,37124]],"size":[2,2],"rotations":[0,0,0,0,0,0,0,0,0]},{"id":48577,"name":"Rock","type":10,"category":0,"actions":[],"coordinates":[[390,37208],[442,37172],[458,37120],[466,37180]],"size":[1,1],"rotations":[0,0,0,0]},{"id":11913,"name":"Bush","type":10,"category":0,"actions":[],"coordinates":[[392,37200],[432,37200],[476,37180],[480,37136]],"size":[2,2],"rotations":[0,0,0,0]},{"id":48548,"name":"Strangled Plant","type":10,"category":0,"actions":[],"coordinates":[[390,37196],[402,37120],[414,37136],[426,37204],[434,37128],[458,37144]],"size":[1,1],"rotations":[0,0,0,0,0,0]},{"id":11914,"name":"Bush","type":10,"category":0,"actions":[],"coordinates":[[390,37192],[446,37164]],"size":[1,1],"rotations":[0,0]},{"id":48591,"name":"Strangled Tent","type":10,"category":0,"actions":[],"coordinates":[[394,37144]],"size":[3,3],"rotations":[0]},{"id":48354,"name":"Strangled Tree","type":10,"category":0,"actions":[],"coordinates":[[392,37136],[424,37160],[432,37192],[452,37168],[480,37144]],"size":[2,2],"rotations":[0,0,0,0,0]},{"id":48598,"name":"Broken Boaty","type":11,"category":0,"actions":[],"coordinates":[[398,37204],[410,37204]],"size":[3,3],"rotations":[0,0]},{"id":48596,"name":"Crate","type":10,"category":0,"actions":[],"coordinates":[[394,37184]],"size":[1,1],"rotations":[0]},{"id":48597,"name":"Crates","type":10,"category":0,"actions":[],"coordinates":[[394,37180],[406,37188]],"size":[1,1],"rotations":[0,0]},{"id":48594,"name":"Sacks","type":10,"category":0,"actions":[],"coordinates":[[394,37176],[402,37188],[414,37176]],"size":[1,1],"rotations":[0,0,0]},{"id":48590,"name":"Tent","type":10,"category":0,"actions":[],"coordinates":[[402,37172],[414,37176]],"size":[2,3],"rotations":[2,2]},{"id":48716,"name":"Old campfire","type":10,"category":0,"actions":[],"coordinates":[[402,37168]],"size":[1,1],"rotations":[0]},{"id":48592,"name":"Strangled Tent","type":10,"category":0,"actions":[],"coordinates":[[406,37148]],"size":[3,3],"rotations":[0]},{"id":48595,"name":"Barrel","type":10,"category":0,"actions":[],"coordinates":[[406,37184]],"size":[1,1],"rotations":[0]},{"id":48544,"name":"Strangled Fern","type":10,"category":0,"actions":[],"coordinates":[[416,37200],[468,37164],[468,37124],[504,37120]],"size":[2,2],"rotations":[0,0,0,0]},{"id":48578,"name":"Rock","type":10,"category":0,"actions":[],"coordinates":[[418,37124],[434,37144],[442,37132],[446,37124],[470,37180]],"size":[1,1],"rotations":[0,0,0,0,0]},{"id":48353,"name":"Strangled Tree","type":10,"category":0,"actions":[],"coordinates":[[432,37172]],"size":[2,2],"rotations":[0]},{"id":48554,"name":"Stangled Plant","type":10,"category":0,"actions":[],"coordinates":[[432,37136]],"size":[2,2],"rotations":[0]},{"id":48378,"name":"Strangled Tree","type":10,"category":0,"actions":[],"coordinates":[[440,37176],[476,37132]],"size":[2,2],"rotations":[0,0]},{"id":42405,"name":"Plant","type":10,"category":0,"actions":[],"coordinates":[[448,37156]],"size":[2,2],"rotations":[0]},{"id":42402,"name":"Plant","type":10,"category":0,"actions":[],"coordinates":[[448,37136]],"size":[2,2],"rotations":[0]},{"id":48589,"name":"Cave","type":10,"category":0,"actions":["Peek"],"coordinates":[[452,37180]],"size":[4,2],"rotations":[0]},{"id":11912,"name":"Bush","type":10,"category":0,"actions":[],"coordinates":[[454,37176]],"size":[1,1],"rotations":[0]},{"id":42400,"name":"Plant","type":10,"category":0,"actions":[],"coordinates":[[458,37152]],"size":[1,1],"rotations":[0]},{"id":48384,"name":"Strangled Tree","type":10,"category":0,"actions":[],"coordinates":[[468,37184]],"size":[2,2],"rotations":[0]},{"id":48545,"name":"Strangled Plant","type":10,"category":0,"actions":[],"coordinates":[[486,37120]],"size":[1,1],"rotations":[0]}]