[{"id":41857,"name":"Crates","type":10,"category":0,"actions":[],"coordinates":[[630,9380],[670,9364]],"size":[1,1],"rotations":[0,0]},{"id":41853,"name":"Ladder","type":10,"category":0,"actions":["Climb-up"],"coordinates":[[630,9372]],"size":[1,1],"rotations":[0]},{"id":41855,"name":"Boxes","type":10,"category":0,"actions":[],"coordinates":[[630,9368],[670,9380]],"size":[1,1],"rotations":[0,0]},{"id":21360,"name":"Table","type":10,"category":169,"actions":[],"coordinates":[[632,9360],[652,9376]],"size":[1,2],"rotations":[1,3]},{"id":41856,"name":"Crate","type":11,"category":0,"actions":[],"coordinates":[[634,9380],[666,9364]],"size":[1,1],"rotations":[0,0]},{"id":7182,"name":"Chair","type":10,"category":0,"actions":[],"coordinates":[[638,9380],[662,9380]],"size":[1,1],"rotations":[0,0]},{"id":9519,"name":"Barrel","type":10,"category":0,"actions":[],"coordinates":[[638,9364]],"size":[1,1],"rotations":[0]},{"id":5246,"name":"Bed","type":10,"category":0,"actions":[],"coordinates":[[648,9376]],"size":[1,2],"rotations":[2]},{"id":41858,"name":"Bookcase","type":10,"category":0,"actions":[],"coordinates":[[646,9364]],"size":[1,1],"rotations":[0]},{"id":27543,"name":"Pots","type":10,"category":0,"actions":[],"coordinates":[[654,9348]],"size":[1,1],"rotations":[0]},{"id":16641,"name":"Cooking range","type":10,"category":0,"actions":["Cook"],"coordinates":[[656,9336]],"size":[1,2],"rotations":[1]},{"id":41861,"name":"Gate","type":0,"category":0,"actions":["Open"],"coordinates":[[658,9356]],"size":[1,1],"rotations":[0]},{"id":15685,"name":"Cooking shelves","type":10,"category":0,"actions":[],"coordinates":[[662,9340]],"size":[1,1],"rotations":[0]},{"id":34940,"name":"Sacks","type":10,"category":220,"actions":[],"coordinates":[[670,9348]],"size":[1,1],"rotations":[0]},{"id":27707,"name":"Sink","type":10,"category":175,"actions":[],"coordinates":[[670,9344]],"size":[2,1],"rotations":[1]}]