[{"id":42389,"name":"Pine tree","type":10,"category":0,"actions":[],"coordinates":[[530,37138],[550,37194],[554,37146],[562,37218],[626,37290]],"size":[1,1,450],"rotations":[0,0,0,0,0]},{"id":11913,"name":"Bush","type":10,"category":0,"actions":[],"coordinates":[[560,37248],[584,37272],[588,37284]],"size":[2,2,162],"rotations":[0,0,0]},{"id":48766,"name":"Stone chest","type":10,"category":0,"actions":["Picklock"],"coordinates":[[570,37130]],"size":[1,1,94],"rotations":[0]},{"id":11366,"name":"Coal rocks","type":10,"category":200,"actions":["Mine"],"coordinates":[[578,37154],[582,37150]],"size":[1,1,84],"rotations":[0,0]},{"id":11374,"name":"Adamantite rocks","type":10,"category":197,"actions":["Mine"],"coordinates":[[578,37138],[586,37162]],"size":[1,1,84],"rotations":[0,0]},{"id":11376,"name":"Runite rocks","type":10,"category":202,"actions":["Mine"],"coordinates":[[578,37126]],"size":[1,1,84],"rotations":[0]},{"id":1289,"name":"Dead tree","type":10,"category":189,"actions":["Chop down"],"coordinates":[[582,37238],[586,37270],[594,37282],[626,37274]],"size":[1,1,289],"rotations":[0,0,0,0]},{"id":11367,"name":"Coal rocks","type":10,"category":200,"actions":["Mine"],"coordinates":[[582,37158]],"size":[1,1,89],"rotations":[0]},{"id":11372,"name":"Mithril rocks","type":10,"category":252,"actions":["Mine"],"coordinates":[[590,37130],[598,37138]],"size":[1,1,84],"rotations":[0,0]},{"id":11373,"name":"Mithril rocks","type":10,"category":252,"actions":["Mine"],"coordinates":[[594,37150]],"size":[1,1,89],"rotations":[0]},{"id":11435,"name":"Rockslide","type":10,"category":0,"actions":[],"coordinates":[[596,37132],[596,37124],[612,37144],[616,37136],[620,37164],[636,37164],[640,37196],[640,37172],[668,37300],[668,37288],[668,37280],[720,37200],[728,37204]],"size":[2,2,43],"rotations":[0,0,0,0,0,0,0,0,0,0,0,0,0]},{"id":11434,"name":"Rockslide","type":10,"category":0,"actions":[],"coordinates":[[604,37136],[608,37136],[612,37128],[616,37152],[628,37248],[628,37232],[632,37172],[636,37188],[640,37220],[648,37244],[648,37204],[648,37196],[656,37252],[660,37264],[664,37256],[664,37248],[668,37308],[668,37272],[672,37256],[724,37216],[728,37264],[728,37208],[732,37256],[736,37272],[736,37196],[740,37276],[744,37268],[752,37284]],"size":[2,2,43],"rotations":[0,0,0,0,0,0,0,0,0,0,0,0,0,0,0,0,0,0,0,0,0,0,0,0,0,0,0,0]},{"id":11432,"name":"Rockslide","type":10,"category":0,"actions":[],"coordinates":[[604,37128],[628,37240],[640,37180],[656,37208],[668,37264],[720,37208],[748,37276]],"size":[2,2,87],"rotations":[0,0,0,0,0,0,0]},{"id":11375,"name":"Adamantite rocks","type":10,"category":197,"actions":["Mine"],"coordinates":[[606,37142]],"size":[1,1,89],"rotations":[0]},{"id":11433,"name":"Rockslide","type":10,"category":0,"actions":[],"coordinates":[[620,37144],[628,37164],[636,37228],[644,37188],[656,37244],[672,37316],[728,37196],[736,37264]],"size":[2,2,87],"rotations":[0,0,0,0,0,0,0,0]},{"id":48717,"name":"Cave","type":10,"category":0,"actions":["Enter"],"coordinates":[[640,37290]],"size":[6,3,238],"rotations":[1]},{"id":11922,"name":"Rockslide","type":10,"category":0,"actions":[],"coordinates":[[652,37156],[660,37228],[660,37160],[664,37184],[664,37176],[680,37240],[684,37288],[684,37248],[688,37300],[700,37256],[708,37260],[708,37188],[716,37184],[720,37144],[724,37136],[728,37144],[736,37172],[748,37140],[756,37168],[764,37164],[768,37148]],"size":[2,2,43],"rotations":[0,0,0,0,0,0,0,0,0,0,0,0,0,0,0,0,0,0,0,0,0]},{"id":47356,"name":"Cave","type":10,"category":0,"actions":[],"coordinates":[[720,37290],[760,37182]],"size":[6,3,238],"rotations":[0,0]},{"id":42186,"name":"Table","type":10,"category":154,"actions":[],"coordinates":[[732,37248],[748,37248],[748,37220]],"size":[2,2,88],"rotations":[0,0,0]},{"id":42072,"name":"Barrel","type":11,"category":0,"actions":[],"coordinates":[[730,37242],[730,37218],[738,37250],[742,37222],[746,37242],[750,37226]],"size":[1,1,99],"rotations":[0,0,0,0,0,0]},{"id":27228,"name":"Barrel","type":11,"category":0,"actions":[],"coordinates":[[730,37238]],"size":[1,1,133],"rotations":[0]},{"id":42074,"name":"Barrel","type":10,"category":0,"actions":[],"coordinates":[[730,37234]],"size":[1,1,63],"rotations":[0]},{"id":5615,"name":"Bench","type":10,"category":0,"actions":[],"coordinates":[[760,37290]],"size":[2,1,120],"rotations":[3]},{"id":34659,"name":"The Sheared Ram","type":10,"category":0,"actions":[],"coordinates":[[758,37218]],"size":[1,1,314],"rotations":[0]},{"id":11468,"name":"Lantern","type":11,"category":0,"actions":[],"coordinates":[[762,37250]],"size":[1,1,325],"rotations":[0]}]