[{"id":42389,"name":"Pine tree","type":10,"category":0,"actions":[],"coordinates":[[530,37136],[550,37192],[554,37144],[562,37216],[626,37288]],"size":[1,1],"rotations":[0,0,0,0,0]},{"id":11913,"name":"Bush","type":10,"category":0,"actions":[],"coordinates":[[560,37244],[584,37268],[588,37280]],"size":[2,2],"rotations":[0,0,0]},{"id":48766,"name":"Stone chest","type":10,"category":0,"actions":["Picklock"],"coordinates":[[570,37128]],"size":[1,1],"rotations":[0]},{"id":11366,"name":"Coal rocks","type":10,"category":200,"actions":["Mine"],"coordinates":[[578,37152],[582,37148]],"size":[1,1],"rotations":[0,0]},{"id":11374,"name":"Adamantite rocks","type":10,"category":197,"actions":["Mine"],"coordinates":[[578,37136],[586,37160]],"size":[1,1],"rotations":[0,0]},{"id":11376,"name":"Runite rocks","type":10,"category":202,"actions":["Mine"],"coordinates":[[578,37124]],"size":[1,1],"rotations":[0]},{"id":1289,"name":"Dead tree","type":10,"category":189,"actions":["Chop down"],"coordinates":[[582,37236],[586,37268],[594,37280],[626,37272]],"size":[1,1],"rotations":[0,0,0,0]},{"id":11367,"name":"Coal rocks","type":10,"category":200,"actions":["Mine"],"coordinates":[[582,37156]],"size":[1,1],"rotations":[0]},{"id":11372,"name":"Mithril rocks","type":10,"category":252,"actions":["Mine"],"coordinates":[[590,37128],[598,37136]],"size":[1,1],"rotations":[0,0]},{"id":11373,"name":"Mithril rocks","type":10,"category":252,"actions":["Mine"],"coordinates":[[594,37148]],"size":[1,1],"rotations":[0]},{"id":11435,"name":"Rockslide","type":10,"category":0,"actions":[],"coordinates":[[596,37128],[596,37120],[612,37140],[616,37132],[620,37160],[636,37160],[640,37192],[640,37168],[668,37296],[668,37284],[668,37276],[720,37196],[728,37200]],"size":[2,2],"rotations":[0,0,0,0,0,0,0,0,0,0,0,0,0]},{"id":11434,"name":"Rockslide","type":10,"category":0,"actions":[],"coordinates":[[604,37132],[608,37132],[612,37124],[616,37148],[628,37244],[628,37228],[632,37168],[636,37184],[640,37216],[648,37240],[648,37200],[648,37192],[656,37248],[660,37260],[664,37252],[664,37244],[668,37304],[668,37268],[672,37252],[724,37212],[728,37260],[728,37204],[732,37252],[736,37268],[736,37192],[740,37272],[744,37264],[752,37280]],"size":[2,2],"rotations":[0,0,0,0,0,0,0,0,0,0,0,0,0,0,0,0,0,0,0,0,0,0,0,0,0,0,0,0]},{"id":11432,"name":"Rockslide","type":10,"category":0,"actions":[],"coordinates":[[604,37124],[628,37236],[640,37176],[656,37204],[668,37260],[720,37204],[748,37272]],"size":[2,2],"rotations":[0,0,0,0,0,0,0]},{"id":11375,"name":"Adamantite rocks","type":10,"category":197,"actions":["Mine"],"coordinates":[[606,37140]],"size":[1,1],"rotations":[0]},{"id":11433,"name":"Rockslide","type":10,"category":0,"actions":[],"coordinates":[[620,37140],[628,37160],[636,37224],[644,37184],[656,37240],[672,37312],[728,37192],[736,37260]],"size":[2,2],"rotations":[0,0,0,0,0,0,0,0]},{"id":48717,"name":"Cave","type":10,"category":0,"actions":["Enter"],"coordinates":[[634,37280]],"size":[6,3],"rotations":[1]},{"id":11922,"name":"Rockslide","type":10,"category":0,"actions":[],"coordinates":[[652,37152],[660,37224],[660,37156],[664,37180],[664,37172],[680,37236],[684,37284],[684,37244],[688,37296],[700,37252],[708,37256],[708,37184],[716,37180],[720,37140],[724,37132],[728,37140],[736,37168],[748,37136],[756,37164],[764,37160],[768,37144]],"size":[2,2],"rotations":[0,0,0,0,0,0,0,0,0,0,0,0,0,0,0,0,0,0,0,0,0]},{"id":47356,"name":"Cave","type":10,"category":0,"actions":[],"coordinates":[[714,37280],[754,37172]],"size":[6,3],"rotations":[0,0]},{"id":42186,"name":"Table","type":10,"category":154,"actions":[],"coordinates":[[732,37244],[748,37244],[748,37216]],"size":[2,2],"rotations":[0,0,0]},{"id":42072,"name":"Barrel","type":11,"category":0,"actions":[],"coordinates":[[730,37240],[730,37216],[738,37248],[742,37220],[746,37240],[750,37224]],"size":[1,1],"rotations":[0,0,0,0,0,0]},{"id":27228,"name":"Barrel","type":11,"category":0,"actions":[],"coordinates":[[730,37236]],"size":[1,1],"rotations":[0]},{"id":42074,"name":"Barrel","type":10,"category":0,"actions":[],"coordinates":[[730,37232]],"size":[1,1],"rotations":[0]},{"id":5615,"name":"Bench","type":10,"category":0,"actions":[],"coordinates":[[758,37288]],"size":[2,1],"rotations":[3]},{"id":34659,"name":"The Sheared Ram","type":10,"category":0,"actions":[],"coordinates":[[758,37216]],"size":[1,1],"rotations":[0]},{"id":11468,"name":"Lantern","type":11,"category":0,"actions":[],"coordinates":[[762,37248]],"size":[1,1],"rotations":[0]}]