[{"id":42379,"name":"Pine tree","type":10,"category":0,"actions":[],"coordinates":[[516,37048],[528,37020],[568,37012],[572,37044],[600,37024],[644,37020],[668,36980],[700,36960]],"size":[2,2,889],"rotations":[0,0,0,0,0,0,0,0]},{"id":47370,"name":"Plant","type":10,"category":0,"actions":[],"coordinates":[[514,37042],[522,37050],[534,37014],[542,37058],[546,37062],[566,37006],[638,37022],[642,36994],[666,36974],[674,36962],[682,36946],[706,36958],[758,36934]],"size":[1,1,142],"rotations":[0,0,0,0,0,0,0,0,0,0,0,0,0]},{"id":48355,"name":"Strangled Tree","type":11,"category":0,"actions":[],"coordinates":[[516,36928],[536,36896],[652,36872]],"size":[2,2,889],"rotations":[0,0,0]},{"id":48370,"name":"Pine","type":10,"category":0,"actions":[],"coordinates":[[516,36884]],"size":[2,2,887],"rotations":[0]},{"id":48495,"name":"Tendril","type":22,"category":1826,"actions":[],"coordinates":[[514,36874],[514,36870],[518,36870],[522,37030],[526,37034],[530,37030],[534,37034],[538,36894],[538,36890],[554,36946],[558,36950],[562,36946],[646,36898]],"size":[1,1,32],"rotations":[0,0,0,0,0,0,0,0,0,0,0,0,0]},{"id":47371,"name":"Plant","type":10,"category":0,"actions":[],"coordinates":[[518,37054],[530,37026],[542,37022],[550,37050],[570,37030],[582,37026],[650,37022],[654,36982],[674,36978],[678,36994],[682,36950],[694,36934],[730,36938],[742,36934],[758,36930],[758,36918]],"size":[1,1,142],"rotations":[0,0,0,0,0,0,0,0,0,0,0,0,0,0,0,0]},{"id":48361,"name":"Strangled Tree","type":11,"category":0,"actions":[],"coordinates":[[520,36940]],"size":[2,2,820],"rotations":[0]},{"id":48368,"name":"Pine","type":10,"category":0,"actions":[],"coordinates":[[520,36896],[532,36924],[640,36904]],"size":[2,2,889],"rotations":[0,0,0]},{"id":48499,"name":"Tendril","type":22,"category":1826,"actions":[],"coordinates":[[518,36874],[518,36866],[522,37034],[526,37026],[534,37038],[534,37030],[534,36890],[542,36894],[554,36942],[562,36950],[562,36942],[562,36890],[566,36890],[642,36898],[646,36894]],"size":[1,1,86],"rotations":[0,0,0,0,0,0,0,0,0,0,0,0,0,0,0]},{"id":48543,"name":"Strangled Fern","type":10,"category":0,"actions":[],"coordinates":[[524,36924],[528,36900],[668,36872],[696,36864]],"size":[2,2,143],"rotations":[0,0,0,0]},{"id":48358,"name":"Strangled Tree","type":10,"category":0,"actions":[],"coordinates":[[524,36888],[544,36940],[664,36880]],"size":[2,2,892],"rotations":[0,0,0]},{"id":48497,"name":"Tendril","type":22,"category":1826,"actions":[],"coordinates":[[526,37030],[530,37034],[558,36946]],"size":[1,1,24],"rotations":[0,0,0]},{"id":48356,"name":"Strangled Tree","type":10,"category":0,"actions":[],"coordinates":[[528,36876]],"size":[2,2,873],"rotations":[0]},{"id":14540,"name":"Mushroom","type":10,"category":0,"actions":[],"coordinates":[[526,36870],[530,36890]],"size":[1,1,162],"rotations":[0,0]},{"id":48357,"name":"Strangled Tree","type":10,"category":0,"actions":[],"coordinates":[[532,36944]],"size":[2,2,873],"rotations":[0]},{"id":48352,"name":"Strangled Tree","type":10,"category":0,"actions":[],"coordinates":[[532,36932]],"size":[2,2,179],"rotations":[0]},{"id":48550,"name":"Stangled Plant","type":10,"category":0,"actions":[],"coordinates":[[532,36868]],"size":[2,2,142],"rotations":[0]},{"id":48761,"name":"Stone chest","type":10,"category":0,"actions":["Search"],"coordinates":[[534,37070]],"size":[1,1,101],"rotations":[0]},{"id":48650,"name":"Stone chest","type":10,"category":0,"actions":[],"coordinates":[[534,37066]],"size":[1,1,94],"rotations":[0]},{"id":42378,"name":"Pine tree","type":10,"category":0,"actions":[],"coordinates":[[536,37024],[540,37016],[548,37056],[572,37036],[648,36992],[656,37024],[676,36972],[676,36876],[688,36948]],"size":[2,2,889],"rotations":[0,0,0,0,0,0,0,0,0]},{"id":42400,"name":"Plant","type":10,"category":0,"actions":[],"coordinates":[[534,37018],[546,37050],[554,37014],[574,37010],[578,37034],[578,36926],[594,37022],[610,37014],[610,36922],[658,37010],[674,36966],[682,36890],[694,36898],[702,36966],[706,36954],[714,36930],[746,36934],[758,36870]],"size":[1,1,133],"rotations":[0,0,0,0,0,0,0,0,0,0,0,0,0,0,0,0,0,0]},{"id":42377,"name":"Pine tree","type":10,"category":0,"actions":[],"coordinates":[[540,37060],[560,36928],[568,36900],[572,36932],[580,37040],[588,36916],[608,36940],[616,37016],[616,36924],[616,36908],[656,36988],[664,37012],[680,36956],[684,36872],[692,36940]],"size":[2,2,889],"rotations":[0,0,0,0,0,0,0,0,0,0,0,0,0,0,0]},{"id":42401,"name":"Plant","type":10,"category":0,"actions":[],"coordinates":[[540,37052],[576,37028],[608,37020],[752,36932]],"size":[2,2,142],"rotations":[0,0,0,0]},{"id":48544,"name":"Strangled Fern","type":10,"category":0,"actions":[],"coordinates":[[540,36932]],"size":[2,2,143],"rotations":[0]},{"id":11914,"name":"Bush","type":10,"category":0,"actions":[],"coordinates":[[538,36918],[734,36870]],"size":[1,1,162],"rotations":[0,0]},{"id":48374,"name":"Strangled Tree","type":10,"category":0,"actions":[],"coordinates":[[540,36884]],"size":[2,2,859],"rotations":[0]},{"id":48545,"name":"Strangled Plant","type":10,"category":0,"actions":[],"coordinates":[[538,36874],[558,36878],[650,36878]],"size":[1,1,133],"rotations":[0,0,0]},{"id":48548,"name":"Strangled Plant","type":10,"category":0,"actions":[],"coordinates":[[542,36926],[554,36950],[626,36902]],"size":[1,1,133],"rotations":[0,0,0]},{"id":48538,"name":"Strangled Plant","type":10,"category":0,"actions":[],"coordinates":[[548,36948],[632,36900]],"size":[2,2,97],"rotations":[0,0]},{"id":48542,"name":"Strangled Fern","type":10,"category":0,"actions":[],"coordinates":[[548,36872]],"size":[2,2,143],"rotations":[0]},{"id":42404,"name":"Plant","type":10,"category":0,"actions":[],"coordinates":[[550,36914],[578,36902],[622,36910],[630,37014],[642,36922],[654,36994],[662,37018],[670,36974],[674,36998],[682,36866],[686,36954],[686,36942],[698,36938],[726,36938],[742,36874],[746,36914],[754,36914]],"size":[1,1,133],"rotations":[0,0,0,0,0,0,0,0,0,0,0,0,0,0,0,0,0]},{"id":42402,"name":"Plant","type":10,"category":0,"actions":[],"coordinates":[[556,36900],[580,36916],[700,36876],[704,36892],[736,36880]],"size":[2,2,97],"rotations":[0,0,0,0,0]},{"id":48354,"name":"Strangled Tree","type":10,"category":0,"actions":[],"coordinates":[[556,36872]],"size":[2,2,889],"rotations":[0]},{"id":42405,"name":"Plant","type":10,"category":0,"actions":[],"coordinates":[[560,37012],[564,37032],[624,37012],[660,36980],[660,36912],[668,37004],[680,36964],[708,36932],[752,36916]],"size":[2,2,142],"rotations":[0,0,0,0,0,0,0,0,0]},{"id":48373,"name":"Pine","type":10,"category":0,"actions":[],"coordinates":[[560,36896],[580,36936],[588,36896],[628,36920],[696,36892],[712,36896],[728,36884],[748,36876]],"size":[2,2,887],"rotations":[0,0,0,0,0,0,0,0]},{"id":11434,"name":"Rockslide","type":10,"category":0,"actions":[],"coordinates":[[564,37076],[580,37092],[580,37076],[580,37068],[584,37108],[588,37100],[596,37056],[604,37060],[604,37044],[612,37040],[620,37044],[648,37060],[656,37048],[660,37064],[664,37052],[668,37072],[676,37064],[684,37020],[688,37036],[688,37028],[696,37044],[696,37028],[700,37004],[704,37036],[708,37008],[712,36996],[712,36980],[724,36972],[752,36976],[756,37020],[756,36960],[760,37004],[760,36984],[764,37028],[764,36968],[768,37012]],"size":[2,2,43],"rotations":[0,0,0,0,0,0,0,0,0,0,0,0,0,0,0,0,0,0,0,0,0,0,0,0,0,0,0,0,0,0,0,0,0,0,0,0]},{"id":11912,"name":"Bush","type":10,"category":0,"actions":[],"coordinates":[[562,36954]],"size":[1,1,143],"rotations":[0]},{"id":48372,"name":"Pine","type":10,"category":0,"actions":[],"coordinates":[[568,36952]],"size":[2,2,868],"rotations":[0]},{"id":11435,"name":"Rockslide","type":10,"category":0,"actions":[],"coordinates":[[572,37100],[572,37092],[572,37064],[576,37108],[596,37108],[600,37112],[612,37056],[640,37052],[692,37012],[700,37020],[708,36988],[716,36972],[748,36968],[748,36960],[752,37012],[760,36996],[760,36988]],"size":[2,2,43],"rotations":[0,0,0,0,0,0,0,0,0,0,0,0,0,0,0,0,0]},{"id":11432,"name":"Rockslide","type":10,"category":0,"actions":[],"coordinates":[[572,37072],[580,37100],[612,37048],[648,37052],[692,37020],[716,36988],[760,37012],[760,36976]],"size":[2,2,87],"rotations":[0,0,0,0,0,0,0,0]},{"id":48452,"name":"Ruined Monument","type":10,"category":0,"actions":[],"coordinates":[[578,36954]],"size":[3,3,171],"rotations":[0]},{"id":42398,"name":"Plant","type":10,"category":0,"actions":[],"coordinates":[[576,36896],[636,36920]],"size":[2,2,97],"rotations":[0,0]},{"id":11364,"name":"Iron rocks","type":10,"category":218,"actions":["Mine"],"coordinates":[[582,37118],[590,37118]],"size":[1,1,84],"rotations":[0,0]},{"id":11365,"name":"Iron rocks","type":10,"category":218,"actions":["Mine"],"coordinates":[[586,37114]],"size":[1,1,89],"rotations":[0]},{"id":42399,"name":"Plant","type":10,"category":0,"actions":[],"coordinates":[[588,36932],[656,37016],[676,36868],[748,36868]],"size":[2,2,143],"rotations":[0,0,0,0]},{"id":11922,"name":"Rockslide","type":10,"category":0,"actions":[],"coordinates":[[596,37088],[612,37104],[612,37076],[632,37116],[640,37104],[640,37076],[648,37116],[648,37108],[648,37080],[664,37104],[672,37112],[680,37108],[692,37108],[692,37072],[696,37116],[700,37064],[708,37112],[708,37068],[708,37052],[708,37044],[716,37056],[724,37048],[724,37020],[728,37116],[728,37004],[732,36996],[736,37108],[736,37012],[740,37060],[740,37024],[740,36996],[744,37116],[744,37004],[748,37068],[748,37052],[752,37092],[752,37076],[756,37060],[764,37104]],"size":[2,2,43],"rotations":[0,0,0,0,0,0,0,0,0,0,0,0,0,0,0,0,0,0,0,0,0,0,0,0,0,0,0,0,0,0,0,0,0,0,0,0,0,0,0]},{"id":48438,"name":"Pillar","type":10,"category":0,"actions":[],"coordinates":[[598,36886],[598,36874],[714,36874]],"size":[1,1,398],"rotations":[0,0,0]},{"id":11433,"name":"Rockslide","type":10,"category":0,"actions":[],"coordinates":[[604,37052],[656,37056],[668,37064],[696,37036],[700,37012],[720,36980],[756,36968],[764,37020]],"size":[2,2,87],"rotations":[0,0,0,0,0,0,0,0]},{"id":48435,"name":"Pillar","type":10,"category":0,"actions":[],"coordinates":[[610,36886],[610,36874],[726,36870]],"size":[1,1,419],"rotations":[0,0,0]},{"id":11911,"name":"Bush","type":10,"category":0,"actions":[],"coordinates":[[616,36936],[616,36900],[648,36904],[688,36864]],"size":[2,2,143],"rotations":[0,0,0,0]},{"id":42403,"name":"Plant","type":10,"category":0,"actions":[],"coordinates":[[624,36928]],"size":[2,2,143],"rotations":[0]},{"id":11920,"name":"Rockslide","type":10,"category":0,"actions":[],"coordinates":[[640,37112],[672,37104],[700,37108],[700,37072],[716,37048],[736,37004],[748,37060]],"size":[2,2,87],"rotations":[0,0,0,0,0,0,0]},{"id":48549,"name":"Strangled Plant","type":10,"category":0,"actions":[],"coordinates":[[638,36898]],"size":[1,1,133],"rotations":[0]},{"id":48378,"name":"Strangled Tree","type":10,"category":0,"actions":[],"coordinates":[[648,36884]],"size":[2,2,859],"rotations":[0]},{"id":48533,"name":"Strangled Plant","type":10,"category":0,"actions":[],"coordinates":[[656,36876]],"size":[2,2,97],"rotations":[0]},{"id":48575,"name":"Rock","type":10,"category":0,"actions":[],"coordinates":[[686,36898],[710,36870],[722,36886],[730,36878]],"size":[1,1,54],"rotations":[0,0,0,0]},{"id":48576,"name":"Rock","type":10,"category":0,"actions":[],"coordinates":[[686,36894]],"size":[1,1,65],"rotations":[0]},{"id":11923,"name":"Rockslide","type":10,"category":0,"actions":[],"coordinates":[[696,37100],[704,37104],[716,37040],[732,37108],[756,37084],[760,37092],[764,37112]],"size":[2,2,43],"rotations":[0,0,0,0,0,0,0]},{"id":48578,"name":"Rock","type":10,"category":0,"actions":[],"coordinates":[[698,36886],[714,36890],[726,36890],[762,36874]],"size":[1,1,56],"rotations":[0,0,0,0]},{"id":11913,"name":"Bush","type":10,"category":0,"actions":[],"coordinates":[[720,36872],[760,36864]],"size":[2,2,162],"rotations":[0,0]},{"id":11921,"name":"Rockslide","type":10,"category":0,"actions":[],"coordinates":[[736,37116]],"size":[2,2,87],"rotations":[0]},{"id":48432,"name":"Pillar","type":11,"category":0,"actions":[],"coordinates":[[738,36866]],"size":[1,1,418],"rotations":[0]}]