[{"id":1282,"name":"Dead tree","type":10,"category":189,"actions":["Chop down"],"coordinates":[[772,36304],[780,36116],[800,36208],[820,36128],[824,36336],[840,36300],[872,36336],[880,36228],[892,36252],[952,36128],[964,36232],[980,36104],[1004,36128]],"size":[2,2,510],"rotations":[0,0,0,0,0,0,0,0,0,0,0,0,0]},{"id":1289,"name":"Dead tree","type":10,"category":189,"actions":["Chop down"],"coordinates":[[770,36186],[778,36098],[786,36246],[794,36154],[798,36258],[826,36246],[850,36286],[866,36134],[878,36282],[938,36102],[950,36158],[954,36230],[966,36098],[974,36218],[982,36162],[998,36198],[998,36110],[1002,36162],[1006,36150],[1018,36234],[1018,36154]],"size":[1,1,289],"rotations":[0,0,0,0,0,0,0,0,0,0,0,0,0,0,0,0,0,0,0,0,0]},{"id":11191,"name":"Rockslide","type":10,"category":0,"actions":[],"coordinates":[[776,36224],[792,36268],[860,36288],[872,36304],[884,36292],[904,36096],[984,36132],[988,36184],[1016,36212]],"size":[2,2,87],"rotations":[0,0,0,0,0,0,0,0,0]},{"id":29947,"name":"Drained Crystal","type":10,"category":0,"actions":[],"coordinates":[[792,36196],[840,36244],[840,36124],[904,36132],[924,36212],[960,36168]],"size":[4,4,342],"rotations":[0,0,0,0,0,0]},{"id":11913,"name":"Bush","type":10,"category":0,"actions":[],"coordinates":[[792,36184],[852,36124],[860,36244],[880,36152],[892,36212],[900,36180],[920,36124],[948,36164]],"size":[2,2,162],"rotations":[0,0,0,0,0,0,0,0]},{"id":29952,"name":"Rubble","type":10,"category":0,"actions":[],"coordinates":[[802,36218],[818,36234],[850,36238],[886,36210]],"size":[1,1,58],"rotations":[0,0,0,0]},{"id":29776,"name":"Recruiting board","type":4,"category":0,"actions":["Read"],"coordinates":[[802,36182],[866,36234],[890,36182]],"size":[1,1,225],"rotations":[0,0,0]},{"id":32544,"name":"Score board","type":4,"category":0,"actions":["Read"],"coordinates":[[802,36170],[878,36178]],"size":[1,1,225],"rotations":[0,0]},{"id":29949,"name":"Rubble","type":10,"category":0,"actions":[],"coordinates":[[810,36210],[822,36174],[858,36218],[858,36174],[882,36222],[906,36210]],"size":[1,1,48],"rotations":[0,0,0,0,0,0]},{"id":29951,"name":"Rubble","type":10,"category":0,"actions":[],"coordinates":[[810,36190],[814,36186],[822,36206],[826,36166],[862,36214],[866,36206],[870,36218],[870,36182]],"size":[1,1,48],"rotations":[0,0,0,0,0,0,0,0]},{"id":11193,"name":"Rockslide","type":10,"category":0,"actions":[],"coordinates":[[824,36292],[892,36296],[908,36300]],"size":[2,2,43],"rotations":[0,0,0]},{"id":11190,"name":"Rockslide","type":10,"category":0,"actions":[],"coordinates":[[824,36240],[888,36284],[892,36128],[944,36132]],"size":[2,2,87],"rotations":[0,0,0,0]},{"id":29937,"name":"Xerician Statue","type":10,"category":0,"actions":[],"coordinates":[[840,36196]],"size":[4,4,299],"rotations":[0]},{"id":29777,"name":"Chambers of Xeric","type":10,"category":0,"actions":["Enter"],"coordinates":[[840,36138]],"size":[4,1,606],"rotations":[2]},{"id":27223,"name":"Crate","type":11,"category":0,"actions":[],"coordinates":[[858,36238],[882,36174],[886,36178],[902,36174],[914,36142],[918,36138],[942,36150]],"size":[1,1,91],"rotations":[0,0,0,0,0,0,0]},{"id":27224,"name":"Crates","type":11,"category":0,"actions":[],"coordinates":[[866,36242],[886,36174],[930,36146],[938,36154],[1006,36170]],"size":[1,1,180],"rotations":[0,0,0,0,0]},{"id":29950,"name":"Rubble","type":10,"category":0,"actions":[],"coordinates":[[870,36202]],"size":[1,1,45],"rotations":[0]},{"id":1303,"name":"Tree","type":10,"category":0,"actions":[],"coordinates":[[896,36288],[900,36296],[904,36272],[940,36284],[944,36320],[944,36256],[976,36256],[980,36336],[980,36296],[1008,36240]],"size":[2,2,363],"rotations":[0,0,0,0,0,0,0,0,0,0]},{"id":29944,"name":"Great Olmic Statue","type":10,"category":0,"actions":[],"coordinates":[[904,36204],[904,36188],[944,36188]],"size":[2,2,335],"rotations":[0,0,0]},{"id":10529,"name":"Bank Deposit Box","type":10,"category":276,"actions":["Deposit"],"coordinates":[[914,36146]],"size":[1,1,240],"rotations":[0]},{"id":7044,"name":"Buffers","type":10,"category":0,"actions":[],"coordinates":[[922,36242]],"size":[1,1,104],"rotations":[0]},{"id":7022,"name":"Track","type":22,"category":0,"actions":[],"coordinates":[[922,36238],[922,36234]],"size":[1,1,24],"rotations":[0,0]},{"id":28835,"name":"Minecart","type":10,"category":0,"actions":["Travel"],"coordinates":[[922,36238]],"size":[1,1,104],"rotations":[0]},{"id":29948,"name":"Drained Crystal","type":10,"category":0,"actions":[],"coordinates":[[924,36172]],"size":[2,2,422],"rotations":[0]},{"id":30087,"name":"Bank chest","type":10,"category":237,"actions":["Use","Collect"],"coordinates":[[922,36142]],"size":[1,1,132],"rotations":[0]},{"id":28837,"name":"Control panel","type":10,"category":0,"actions":[],"coordinates":[[930,36242]],"size":[1,1,128],"rotations":[0]},{"id":30107,"name":"Storage unit","type":10,"category":0,"actions":["Private"],"coordinates":[[930,36142]],"size":[1,1,164],"rotations":[0]},{"id":11192,"name":"Rockslide","type":11,"category":0,"actions":[],"coordinates":[[936,36240]],"size":[2,2,43],"rotations":[0]},{"id":29945,"name":"Great Olmic Statue","type":10,"category":0,"actions":[],"coordinates":[[944,36204]],"size":[2,2,227],"rotations":[0]},{"id":29946,"name":"Great Olmic Statue","type":10,"category":0,"actions":[],"coordinates":[[950,36202]],"size":[1,1,35],"rotations":[0]},{"id":27364,"name":"Wooden cart","type":11,"category":0,"actions":[],"coordinates":[[996,36178]],"size":[2,3,195],"rotations":[3]},{"id":27227,"name":"Barrel","type":10,"category":0,"actions":[],"coordinates":[[1006,36166]],"size":[1,1,63],"rotations":[0]},{"id":28521,"name":"Sleeping bag","type":10,"category":0,"actions":[],"coordinates":[[1012,36164],[1020,36164]],"size":[2,2,20],"rotations":[0,0]}]