[{"id":42072,"name":"Barrel","type":10,"category":0,"actions":[],"coordinates":[[798,37242]],"size":[1,1,99],"rotations":[0]},{"id":42066,"name":"Crate","type":10,"category":0,"actions":[],"coordinates":[[798,37238],[810,37230],[814,37230]],"size":[1,1,91],"rotations":[0,0,0]},{"id":42068,"name":"Crates","type":11,"category":0,"actions":[],"coordinates":[[802,37226]],"size":[1,1,180],"rotations":[0]},{"id":46708,"name":"Wall","type":3,"category":0,"actions":["Push-against"],"coordinates":[[814,37238],[814,37226],[822,37238],[822,37226],[830,37238],[830,37226]],"size":[1,1,240],"rotations":[0,0,0,0,0,0]},{"id":27759,"name":"Rowboat","type":10,"category":0,"actions":[],"coordinates":[[820,37238],[832,37226]],"size":[2,3,92],"rotations":[1,2]},{"id":10829,"name":"Willow tree","type":10,"category":286,"actions":["Chop down"],"coordinates":[[952,37224]],"size":[2,2,354],"rotations":[0]},{"id":10831,"name":"Willow tree","type":10,"category":286,"actions":["Chop down"],"coordinates":[[960,37232]],"size":[2,2,354],"rotations":[0]},{"id":7466,"name":"Apple Tree","type":10,"category":0,"actions":[],"coordinates":[[968,37256],[972,37248]],"size":[2,2,262],"rotations":[0,0]}]