[{"id":34423,"name":"Cat","type":10,"category":0,"actions":[],"coordinates":[[1062,10120]],"size":[2,1],"rotations":[3]},{"id":34401,"name":"Olmic pillar","type":11,"category":0,"actions":[],"coordinates":[[1062,10056],[1062,10028],[1066,10128],[1066,10108],[1090,10056],[1090,10028],[1114,10128],[1126,10128],[1142,10056],[1142,10028],[1150,10108],[1158,10128],[1162,10108],[1170,10128],[1170,10056],[1170,10028],[1210,10056],[1210,10028],[1222,10128],[1222,10108],[1222,10076],[1234,10128],[1234,10108],[1234,10076],[1238,10056],[1238,10028]],"size":[1,1],"rotations":[0,0,0,0,0,0,0,0,0,0,0,0,0,0,0,0,0,0,0,0,0,0,0,0,0,0]},{"id":34427,"name":"Vase","type":10,"category":0,"actions":[],"coordinates":[[1066,10028],[1106,10092],[1110,10064],[1114,10092],[1114,10084],[1150,10064],[1162,10064],[1194,10024],[1214,10056],[1238,10052]],"size":[1,1],"rotations":[0,0,0,0,0,0,0,0,0,0]},{"id":34422,"name":"Strange hole","type":10,"category":0,"actions":["Jump-in"],"coordinates":[[1076,10116]],"size":[2,2],"rotations":[0]},{"id":12241,"name":"Bones","type":10,"category":0,"actions":[],"coordinates":[[1086,10104],[1118,10112],[1170,10052],[1190,10112],[1218,10080]],"size":[1,1],"rotations":[0,0,0,0,0]},{"id":34428,"name":"Vase","type":10,"category":0,"actions":[],"coordinates":[[1090,10052],[1106,10064],[1110,10092],[1114,10072],[1114,10064],[1146,10064],[1166,10064],[1214,10028]],"size":[1,1],"rotations":[0,0,0,0,0,0,0,0]},{"id":34429,"name":"Stone chest","type":10,"category":0,"actions":["Picklock"],"coordinates":[[1108,10084],[1108,10068],[1116,10076]],"size":[2,2],"rotations":[0,0,0]},{"id":34420,"name":"Lizardman eggs","type":10,"category":0,"actions":[],"coordinates":[[1110,10160],[1114,10148],[1118,10156],[1118,10152],[1122,10156],[1122,10152]],"size":[1,1],"rotations":[0,0,0,0,0,0]},{"id":34419,"name":"Lizardman eggs","type":10,"category":0,"actions":[],"coordinates":[[1110,10152],[1130,10156]],"size":[1,1],"rotations":[0,0]},{"id":12242,"name":"Bones","type":10,"category":0,"actions":[],"coordinates":[[1142,10032],[1234,10028],[1238,10088]],"size":[1,1],"rotations":[0,0,0]},{"id":34424,"name":"Stone chest","type":10,"category":0,"actions":[],"coordinates":[[1156,10060]],"size":[2,2],"rotations":[0]},{"id":34426,"name":"Stone chest","type":10,"category":0,"actions":[],"coordinates":[[1188,10020]],"size":[2,2],"rotations":[0]},{"id":12240,"name":"Bones","type":10,"category":0,"actions":[],"coordinates":[[1210,10052],[1218,10092],[1230,10076]],"size":[1,1],"rotations":[0,0,0]},{"id":34406,"name":"Stone table","type":10,"category":0,"actions":[],"coordinates":[[1228,10080]],"size":[2,2],"rotations":[0]},{"id":34431,"name":"Stone chest","type":10,"category":0,"actions":["Search"],"coordinates":[[1236,10116]],"size":[2,2],"rotations":[0]}]