[{"id":1325,"name":"Roots","type":10,"category":0,"actions":[],"coordinates":[[1042,10624],[1142,10612],[1246,10560]],"size":[1,1],"rotations":[0,0,0]},{"id":666,"name":"Corpse","type":10,"category":0,"actions":[],"coordinates":[[1042,10600]],"size":[2,1],"rotations":[3]},{"id":10785,"name":"Rock","type":10,"category":0,"actions":[],"coordinates":[[1050,10628],[1114,10656],[1182,10648],[1218,10608]],"size":[1,1],"rotations":[0,0,0,0]},{"id":14020,"name":"Bones","type":10,"category":0,"actions":[],"coordinates":[[1050,10580]],"size":[1,1],"rotations":[0]},{"id":11425,"name":"Mossy rock","type":10,"category":0,"actions":[],"coordinates":[[1070,10580],[1142,10540],[1154,10636],[1166,10592],[1190,10648],[1194,10556]],"size":[1,1],"rotations":[0,0,0,0,0,0]},{"id":1366,"name":"Roots","type":10,"category":0,"actions":[],"coordinates":[[1074,10580],[1106,10596],[1118,10656],[1186,10584],[1226,10584]],"size":[1,1],"rotations":[0,0,0,0,0]},{"id":1324,"name":"Roots","type":10,"category":0,"actions":[],"coordinates":[[1078,10628]],"size":[1,1],"rotations":[0]},{"id":10783,"name":"Rock","type":10,"category":0,"actions":[],"coordinates":[[1082,10628],[1170,10616],[1226,10536]],"size":[1,1],"rotations":[0,0,0]},{"id":667,"name":"Corpse","type":10,"category":0,"actions":[],"coordinates":[[1090,10608]],"size":[2,1],"rotations":[3]},{"id":30384,"name":"Crevice","type":0,"category":0,"actions":["Squeeze-through"],"coordinates":[[1090,10592],[1186,10564]],"size":[1,1],"rotations":[0,0]},{"id":30385,"name":"Crevice","type":0,"category":0,"actions":["Squeeze-through"],"coordinates":[[1098,10592],[1194,10564]],"size":[1,1],"rotations":[0,0]},{"id":1364,"name":"Roots","type":10,"category":0,"actions":[],"coordinates":[[1102,10560]],"size":[3,3],"rotations":[0]},{"id":29978,"name":"Fallen soldier","type":10,"category":0,"actions":[],"coordinates":[[1104,10552]],"size":[2,2],"rotations":[0]},{"id":20781,"name":"Skeleton","type":10,"category":0,"actions":[],"coordinates":[[1106,10644]],"size":[2,1],"rotations":[3]},{"id":1367,"name":"Roots","type":10,"category":0,"actions":[],"coordinates":[[1106,10620],[1178,10548],[1186,10648],[1230,10536]],"size":[1,1],"rotations":[0,0,0,0]},{"id":10782,"name":"Rock","type":10,"category":0,"actions":[],"coordinates":[[1110,10612],[1198,10600],[1218,10584]],"size":[1,1],"rotations":[0,0,0]},{"id":29984,"name":"Lizardman corpse","type":10,"category":0,"actions":[],"coordinates":[[1116,10592],[1172,10636]],"size":[1,2],"rotations":[1,0]},{"id":1368,"name":"Roots","type":10,"category":0,"actions":[],"coordinates":[[1118,10536],[1154,10588],[1218,10612]],"size":[1,1],"rotations":[0,0,0]},{"id":30382,"name":"Crevice","type":0,"category":0,"actions":["Squeeze-through"],"coordinates":[[1126,10612],[1178,10600]],"size":[1,1],"rotations":[0,0]},{"id":30383,"name":"Crevice","type":0,"category":0,"actions":["Squeeze-through"],"coordinates":[[1126,10604],[1178,10592]],"size":[1,1],"rotations":[0,0]},{"id":11424,"name":"Mossy rock","type":10,"category":0,"actions":[],"coordinates":[[1128,10576],[1160,10560]],"size":[2,2],"rotations":[0,0]},{"id":30381,"name":"Crevice","type":0,"category":0,"actions":["Squeeze-through"],"coordinates":[[1126,10532]],"size":[1,1],"rotations":[0]},{"id":29897,"name":"Fallen soldier","type":10,"category":0,"actions":[],"coordinates":[[1136,10564]],"size":[2,2],"rotations":[0]},{"id":12245,"name":"Skeleton","type":10,"category":0,"actions":[],"coordinates":[[1142,10656]],"size":[2,1],"rotations":[0]},{"id":29977,"name":"Fallen soldier","type":10,"category":0,"actions":[],"coordinates":[[1144,10588],[1152,10544]],"size":[2,2],"rotations":[0,0]},{"id":10784,"name":"Rock","type":10,"category":0,"actions":[],"coordinates":[[1146,10612],[1246,10556]],"size":[1,1],"rotations":[0,0]},{"id":12246,"name":"Skeleton","type":10,"category":0,"actions":[],"coordinates":[[1154,10632]],"size":[1,1],"rotations":[0]},{"id":665,"name":"Corpse","type":10,"category":0,"actions":[],"coordinates":[[1162,10540],[1194,10600]],"size":[1,1],"rotations":[0,0]},{"id":29983,"name":"Lizardman corpse","type":10,"category":0,"actions":[],"coordinates":[[1174,10560]],"size":[1,1],"rotations":[0]},{"id":664,"name":"Corpse","type":10,"category":0,"actions":[],"coordinates":[[1206,10536]],"size":[1,1],"rotations":[0]},{"id":14019,"name":"Bones","type":10,"category":0,"actions":[],"coordinates":[[1218,10632]],"size":[1,1],"rotations":[0]}]