[{"id":14674,"name":"Skeleton","type":10,"category":0,"actions":[],"coordinates":[[1094,45206],[1098,45206],[1102,45206],[1106,45206],[1138,45206],[1142,45206],[1150,45206]],"size":[1,1,99],"rotations":[0,0,0,0,0,0,0]},{"id":14675,"name":"Skeleton","type":10,"category":0,"actions":[],"coordinates":[[1112,45210],[1116,45210],[1132,45210],[1136,45210]],"size":[2,1,56],"rotations":[1,3,3,1]},{"id":21773,"name":"Soul Devourer","type":10,"category":0,"actions":[],"coordinates":[[1122,45138]],"size":[5,5,570],"rotations":[0]},{"id":21772,"name":"Portcullis","type":10,"category":0,"actions":["Exit"],"coordinates":[[1122,45274]],"size":[3,1,260],"rotations":[0]},{"id":14645,"name":"Skeleton","type":10,"category":0,"actions":[],"coordinates":[[1146,45206]],"size":[1,1,99],"rotations":[0]},{"id":23101,"name":"Soul boat","type":10,"category":0,"actions":[],"coordinates":[[1158,45102]],"size":[3,3,173],"rotations":[0]}]