[{"id":1289,"name":"Dead tree","type":10,"category":189,"actions":["Chop down"],"coordinates":[[1026,36088],[1062,36088],[1078,36064],[1090,36048],[1118,36060],[1134,36076]],"size":[1,1],"rotations":[0,0,0,0,0,0]},{"id":11424,"name":"Mossy rock","type":10,"category":0,"actions":[],"coordinates":[[1028,36020],[1032,35880],[1036,35984],[1072,35916],[1084,36008],[1084,35948],[1108,35872],[1148,36020],[1172,35988],[1180,36020],[1188,35940],[1212,36036]],"size":[2,2],"rotations":[0,0,0,0,0,0,0,0,0,0,0,0]},{"id":10433,"name":"Fire","type":10,"category":152,"actions":[],"coordinates":[[1030,36032],[1042,35896],[1058,36016],[1058,35944],[1070,35876],[1086,35984],[1114,36028],[1118,35928],[1126,35884],[1130,35956],[1158,35872],[1170,35920],[1178,36060],[1186,36028],[1202,35888],[1210,36032]],"size":[1,1],"rotations":[0,0,0,0,0,0,0,0,0,0,0,0,0,0,0,0]},{"id":1366,"name":"Roots","type":10,"category":0,"actions":[],"coordinates":[[1030,36028],[1038,35976],[1050,35988],[1054,36012],[1054,35924],[1062,36028],[1114,35936],[1118,36000],[1146,36008],[1166,36036],[1166,35996],[1190,36048],[1198,35968],[1202,35884]],"size":[1,1],"rotations":[0,0,0,0,0,0,0,0,0,0,0,0,0,0]},{"id":1367,"name":"Roots","type":10,"category":0,"actions":[],"coordinates":[[1030,35912],[1042,35996],[1066,36016],[1070,35996],[1082,35988],[1090,35872],[1102,36020],[1114,35988],[1126,35896],[1166,35920],[1170,36020],[1182,36028],[1202,35952],[1206,35896],[1222,36020]],"size":[1,1],"rotations":[0,0,0,0,0,0,0,0,0,0,0,0,0,0,0]},{"id":4057,"name":"Huge Mushroom","type":10,"category":0,"actions":[],"coordinates":[[1034,36040],[1086,35976],[1122,35976],[1142,36008],[1170,35968]],"size":[1,1],"rotations":[0,0,0,0,0]},{"id":4055,"name":"Huge Mushroom","type":10,"category":0,"actions":[],"coordinates":[[1034,35964],[1034,35936],[1054,36036],[1070,35884],[1074,35960],[1122,35944],[1134,36012],[1158,35884],[1210,36020]],"size":[1,1],"rotations":[0,0,0,0,0,0,0,0,0]},{"id":1368,"name":"Roots","type":10,"category":0,"actions":[],"coordinates":[[1034,35920],[1058,36024],[1066,35996],[1082,35928],[1090,35992],[1110,35948],[1134,35888],[1162,36024],[1166,35992],[1190,35924],[1198,35936],[1202,35892]],"size":[1,1],"rotations":[0,0,0,0,0,0,0,0,0,0,0,0]},{"id":29991,"name":"Swampy lamp","type":10,"category":0,"actions":[],"coordinates":[[1038,36036],[1074,35904],[1102,35896],[1138,35968],[1158,35968],[1166,35892],[1194,36012]],"size":[1,1],"rotations":[0,0,0,0,0,0,0]},{"id":684,"name":"Swamp bubbles","type":10,"category":0,"actions":["Suck"],"coordinates":[[1038,36024],[1046,36060],[1058,36032],[1058,35980],[1090,35956],[1094,36016],[1102,35984],[1110,35952],[1126,35996],[1138,36032],[1154,36056],[1174,36004],[1182,36044],[1182,35972],[1190,35948],[1210,36028],[1214,35972],[1222,36052]],"size":[1,1],"rotations":[0,0,0,0,0,0,0,0,0,0,0,0,0,0,0,0,0,0]},{"id":29990,"name":"Lizardman lair","type":10,"category":0,"actions":["Enter"],"coordinates":[[1046,36032],[1070,35888],[1094,35884],[1174,35880],[1202,36000]],"size":[3,3],"rotations":[0,0,0,0,0]},{"id":11913,"name":"Bush","type":10,"category":0,"actions":[],"coordinates":[[1056,36084],[1084,36040],[1124,36056],[1132,36088]],"size":[2,2],"rotations":[0,0,0,0]},{"id":1364,"name":"Roots","type":10,"category":0,"actions":[],"coordinates":[[1062,35980],[1130,35908],[1170,36020],[1198,35920]],"size":[3,3],"rotations":[0,0,0,0]},{"id":1282,"name":"Dead tree","type":10,"category":189,"actions":["Chop down"],"coordinates":[[1088,36076],[1096,36060],[1116,36080],[1136,36080],[1268,36080]],"size":[2,2],"rotations":[0,0,0,0,0]},{"id":1370,"name":"Hollow log","type":10,"category":0,"actions":[],"coordinates":[[1122,35960]],"size":[3,1],"rotations":[3]},{"id":27664,"name":"Bed","type":10,"category":0,"actions":[],"coordinates":[[1128,35944]],"size":[1,2],"rotations":[3]},{"id":5346,"name":"Chair","type":11,"category":0,"actions":[],"coordinates":[[1134,35960]],"size":[1,1],"rotations":[0]},{"id":4056,"name":"Huge Mushroom","type":10,"category":0,"actions":[],"coordinates":[[1138,35984],[1174,36092],[1182,35900],[1194,36060]],"size":[1,1],"rotations":[0,0,0,0]},{"id":29941,"name":"Altar","type":10,"category":897,"actions":["Pray-at"],"coordinates":[[1146,35952]],"size":[2,1],"rotations":[0]},{"id":34401,"name":"Olmic pillar","type":10,"category":0,"actions":[],"coordinates":[[1226,35852],[1226,35840]],"size":[1,1],"rotations":[0,0]},{"id":29983,"name":"Lizardman corpse","type":10,"category":0,"actions":[],"coordinates":[[1266,36036]],"size":[1,1],"rotations":[0]},{"id":29984,"name":"Lizardman corpse","type":10,"category":0,"actions":[],"coordinates":[[1272,36072]],"size":[1,2],"rotations":[0]},{"id":20781,"name":"Skeleton","type":10,"category":0,"actions":[],"coordinates":[[1270,36064]],"size":[2,1],"rotations":[0]},{"id":33614,"name":"Boaty","type":10,"category":0,"actions":["Board"],"coordinates":[[1282,35836]],"size":[3,3],"rotations":[0]}]