[{"id":1366,"name":"Roots","type":10,"category":0,"actions":[],"coordinates":[[1026,35822],[1034,35830],[1078,35830],[1082,35822],[1086,35834],[1150,35810],[1158,35822],[1158,35802],[1166,35830],[1166,35814]],"size":[1,1,81],"rotations":[0,0,0,0,0,0,0,0,0,0]},{"id":1364,"name":"Roots","type":10,"category":0,"actions":[],"coordinates":[[1030,35814],[1158,35810]],"size":[3,3,152],"rotations":[0,0]},{"id":10433,"name":"Fire","type":10,"category":152,"actions":[],"coordinates":[[1026,35802],[1030,35838],[1038,35694],[1042,35746],[1082,35818],[1106,35794],[1110,35758],[1114,35694],[1174,35814],[1182,35838]],"size":[1,1,195],"rotations":[0,0,0,0,0,0,0,0,0,0]},{"id":34401,"name":"Olmic pillar","type":11,"category":0,"actions":[],"coordinates":[[1030,35730],[1030,35710],[1058,35738],[1058,35702],[1062,35766],[1066,35686],[1070,35786],[1070,35658],[1082,35786],[1082,35658],[1086,35686],[1090,35766],[1094,35738],[1094,35702],[1122,35734],[1122,35706],[1130,35790],[1142,35790],[1150,35698],[1158,35762],[1162,35698],[1170,35762],[1202,35694],[1214,35758],[1214,35746],[1218,35710]],"size":[1,1,352],"rotations":[0,0,0,0,0,0,0,0,0,0,0,0,0,0,0,0,0,0,0,0,0,0,0,0,0,0]},{"id":1276,"name":"Tree","type":10,"category":189,"actions":["Chop down"],"coordinates":[[1032,35608],[1048,35620],[1084,35624],[1096,35648],[1160,35592],[1164,35604],[1176,35620],[1196,35608],[1212,35596],[1224,35596]],"size":[2,2,290],"rotations":[0,0,0,0,0,0,0,0,0,0]},{"id":29941,"name":"Altar","type":10,"category":897,"actions":["Pray-at"],"coordinates":[[1036,35722]],"size":[2,1,176],"rotations":[3]},{"id":10829,"name":"Willow tree","type":10,"category":286,"actions":["Chop down"],"coordinates":[[1036,35644],[1104,35652],[1136,35640]],"size":[2,2,354],"rotations":[0,0,0]},{"id":1392,"name":"Plant","type":10,"category":0,"actions":[],"coordinates":[[1036,35628],[1052,35644],[1076,35620],[1120,35644],[1140,35628],[1144,35600],[1188,35596],[1232,35600]],"size":[2,2,143],"rotations":[0,0,0,0,0,0,0,0]},{"id":1278,"name":"Tree","type":10,"category":189,"actions":["Chop down"],"coordinates":[[1036,35620],[1064,35640],[1088,35644],[1152,35608],[1168,35624],[1176,35592],[1180,35628],[1204,35604],[1228,35588]],"size":[2,2,372],"rotations":[0,0,0,0,0,0,0,0,0]},{"id":25155,"name":"Fire","type":10,"category":0,"actions":[],"coordinates":[[1040,35780],[1184,35728],[1236,35640],[1260,35676]],"size":[2,2,180],"rotations":[0,0,0,0]},{"id":33640,"name":"Swamp bubbles","type":10,"category":0,"actions":[],"coordinates":[[1038,35750],[1050,35758],[1106,35758],[1114,35734],[1114,35698]],"size":[1,1,8],"rotations":[0,0,0,0,0]},{"id":10820,"name":"Oak tree","type":10,"category":279,"actions":["Chop down"],"coordinates":[[1046,35630],[1102,35630],[1158,35626],[1178,35610],[1206,35614]],"size":[3,3,435],"rotations":[0,0,0,0,0]},{"id":10833,"name":"Willow tree","type":10,"category":286,"actions":["Chop down"],"coordinates":[[1048,35652]],"size":[2,2,305],"rotations":[0]},{"id":1391,"name":"Plant","type":10,"category":0,"actions":[],"coordinates":[[1056,35636],[1204,35588]],"size":[2,2,97],"rotations":[0,0]},{"id":30704,"name":"Hook briar","type":10,"category":0,"actions":[],"coordinates":[[1058,35734],[1058,35730],[1058,35710],[1058,35706],[1062,35738],[1062,35702],[1066,35738],[1066,35702],[1086,35738],[1086,35702],[1090,35738],[1090,35702],[1094,35734],[1094,35730],[1094,35706]],"size":[1,1,73],"rotations":[0,0,0,0,0,0,0,0,0,0,0,0,0,0,0]},{"id":29991,"name":"Swampy lamp","type":10,"category":0,"actions":[],"coordinates":[[1066,35786],[1086,35786],[1130,35786],[1142,35786],[1146,35698],[1154,35762],[1166,35698],[1174,35762],[1214,35762],[1214,35742]],"size":[1,1,175],"rotations":[0,0,0,0,0,0,0,0,0,0]},{"id":34402,"name":"Lizard dwelling","type":10,"category":0,"actions":["Enter"],"coordinates":[[1076,35800]],"size":[2,2,16],"rotations":[0]},{"id":34406,"name":"Stone table","type":10,"category":0,"actions":[],"coordinates":[[1076,35720]],"size":[2,2,96],"rotations":[0]},{"id":11424,"name":"Mossy rock","type":10,"category":0,"actions":[],"coordinates":[[1084,35828],[1160,35828],[1164,35820]],"size":[2,2,70],"rotations":[0,0,0]},{"id":1394,"name":"Plant","type":10,"category":0,"actions":[],"coordinates":[[1092,35628],[1132,35604],[1148,35632],[1184,35620],[1212,35604],[1220,35588]],"size":[2,2,142],"rotations":[0,0,0,0,0,0]},{"id":13843,"name":"Swamp tree","type":10,"category":0,"actions":[],"coordinates":[[1110,35826],[1170,35834]],"size":[3,3,240],"rotations":[0,0]},{"id":13844,"name":"Swamp tree","type":10,"category":0,"actions":[],"coordinates":[[1110,35826],[1170,35834]],"size":[3,3,379],"rotations":[0,0]},{"id":10831,"name":"Willow tree","type":10,"category":286,"actions":["Chop down"],"coordinates":[[1116,35652],[1156,35636]],"size":[2,2,354],"rotations":[0,0]},{"id":29990,"name":"Lizardman lair","type":10,"category":0,"actions":["Enter"],"coordinates":[[1126,35834]],"size":[3,3,292],"rotations":[0]},{"id":34405,"name":"Lizard dwelling","type":10,"category":0,"actions":["Enter"],"coordinates":[[1156,35684]],"size":[2,2,16],"rotations":[0]},{"id":34403,"name":"Lizard dwelling","type":10,"category":0,"actions":["Enter"],"coordinates":[[1164,35776]],"size":[2,2,16],"rotations":[0]},{"id":1393,"name":"Plant","type":10,"category":0,"actions":[],"coordinates":[[1170,35618],[1174,35626]],"size":[1,1,133],"rotations":[0,0]},{"id":1289,"name":"Dead tree","type":10,"category":189,"actions":["Chop down"],"coordinates":[[1190,35638],[1194,35642],[1194,35630],[1202,35638],[1202,35626],[1206,35634],[1214,35614],[1218,35638],[1222,35618],[1222,35606],[1226,35630],[1234,35610],[1234,35594],[1238,35606],[1238,35598],[1242,35618],[1242,35586],[1246,35598],[1254,35594]],"size":[1,1,289],"rotations":[0,0,0,0,0,0,0,0,0,0,0,0,0,0,0,0,0,0,0]},{"id":1347,"name":"Tree stump","type":10,"category":0,"actions":[],"coordinates":[[1196,35636],[1216,35632],[1228,35616],[1240,35592],[1244,35604]],"size":[2,2,93],"rotations":[0,0,0,0,0]},{"id":14701,"name":"Tree","type":10,"category":0,"actions":[],"coordinates":[[1210,35644],[1250,35616]],"size":[3,2,99],"rotations":[3,2]},{"id":1283,"name":"Dead tree","type":10,"category":189,"actions":["Chop down"],"coordinates":[[1208,35628],[1220,35612],[1240,35612],[1248,35592],[1252,35600]],"size":[2,2,510],"rotations":[0,0,0,0,0]},{"id":29976,"name":"Fallen soldier","type":10,"category":0,"actions":[],"coordinates":[[1220,35652]],"size":[2,2,81],"rotations":[0]},{"id":29978,"name":"Fallen soldier","type":10,"category":0,"actions":[],"coordinates":[[1224,35668]],"size":[2,2,52],"rotations":[0]},{"id":34404,"name":"Lizard dwelling","type":10,"category":0,"actions":["Enter"],"coordinates":[[1228,35752]],"size":[2,2,16],"rotations":[0]},{"id":25156,"name":"Fire","type":10,"category":0,"actions":[],"coordinates":[[1230,35646],[1242,35638],[1254,35674],[1266,35670]],"size":[1,1,169],"rotations":[0,0,0,0]},{"id":29897,"name":"Fallen soldier","type":10,"category":0,"actions":[],"coordinates":[[1232,35628],[1252,35624],[1264,35660],[1276,35656]],"size":[2,2,32],"rotations":[0,0,0,0]},{"id":29975,"name":"Fallen soldier","type":10,"category":0,"actions":[],"coordinates":[[1240,35628],[1272,35664]],"size":[2,2,31],"rotations":[0,0]},{"id":29977,"name":"Fallen soldier","type":10,"category":0,"actions":[],"coordinates":[[1248,35696]],"size":[2,2,54],"rotations":[0]}]