[{"id":23063,"name":"Camp fire","type":10,"category":0,"actions":[],"coordinates":[[1288,35168]],"size":[2,2],"rotations":[0]},{"id":2379,"name":"Campsite bed","type":10,"category":0,"actions":[],"coordinates":[[1288,35160]],"size":[1,2],"rotations":[1]},{"id":27532,"name":"Crate","type":10,"category":0,"actions":["Search"],"coordinates":[[1290,35160]],"size":[1,1],"rotations":[0]},{"id":18450,"name":"Wreck","type":10,"category":0,"actions":[],"coordinates":[[1312,35240]],"size":[1,2],"rotations":[1]},{"id":18448,"name":"Wreck","type":10,"category":0,"actions":[],"coordinates":[[1320,35224]],"size":[2,2],"rotations":[0]},{"id":18447,"name":"Wreck","type":10,"category":0,"actions":[],"coordinates":[[1326,35236]],"size":[1,1],"rotations":[0]},{"id":1289,"name":"Dead tree","type":10,"category":189,"actions":["Chop down"],"coordinates":[[1334,35320],[1338,35316],[1346,35324],[1382,35156],[1386,35108],[1390,35288],[1390,35164],[1390,35152],[1398,35312],[1398,35112],[1402,35104],[1410,35320],[1418,35100],[1466,35172],[1466,35104],[1470,35312],[1470,35100],[1474,35176],[1474,35164],[1474,35112],[1478,35172],[1482,35316],[1482,35168],[1494,35284],[1518,35312]],"size":[1,1],"rotations":[0,0,0,0,0,0,0,0,0,0,0,0,0,0,0,0,0,0,0,0,0,0,0,0,0]},{"id":1283,"name":"Dead tree","type":10,"category":189,"actions":["Chop down"],"coordinates":[[1340,35320],[1388,35156],[1392,35108],[1404,35312],[1472,35168],[1472,35104],[1484,35320],[1492,35276],[1504,35312]],"size":[2,2],"rotations":[0,0,0,0,0,0,0,0,0]},{"id":11431,"name":"Rockslide","type":10,"category":0,"actions":[],"coordinates":[[1376,35156],[1384,35164],[1392,35096],[1396,35088],[1408,35300],[1408,35292],[1416,35300],[1416,35292],[1420,35248],[1420,35240],[1420,35168],[1428,35244],[1428,35176],[1432,35232],[1436,35092],[1440,35308],[1440,35176],[1444,35096],[1448,35168],[1460,35096],[1464,35260],[1468,35268],[1476,35312],[1480,35100],[1484,35172],[1496,35296],[1496,35288],[1504,35296],[1504,35288]],"size":[2,2],"rotations":[0,0,0,0,0,0,0,0,0,0,0,0,0,0,0,0,0,0,0,0,0,0,0,0,0,0,0,0,0]},{"id":11428,"name":"Rockslide","type":10,"category":0,"actions":[],"coordinates":[[1376,35140],[1392,35140],[1396,35120],[1400,35172],[1400,35080],[1404,35160],[1408,35220],[1412,35164],[1412,35096],[1416,35320],[1416,35312],[1416,35228],[1416,35212],[1416,35184],[1420,35200],[1420,35192],[1428,35220],[1428,35096],[1432,35300],[1432,35204],[1432,35196],[1436,35248],[1452,35096],[1456,35164],[1460,35240],[1464,35320],[1464,35160],[1464,35080],[1472,35320],[1472,35120],[1476,35140],[1480,35256],[1480,35160],[1484,35308],[1488,35260],[1492,35116],[1504,35304],[1512,35312],[1512,35296],[1520,35304]],"size":[2,2],"rotations":[0,0,0,0,0,0,0,0,0,0,0,0,0,0,0,0,0,0,0,0,0,0,0,0,0,0,0,0,0,0,0,0,0,0,0,0,0,0,0,0]},{"id":10834,"name":"Magic tree","type":10,"category":290,"actions":["Chop down"],"coordinates":[[1400,35148],[1400,35132],[1404,35116],[1428,35168],[1440,35168],[1464,35116],[1468,35148],[1468,35132]],"size":[2,2],"rotations":[0,0,0,0,0,0,0,0]},{"id":33560,"name":"Table","type":10,"category":0,"actions":[],"coordinates":[[1410,35140]],"size":[3,1],"rotations":[3]},{"id":33559,"name":"Crates","type":10,"category":209,"actions":[],"coordinates":[[1410,35128],[1454,35148],[1458,35124]],"size":[1,1],"rotations":[0,0,0]},{"id":11426,"name":"Rockslide","type":10,"category":0,"actions":[],"coordinates":[[1416,35220]],"size":[2,2],"rotations":[0]},{"id":33565,"name":"Crate","type":10,"category":209,"actions":["Search"],"coordinates":[[1414,35148]],"size":[1,1],"rotations":[0]},{"id":33550,"name":"Staircase","type":10,"category":0,"actions":["Climb-up"],"coordinates":[[1416,35128]],"size":[2,2],"rotations":[0]},{"id":33514,"name":"Cupboard","type":10,"category":0,"actions":["Search"],"coordinates":[[1418,35124]],"size":[1,1],"rotations":[0]},{"id":33558,"name":"Crate","type":10,"category":209,"actions":[],"coordinates":[[1418,35112],[1422,35156],[1454,35144],[1458,35128]],"size":[1,1],"rotations":[0,0,0,0]},{"id":33548,"name":"Shelf","type":4,"category":0,"actions":[],"coordinates":[[1422,35128],[1430,35124],[1438,35124],[1446,35128]],"size":[1,1],"rotations":[0,0,0,0]},{"id":33556,"name":"Door","type":0,"category":167,"actions":["Open"],"coordinates":[[1426,35124],[1442,35124]],"size":[1,1],"rotations":[0,0]},{"id":11427,"name":"Rockslide","type":10,"category":0,"actions":[],"coordinates":[[1432,35308],[1476,35304],[1512,35304]],"size":[2,2],"rotations":[0,0,0]},{"id":33515,"name":"Cupboard","type":10,"category":0,"actions":["Search"],"coordinates":[[1430,35112]],"size":[1,1],"rotations":[0]},{"id":33491,"name":"Door","type":0,"category":0,"actions":["Open"],"coordinates":[[1434,35160]],"size":[1,1],"rotations":[0]},{"id":33483,"name":"Ladder","type":10,"category":0,"actions":["Climb-down"],"coordinates":[[1434,35128]],"size":[1,1],"rotations":[0]},{"id":33513,"name":"Cupboard","type":10,"category":0,"actions":["Search"],"coordinates":[[1434,35124]],"size":[1,1],"rotations":[0]},{"id":33549,"name":"Staircase","type":10,"category":0,"actions":["Climb-up"],"coordinates":[[1452,35128]],"size":[2,2],"rotations":[0]},{"id":33563,"name":"Table","type":10,"category":0,"actions":[],"coordinates":[[1458,35140]],"size":[3,1],"rotations":[3]}]