[{"id":51550,"name":"Crates","type":11,"category":0,"actions":[],"coordinates":[[1542,12216],[1542,12136],[1566,12136],[1614,12076],[1626,12172],[1626,12152],[1682,12092],[1714,12092],[1730,12212],[1730,12200],[1778,12168],[1782,12140],[1786,12160]],"size":[1,1],"rotations":[0,0,0,0,0,0,0,0,0,0,0,0,0]},{"id":51563,"name":"Barrel","type":10,"category":0,"actions":[],"coordinates":[[1542,12208],[1542,12176],[1542,12172],[1546,12144],[1550,12228],[1550,12136],[1562,12144],[1562,12136],[1566,12208],[1610,12092],[1614,12152],[1618,12076],[1622,12076],[1626,12168],[1646,12092],[1646,12088],[1710,12100],[1714,12096],[1726,12196],[1730,12216],[1730,12196],[1762,12156],[1770,12156],[1770,12136],[1778,12140],[1782,12168],[1782,12144],[1790,12160]],"size":[1,1],"rotations":[0,0,0,0,0,0,0,0,0,0,0,0,0,0,0,0,0,0,0,0,0,0,0,0,0,0,0,0]},{"id":51532,"name":"Table","type":10,"category":154,"actions":[],"coordinates":[[1542,12200],[1566,12200],[1594,12216],[1614,12192],[1626,12192]],"size":[1,1],"rotations":[0,0,0,0,0]},{"id":51577,"name":"Moonlight Antelope Trophy","type":4,"category":0,"actions":[],"coordinates":[[1542,12188],[1566,12188],[1770,12220],[1770,12136]],"size":[1,1],"rotations":[0,0,0,0]},{"id":51562,"name":"Bar","type":10,"category":0,"actions":[],"coordinates":[[1544,12164]],"size":[1,2],"rotations":[0]},{"id":51555,"name":"Stairs","type":10,"category":0,"actions":["Climb-up"],"coordinates":[[1544,12144],[1548,12220],[1568,12144],[1588,12200],[1624,12144],[1640,12072],[1688,12072],[1716,12072],[1720,12208],[1720,12196],[1744,12164],[1744,12148],[1780,12132],[1792,12220]],"size":[1,2],"rotations":[0,2,0,0,0,0,0,0,1,1,2,0,1,2]},{"id":51527,"name":"Chair","type":11,"category":0,"actions":[],"coordinates":[[1546,12192],[1550,12196],[1558,12196],[1562,12192],[1702,12212],[1702,12200],[1710,12212],[1710,12200],[1766,12228],[1766,12220],[1766,12148],[1766,12140],[1774,12228],[1774,12220]],"size":[1,1],"rotations":[0,0,0,0,0,0,0,0,0,0,0,0,0,0]},{"id":51542,"name":"Cabinet","type":10,"category":0,"actions":[],"coordinates":[[1546,12188],[1566,12168],[1706,12196],[1710,12216],[1722,12204],[1762,12136],[1770,12228],[1786,12168],[1790,12168],[1790,12136]],"size":[1,1],"rotations":[0,0,0,0,0,0,0,0,0,0]},{"id":51530,"name":"Chair","type":10,"category":0,"actions":[],"coordinates":[[1546,12156],[1550,12168],[1550,12164],[1550,12160],[1554,12172],[1554,12152],[1558,12164],[1558,12160],[1558,12156],[1562,12168],[1586,12168],[1586,12156],[1590,12172],[1590,12152],[1594,12172],[1594,12152],[1598,12168],[1598,12156]],"size":[1,1],"rotations":[0,0,0,0,0,0,0,0,0,0,0,0,0,0,0,0,0,0]},{"id":51548,"name":"Crate","type":10,"category":0,"actions":[],"coordinates":[[1546,12148],[1546,12136],[1558,12136],[1566,12228],[1614,12172],[1622,12092],[1622,12080],[1714,12088]],"size":[1,1],"rotations":[0,0,0,0,0,0,0,0]},{"id":51533,"name":"Table","type":10,"category":169,"actions":[],"coordinates":[[1556,12164],[1556,12156],[1560,12216],[1612,12084],[1784,12220],[1788,12148]],"size":[1,2],"rotations":[2,2,2,2,2,3]},{"id":51541,"name":"Cabinet","type":10,"category":0,"actions":[],"coordinates":[[1562,12188],[1566,12164],[1706,12216],[1710,12196],[1722,12208],[1762,12152],[1778,12228],[1782,12228]],"size":[1,1],"rotations":[0,0,0,0,0,0,0,0]},{"id":52429,"name":"Ale Barrel","type":10,"category":0,"actions":[],"coordinates":[[1564,12172]],"size":[2,2],"rotations":[0]},{"id":51545,"name":"Shelves","type":10,"category":0,"actions":[],"coordinates":[[1566,12220],[1610,12076]],"size":[1,1],"rotations":[0,0]},{"id":51546,"name":"Shelves","type":10,"category":0,"actions":[],"coordinates":[[1566,12216]],"size":[1,1],"rotations":[0]},{"id":51529,"name":"Chair","type":10,"category":0,"actions":[],"coordinates":[[1586,12216],[1602,12216],[1782,12152],[1786,12156],[1790,12156],[1790,12148]],"size":[1,1],"rotations":[0,0,0,0,0,0]},{"id":51534,"name":"Table","type":10,"category":154,"actions":[],"coordinates":[[1588,12160],[1592,12196],[1620,12168]],"size":[1,2],"rotations":[2,1,3]},{"id":7019,"name":"Cabinet","type":10,"category":0,"actions":[],"coordinates":[[1590,12220],[1594,12220],[1598,12220]],"size":[1,1],"rotations":[0,0,0]},{"id":51531,"name":"Table","type":10,"category":155,"actions":[],"coordinates":[[1590,12216],[1598,12216],[1630,12092],[1702,12216],[1702,12196],[1766,12144],[1770,12224]],"size":[1,1],"rotations":[0,0,0,0,0,0,0]},{"id":51540,"name":"Stove","type":10,"category":687,"actions":["Cook"],"coordinates":[[1600,12192],[1704,12204]],"size":[2,2],"rotations":[0,0]},{"id":51567,"name":"Brewing vat","type":10,"category":0,"actions":[],"coordinates":[[1610,12104],[1610,12096]],"size":[1,1],"rotations":[0,0]},{"id":51566,"name":"Brewing vat","type":10,"category":0,"actions":[],"coordinates":[[1610,12100]],"size":[1,1],"rotations":[0]},{"id":51544,"name":"Shelves","type":10,"category":0,"actions":[],"coordinates":[[1610,12080]],"size":[1,1],"rotations":[0]},{"id":690,"name":"Bath screen","type":10,"category":0,"actions":[],"coordinates":[[1616,12208],[1768,12200],[1772,12164]],"size":[1,2],"rotations":[3,1,0]},{"id":51569,"name":"Brewing vat","type":10,"category":0,"actions":[],"coordinates":[[1614,12108],[1618,12108],[1622,12108],[1622,12104],[1622,12100],[1622,12096]],"size":[1,1],"rotations":[0,0,0,0,0,0]},{"id":51528,"name":"Double bed","type":10,"category":0,"actions":[],"coordinates":[[1620,12192]],"size":[2,2],"rotations":[0]},{"id":871,"name":"Bath pipes","type":10,"category":0,"actions":[],"coordinates":[[1622,12212],[1762,12204],[1766,12160]],"size":[1,1],"rotations":[0,0,0]},{"id":51005,"name":"Door","type":10,"category":0,"actions":["Squeeze-through"],"coordinates":[[1626,12088]],"size":[2,1],"rotations":[1]},{"id":51565,"name":"Barrel of ale","type":10,"category":0,"actions":[],"coordinates":[[1634,12096],[1646,12096]],"size":[2,3],"rotations":[2,2]},{"id":51329,"name":"Statue","type":11,"category":0,"actions":[],"coordinates":[[1650,12040]],"size":[3,3],"rotations":[0]},{"id":51335,"name":"Statue","type":11,"category":0,"actions":[],"coordinates":[[1678,12040]],"size":[3,3],"rotations":[0]},{"id":51503,"name":"Rock pile","type":10,"category":0,"actions":[],"coordinates":[[1684,12104],[1712,12104]],"size":[2,2],"rotations":[0,0]},{"id":51564,"name":"Barrel","type":10,"category":0,"actions":[],"coordinates":[[1682,12096],[1706,12108]],"size":[1,1],"rotations":[0,0]},{"id":51549,"name":"Crate","type":10,"category":0,"actions":[],"coordinates":[[1682,12088]],"size":[1,1],"rotations":[0]},{"id":51504,"name":"Hammer","type":10,"category":0,"actions":[],"coordinates":[[1692,12100],[1712,12092]],"size":[1,2],"rotations":[1,2]},{"id":51505,"name":"Mine cart","type":10,"category":0,"actions":[],"coordinates":[[1694,12080],[1706,12100]],"size":[1,1],"rotations":[0,0]},{"id":51526,"name":"Hanging meat","type":4,"category":0,"actions":[],"coordinates":[[1702,12208]],"size":[1,1],"rotations":[0]},{"id":51525,"name":"Hanging meat","type":4,"category":0,"actions":[],"coordinates":[[1702,12204]],"size":[1,1],"rotations":[0]},{"id":51517,"name":"Gold","type":10,"category":0,"actions":[],"coordinates":[[1722,12168],[1722,12148],[1726,12168],[1726,12148]],"size":[1,1],"rotations":[0,0,0,0]},{"id":52436,"name":"Pillow","type":22,"category":0,"actions":[],"coordinates":[[1782,12196]],"size":[1,1],"rotations":[0]},{"id":9324,"name":"Toy corner","type":11,"category":0,"actions":[],"coordinates":[[1788,12196]],"size":[2,2],"rotations":[0]}]