[{"id":51372,"name":"Statue","type":10,"category":0,"actions":["Use"],"coordinates":[[1550,11902]],"size":[3,3,701],"rotations":[0]},{"id":51343,"name":"Brazier","type":10,"category":0,"actions":[],"coordinates":[[1550,11914],[1550,11890]],"size":[1,1,329],"rotations":[0,0]},{"id":51429,"name":"Ancient fountainhead","type":10,"category":1931,"actions":[],"coordinates":[[1560,11914],[1560,11886]],"size":[2,3,266],"rotations":[1,3]},{"id":51377,"name":"Entrance","type":10,"category":0,"actions":["Pass-through"],"coordinates":[[1586,11902],[1666,11826],[1742,11902]],"size":[3,3,128],"rotations":[0,0,0]},{"id":51427,"name":"Ancient fountainhead","type":10,"category":244,"actions":[],"coordinates":[[1652,11802],[1680,11802]],"size":[2,3,266],"rotations":[2,0]},{"id":51344,"name":"Brazier","type":10,"category":0,"actions":[],"coordinates":[[1654,11790],[1678,11790]],"size":[1,1,329],"rotations":[0,0]},{"id":51375,"name":"Entrance","type":10,"category":0,"actions":["Pass-through"],"coordinates":[[1664,12028]],"size":[2,2,128],"rotations":[0]},{"id":51373,"name":"Statue","type":10,"category":0,"actions":["Use"],"coordinates":[[1666,11790]],"size":[3,3,756],"rotations":[0]},{"id":51431,"name":"Ancient fountainhead","type":10,"category":1931,"actions":[],"coordinates":[[1764,11914],[1764,11886]],"size":[2,3,266],"rotations":[1,3]},{"id":51374,"name":"Statue","type":10,"category":0,"actions":["Use"],"coordinates":[[1778,11902]],"size":[3,3,700],"rotations":[0]},{"id":51345,"name":"Brazier","type":10,"category":0,"actions":[],"coordinates":[[1778,11914],[1778,11890]],"size":[1,1,329],"rotations":[0,0]}]