[{"id":422,"name":"Bed","type":10,"category":0,"actions":[],"coordinates":[[1636,10668],[1636,10656],[1636,10640],[1636,10624]],"size":[1,2],"rotations":[2,3,2,3]},{"id":34937,"name":"Bucket","type":10,"category":0,"actions":[],"coordinates":[[1634,10636],[1638,10652],[1642,10640],[1646,10672]],"size":[1,1],"rotations":[0,0,0,0]},{"id":9613,"name":"Table","type":10,"category":156,"actions":[],"coordinates":[[1646,10596],[1654,10584],[1658,10596],[1666,10672],[1670,10640],[1670,10588]],"size":[2,1],"rotations":[3,0,0,0,3,3]},{"id":9684,"name":"Sink","type":10,"category":0,"actions":[],"coordinates":[[1648,10576]],"size":[1,2],"rotations":[0]},{"id":41601,"name":"Gate","type":0,"category":0,"actions":[],"coordinates":[[1650,10668],[1650,10656],[1650,10644],[1650,10632]],"size":[1,1],"rotations":[0,0,0,0]},{"id":9621,"name":"Chair","type":11,"category":0,"actions":[],"coordinates":[[1650,10596],[1654,10580],[1658,10672],[1658,10592],[1662,10600],[1662,10584],[1670,10660],[1670,10644],[1670,10592],[1670,10580],[1674,10588],[1678,10572]],"size":[1,1],"rotations":[0,0,0,0,0,0,0,0,0,0,0,0]},{"id":9682,"name":"Range","type":10,"category":0,"actions":["Cook"],"coordinates":[[1656,10568]],"size":[1,2],"rotations":[1]},{"id":41600,"name":"Gate","type":0,"category":0,"actions":["Open"],"coordinates":[[1662,10616]],"size":[1,1],"rotations":[0]},{"id":41431,"name":"Shelves","type":10,"category":0,"actions":[],"coordinates":[[1666,10572]],"size":[1,1],"rotations":[0]},{"id":9615,"name":"Table","type":10,"category":155,"actions":[],"coordinates":[[1678,10600]],"size":[1,1],"rotations":[0]},{"id":41923,"name":"Staircase","type":10,"category":0,"actions":["Climb-up"],"coordinates":[[1688,10584]],"size":[2,2],"rotations":[0]}]