[{"id":10820,"name":"Oak tree","type":10,"category":279,"actions":["Chop down"],"coordinates":[[1550,38468],[1574,38456]],"size":[3,3],"rotations":[0,0]},{"id":1276,"name":"Tree","type":10,"category":189,"actions":["Chop down"],"coordinates":[[1560,38488],[1560,38444],[1568,38488],[1568,38436],[1584,38480],[1584,38436],[1592,38476],[1632,38544],[1632,38492],[1640,38504]],"size":[2,2],"rotations":[0,0,0,0,0,0,0,0,0,0]},{"id":1278,"name":"Tree","type":10,"category":189,"actions":["Chop down"],"coordinates":[[1564,38468],[1572,38444],[1592,38484],[1596,38428],[1608,38468],[1616,38484],[1620,38540]],"size":[2,2],"rotations":[0,0,0,0,0,0,0]},{"id":15481,"name":"Portal","type":10,"category":486,"actions":["Enter","Home","Build mode","Friend's house"],"coordinates":[[1588,38572]],"size":[5,2],"rotations":[0]},{"id":1124,"name":"Bush","type":10,"category":0,"actions":[],"coordinates":[[1586,38548],[1586,38532],[1590,38552],[1590,38528],[1598,38552],[1598,38528],[1602,38548],[1602,38532]],"size":[1,1],"rotations":[0,0,0,0,0,0,0,0]},{"id":10822,"name":"Yew tree","type":10,"category":288,"actions":["Chop down"],"coordinates":[[1594,38440]],"size":[3,3],"rotations":[0]},{"id":52451,"name":"Cypress Tree","type":10,"category":0,"actions":[],"coordinates":[[1596,38536]],"size":[2,2],"rotations":[0]},{"id":10829,"name":"Willow tree","type":10,"category":286,"actions":["Chop down"],"coordinates":[[1608,38432],[1612,38456],[1616,38448]],"size":[2,2],"rotations":[0,0,0]},{"id":10833,"name":"Willow tree","type":10,"category":286,"actions":["Chop down"],"coordinates":[[1620,38472]],"size":[2,2],"rotations":[0]},{"id":10831,"name":"Willow tree","type":10,"category":286,"actions":["Chop down"],"coordinates":[[1636,38472]],"size":[2,2],"rotations":[0]}]