[{"id":12593,"name":"Rockslide","type":10,"category":0,"actions":[],"coordinates":[[1540,35292],[1544,35280],[1544,35248],[1544,35208],[1552,35288],[1552,35272],[1552,35248],[1556,35312],[1560,35280],[1572,35252],[1572,35220],[1572,35212],[1580,35264],[1580,35252]],"size":[2,2,43],"rotations":[0,0,0,0,0,0,0,0,0,0,0,0,0,0]},{"id":12594,"name":"Rockslide","type":10,"category":0,"actions":[],"coordinates":[[1540,35236],[1540,35228],[1576,35240],[1576,35232]],"size":[2,2,43],"rotations":[0,0,0,0]},{"id":11435,"name":"Rockslide","type":10,"category":0,"actions":[],"coordinates":[[1540,35172],[1544,35180],[1556,35188],[1560,35172]],"size":[2,2,43],"rotations":[0,0,0,0]},{"id":11434,"name":"Rockslide","type":10,"category":0,"actions":[],"coordinates":[[1540,35164],[1548,35160],[1556,35164],[1564,35196],[1568,35180]],"size":[2,2,43],"rotations":[0,0,0,0,0]},{"id":1289,"name":"Dead tree","type":10,"category":189,"actions":["Chop down"],"coordinates":[[1546,35286],[1546,35254],[1546,35238],[1550,35226],[1554,35230],[1558,35302],[1562,35246],[1566,35250],[1570,35238],[1582,35310],[1590,35314],[1590,35294],[1602,35306],[1606,35326],[1618,35322]],"size":[1,1,289],"rotations":[0,0,0,0,0,0,0,0,0,0,0,0,0,0,0]},{"id":1282,"name":"Dead tree","type":10,"category":189,"actions":["Chop down"],"coordinates":[[1548,35232],[1568,35244],[1584,35288],[1592,35320]],"size":[2,2,510],"rotations":[0,0,0,0]},{"id":11433,"name":"Rockslide","type":10,"category":0,"actions":[],"coordinates":[[1548,35168],[1552,35176],[1560,35180],[1564,35188]],"size":[2,2,87],"rotations":[0,0,0,0]},{"id":12591,"name":"Rockslide","type":10,"category":0,"actions":[],"coordinates":[[1552,35280]],"size":[2,2,87],"rotations":[0]},{"id":28597,"name":"Lovakite rocks","type":10,"category":918,"actions":["Mine"],"coordinates":[[1590,35138],[1594,35134],[1594,35098],[1606,35166],[1610,35198],[1610,35146],[1614,35154],[1622,35202],[1626,35194],[1630,35126],[1630,35110],[1650,35190],[1658,35166],[1662,35162],[1678,35118],[1702,35078],[1706,35086],[1714,35082]],"size":[1,1,89],"rotations":[0,0,0,0,0,0,0,0,0,0,0,0,0,0,0,0,0,0]},{"id":28596,"name":"Lovakite rocks","type":10,"category":918,"actions":["Mine"],"coordinates":[[1590,35130],[1590,35106],[1598,35102],[1598,35094],[1602,35170],[1606,35174],[1610,35154],[1614,35190],[1614,35150],[1622,35194],[1626,35186],[1634,35114],[1650,35186],[1654,35162],[1658,35190],[1662,35170],[1678,35106],[1710,35078]],"size":[1,1,84],"rotations":[0,0,0,0,0,0,0,0,0,0,0,0,0,0,0,0,0,0]},{"id":18065,"name":"Pots","type":10,"category":0,"actions":["Search"],"coordinates":[[1602,35318]],"size":[1,1,57],"rotations":[0]},{"id":28420,"name":"Bed","type":10,"category":0,"actions":[],"coordinates":[[1606,35316]],"size":[1,2,118],"rotations":[2]},{"id":11366,"name":"Coal rocks","type":10,"category":200,"actions":["Mine"],"coordinates":[[1610,35142],[1614,35210],[1614,35206],[1614,35126],[1618,35186],[1618,35086],[1622,35206],[1626,35190],[1630,35130],[1630,35118],[1658,35198],[1666,35178],[1670,35166],[1678,35150],[1678,35114],[1682,35098],[1702,35082],[1706,35098],[1710,35102]],"size":[1,1,84],"rotations":[0,0,0,0,0,0,0,0,0,0,0,0,0,0,0,0,0,0,0]},{"id":28559,"name":"Armour stand","type":10,"category":0,"actions":[],"coordinates":[[1618,35258],[1626,35242],[1658,35286]],"size":[1,1,156],"rotations":[0,0,0]},{"id":28561,"name":"Drawers","type":10,"category":0,"actions":[],"coordinates":[[1618,35246],[1658,35294]],"size":[1,1,90],"rotations":[0,0]},{"id":28560,"name":"Armour stand","type":10,"category":0,"actions":[],"coordinates":[[1618,35242],[1626,35258],[1658,35302]],"size":[1,1,156],"rotations":[0,0,0]},{"id":28539,"name":"Metal ladder","type":10,"category":664,"actions":["Climb"],"coordinates":[[1618,35234],[1670,35302]],"size":[1,1,272],"rotations":[0,0]},{"id":11367,"name":"Coal rocks","type":10,"category":200,"actions":["Mine"],"coordinates":[[1618,35158],[1630,35198],[1654,35186],[1682,35126]],"size":[1,1,89],"rotations":[0,0,0,0]},{"id":28526,"name":"Wheely table","type":10,"category":155,"actions":[],"coordinates":[[1622,35258],[1626,35230]],"size":[1,1,71],"rotations":[0,0]},{"id":28528,"name":"Velvet stool","type":10,"category":0,"actions":[],"coordinates":[[1626,35234]],"size":[1,1,78],"rotations":[0]},{"id":28479,"name":"Door","type":0,"category":908,"actions":["Open"],"coordinates":[[1630,35246],[1666,35278]],"size":[1,1,276],"rotations":[0,0]},{"id":28552,"name":"Bank light","type":10,"category":0,"actions":[],"coordinates":[[1642,35146],[1642,35138],[1642,35130],[1642,35106],[1642,35098],[1642,35090],[1666,35146],[1666,35138],[1666,35122],[1666,35114],[1666,35098],[1666,35090]],"size":[1,1,220],"rotations":[0,0,0,0,0,0,0,0,0,0,0,0]},{"id":28551,"name":"Bank light","type":10,"category":0,"actions":[],"coordinates":[[1642,35122],[1642,35114],[1666,35130],[1666,35106]],"size":[1,1,220],"rotations":[0,0,0,0]},{"id":28546,"name":"Bank booth","type":10,"category":684,"actions":["Bank","Collect"],"coordinates":[[1646,35142],[1662,35094]],"size":[1,1,127],"rotations":[0,0]},{"id":28547,"name":"Bank booth","type":10,"category":684,"actions":["Bank","Collect"],"coordinates":[[1646,35134],[1662,35118]],"size":[1,1,127],"rotations":[0,0]},{"id":28550,"name":"Closed booth","type":10,"category":0,"actions":[],"coordinates":[[1646,35126],[1646,35118],[1646,35110],[1662,35134],[1662,35126],[1662,35110],[1662,35102]],"size":[1,1,127],"rotations":[0,0,0,0,0,0,0]},{"id":28549,"name":"Bank booth","type":10,"category":684,"actions":["Bank","Collect"],"coordinates":[[1646,35102]],"size":[1,1,127],"rotations":[0]},{"id":28548,"name":"Bank booth","type":10,"category":684,"actions":["Bank","Collect"],"coordinates":[[1646,35094],[1662,35142]],"size":[1,1,127],"rotations":[0,0]},{"id":28531,"name":"Velvet round chair","type":10,"category":0,"actions":[],"coordinates":[[1678,35306],[1678,35290],[1686,35306],[1686,35290]],"size":[1,1,121],"rotations":[0,0,0,0]},{"id":28523,"name":"Table","type":10,"category":154,"actions":[],"coordinates":[[1682,35298]],"size":[3,3,105],"rotations":[0]},{"id":28538,"name":"Sink","type":10,"category":175,"actions":[],"coordinates":[[1684,35282]],"size":[2,1,201],"rotations":[0]},{"id":25156,"name":"Fire","type":10,"category":0,"actions":[],"coordinates":[[1726,35282],[1726,35270],[1726,35266],[1726,35254],[1734,35266],[1734,35262],[1734,35258],[1742,35282],[1742,35254],[1746,35282],[1746,35254],[1750,35282],[1750,35254],[1762,35266],[1766,35282],[1766,35270],[1766,35266],[1766,35254]],"size":[1,1,169],"rotations":[0,0,0,0,0,0,0,0,0,0,0,0,0,0,0,0,0,0]},{"id":25155,"name":"Fire","type":10,"category":0,"actions":[],"coordinates":[[1732,35276],[1732,35268],[1732,35260],[1736,35268],[1740,35276],[1740,35260],[1744,35272],[1744,35264],[1748,35276],[1748,35272],[1748,35268],[1748,35260],[1752,35276],[1752,35260],[1756,35268],[1756,35264],[1760,35276],[1760,35272],[1760,35264],[1760,35260]],"size":[2,2,180],"rotations":[0,0,0,0,0,0,0,0,0,0,0,0,0,0,0,0,0,0,0,0]}]