[{"id":51424,"name":"Ancient fountainhead","type":10,"category":244,"actions":[],"coordinates":[[1808,11752],[1848,11752]],"size":[2,2],"rotations":[0,0]},{"id":14619,"name":"Mushroom","type":10,"category":0,"actions":[],"coordinates":[[1806,11728],[1814,11672],[1818,11628],[1834,11556],[1854,11748],[1858,11584],[1866,11704],[1866,11676],[1874,11672],[1886,11720],[1910,11592],[1910,11552],[1946,11580],[1974,11620],[2010,11736],[2010,11608],[2014,11536],[2034,11568]],"size":[1,1],"rotations":[0,0,0,0,0,0,0,0,0,0,0,0,0,0,0,0,0,0]},{"id":51342,"name":"Brazier","type":10,"category":0,"actions":[],"coordinates":[[1818,11752],[1838,11752],[1994,11748],[2010,11720]],"size":[1,1],"rotations":[0,0,0,0]},{"id":51375,"name":"Entrance","type":10,"category":0,"actions":["Pass-through"],"coordinates":[[1828,11756],[1944,11732]],"size":[2,2],"rotations":[0,0]},{"id":51365,"name":"Grubby sapling","type":10,"category":0,"actions":["Collect-from"],"coordinates":[[1834,11680],[1974,11692],[1974,11668],[1998,11660]],"size":[1,1],"rotations":[0,0,0,0]},{"id":51484,"name":"Waterfall","type":10,"category":0,"actions":[],"coordinates":[[1858,11704],[1874,11724],[1958,11676],[2018,11664]],"size":[3,3],"rotations":[0,0,0,0]},{"id":51331,"name":"Statue","type":10,"category":0,"actions":[],"coordinates":[[1918,11672]],"size":[3,3],"rotations":[0]},{"id":51340,"name":"Statue","type":11,"category":0,"actions":[],"coordinates":[[1936,11724]],"size":[2,2],"rotations":[0]},{"id":51364,"name":"Camp barrier","type":10,"category":0,"actions":[],"coordinates":[[1944,11656]],"size":[2,2],"rotations":[0]},{"id":42092,"name":"Stool","type":10,"category":0,"actions":[],"coordinates":[[1942,11652],[1950,11660]],"size":[1,1],"rotations":[0,0]},{"id":51362,"name":"Cooking stove","type":10,"category":0,"actions":["Cook","Make-cuppa"],"coordinates":[[1948,11652]],"size":[2,2],"rotations":[0]},{"id":52425,"name":"Barrel","type":10,"category":0,"actions":[],"coordinates":[[1946,11648]],"size":[1,1],"rotations":[0]},{"id":51341,"name":"Statue","type":11,"category":0,"actions":[],"coordinates":[[1952,11724]],"size":[2,2],"rotations":[0]},{"id":51371,"name":"Supply crates","type":10,"category":0,"actions":["Take-from","Take-from <col=00ffff>Fishing","Take-from <col=00ffff>Hunting","Take-from <col=00ffff>Herblore"],"coordinates":[[1950,11648]],"size":[1,1],"rotations":[0]},{"id":51378,"name":"Entrance","type":10,"category":0,"actions":["Pass-through"],"coordinates":[[1994,11536]],"size":[2,3],"rotations":[3]},{"id":51333,"name":"Statue","type":10,"category":0,"actions":[],"coordinates":[[2012,11596]],"size":[2,2],"rotations":[0]},{"id":51377,"name":"Entrance","type":10,"category":0,"actions":["Pass-through"],"coordinates":[[2018,11736]],"size":[3,3],"rotations":[0]}]