[{"id":42400,"name":"Plant","type":10,"category":0,"actions":[],"coordinates":[[1794,38122],[1798,38138],[1802,38094],[1806,38082],[1806,38070],[1810,38118],[1810,38010],[1818,38066],[1818,38018],[1822,38050],[1826,38038],[1894,37946],[1898,37958],[1902,37990],[1906,38022],[1910,38134],[1910,38078],[1922,38054],[1922,37958],[1926,37894],[1938,38142],[1938,37942],[1938,37906],[1946,38070],[1954,37978],[1958,38090],[1966,38030],[1974,38070],[1978,37962],[1978,37894],[1982,38098],[1986,38002],[1986,37926],[1998,38126],[1998,38038],[2002,37974],[2002,37906],[2006,37938],[2022,38090],[2022,37894],[2026,37962],[2030,38010],[2042,37946],[2046,37910]],"size":[1,1,133],"rotations":[0,0,0,0,0,0,0,0,0,0,0,0,0,0,0,0,0,0,0,0,0,0,0,0,0,0,0,0,0,0,0,0,0,0,0,0,0,0,0,0,0,0,0,0]},{"id":50721,"name":"Young tree","type":10,"category":0,"actions":["Set-trap"],"coordinates":[[1798,38030],[1810,38058],[1822,38034]],"size":[1,1,279],"rotations":[0,0,0]},{"id":42398,"name":"Plant","type":10,"category":0,"actions":[],"coordinates":[[1804,38104],[1804,38088],[1824,38044],[1908,38012],[1936,38132],[1936,37896],[1968,38088],[1992,37916],[1996,38140],[2024,38020],[2040,37972]],"size":[2,2,97],"rotations":[0,0,0,0,0,0,0,0,0,0,0]},{"id":42399,"name":"Plant","type":10,"category":0,"actions":[],"coordinates":[[1812,38068],[1816,38012],[1916,37952],[1920,38140],[1956,38080],[1968,37944],[1972,38032],[1984,38132],[2000,37960]],"size":[2,2,143],"rotations":[0,0,0,0,0,0,0,0,0]},{"id":11375,"name":"Adamantite rocks","type":10,"category":197,"actions":["Mine"],"coordinates":[[1826,38098]],"size":[1,1,89],"rotations":[0]},{"id":11374,"name":"Adamantite rocks","type":10,"category":197,"actions":["Mine"],"coordinates":[[1826,38094],[1834,38098]],"size":[1,1,84],"rotations":[0,0]},{"id":11364,"name":"Iron rocks","type":10,"category":218,"actions":["Mine"],"coordinates":[[1826,38086],[1846,38086]],"size":[1,1,84],"rotations":[0,0]},{"id":1282,"name":"Dead tree","type":10,"category":189,"actions":["Chop down"],"coordinates":[[1828,37956],[1872,37940],[1892,37920],[1916,37896]],"size":[2,2,510],"rotations":[0,0,0,0]},{"id":11161,"name":"Copper rocks","type":10,"category":196,"actions":["Mine"],"coordinates":[[1830,38114],[1838,38098]],"size":[1,1,89],"rotations":[0,0]},{"id":11360,"name":"Tin rocks","type":10,"category":198,"actions":["Mine"],"coordinates":[[1830,38110],[1842,38058]],"size":[1,1,84],"rotations":[0,0]},{"id":11361,"name":"Tin rocks","type":10,"category":198,"actions":["Mine"],"coordinates":[[1830,38078],[1838,38062]],"size":[1,1,89],"rotations":[0,0]},{"id":10943,"name":"Copper rocks","type":10,"category":196,"actions":["Mine"],"coordinates":[[1834,38118],[1838,38074]],"size":[1,1,84],"rotations":[0,0]},{"id":11365,"name":"Iron rocks","type":10,"category":218,"actions":["Mine"],"coordinates":[[1838,38110],[1842,38090]],"size":[1,1,89],"rotations":[0,0]},{"id":1289,"name":"Dead tree","type":10,"category":189,"actions":["Chop down"],"coordinates":[[1838,37970],[1842,37950],[1854,37962],[1862,37950],[1890,37926],[1902,37946],[1922,37950],[1922,37914],[1938,37910],[1942,37934]],"size":[1,1,289],"rotations":[0,0,0,0,0,0,0,0,0,0]},{"id":51792,"name":"Rockslide","type":10,"category":0,"actions":[],"coordinates":[[1860,38120],[1860,38108],[1868,38108],[1868,38068],[1868,38060],[1876,38048]],"size":[2,2,43],"rotations":[0,0,0,0,0,0]},{"id":51790,"name":"Rockslide","type":10,"category":0,"actions":[],"coordinates":[[1868,38116]],"size":[2,2,87],"rotations":[0]},{"id":51791,"name":"Rockslide","type":10,"category":0,"actions":[],"coordinates":[[1868,38076],[1876,38056]],"size":[2,2,87],"rotations":[0,0]},{"id":51793,"name":"Rockslide","type":10,"category":0,"actions":[],"coordinates":[[1872,38052]],"size":[2,2,43],"rotations":[0]},{"id":53188,"name":"Tree","type":10,"category":189,"actions":["Chop down"],"coordinates":[[1884,37952],[1944,37912],[1968,37928],[1968,37900],[1988,37892],[2032,37912],[2044,37892]],"size":[2,2,363],"rotations":[0,0,0,0,0,0,0]},{"id":1391,"name":"Plant","type":10,"category":0,"actions":[],"coordinates":[[1884,37940],[1900,37952],[1936,37916],[1980,37904],[2032,37936]],"size":[2,2,97],"rotations":[0,0,0,0,0]},{"id":11911,"name":"Bush","type":10,"category":0,"actions":[],"coordinates":[[1884,37928],[1888,37912],[1896,37936],[1908,37948],[1908,37900],[1920,37908],[1924,37900]],"size":[2,2,143],"rotations":[0,0,0,0,0,0,0]},{"id":51764,"name":"Tree","type":10,"category":189,"actions":["Chop down"],"coordinates":[[1892,38140],[1892,37988],[1900,38096],[1916,38068],[1936,38112],[1964,38044],[2036,37960]],"size":[2,2,363],"rotations":[0,0,0,0,0,0,0]},{"id":47370,"name":"Plant","type":10,"category":0,"actions":[],"coordinates":[[1890,38026],[1906,37994],[1918,38034],[1926,37990],[1934,37922],[1946,38142],[1950,37954],[1966,38126],[1966,37890],[1970,37918],[1982,38138],[2010,38110],[2010,38002],[2010,37910],[2014,37966],[2018,38042],[2026,38122],[2030,37978],[2034,37950]],"size":[1,1,142],"rotations":[0,0,0,0,0,0,0,0,0,0,0,0,0,0,0,0,0,0,0]},{"id":51875,"name":"Wolf Den","type":11,"category":0,"actions":[],"coordinates":[[1896,37900]],"size":[4,4,335],"rotations":[0]},{"id":51762,"name":"Tree","type":10,"category":189,"actions":["Chop down"],"coordinates":[[1900,38040],[1924,38036],[1960,38064],[1976,38116],[2008,38124],[2012,38024],[2012,37976],[2044,37936]],"size":[2,2,363],"rotations":[0,0,0,0,0,0,0,0]},{"id":42401,"name":"Plant","type":10,"category":0,"actions":[],"coordinates":[[1908,38116],[1924,38092],[1932,38048],[1960,38116],[1992,38012],[1996,38048]],"size":[2,2,142],"rotations":[0,0,0,0,0,0]},{"id":23061,"name":"Tent","type":10,"category":0,"actions":[],"coordinates":[[1924,38018],[1948,38034]],"size":[2,3,175],"rotations":[1,0]},{"id":27533,"name":"Crates","type":10,"category":0,"actions":["Search"],"coordinates":[[1922,38006],[1930,38010]],"size":[1,1,89],"rotations":[0,0]},{"id":5578,"name":"Cart","type":10,"category":0,"actions":[],"coordinates":[[1928,38002]],"size":[2,3,188],"rotations":[3]},{"id":1393,"name":"Plant","type":10,"category":0,"actions":[],"coordinates":[[1930,37950],[1942,37974]],"size":[1,1,133],"rotations":[0,0]},{"id":51751,"name":"Empty Food Pot","type":10,"category":0,"actions":[],"coordinates":[[1934,38010]],"size":[1,1,85],"rotations":[0]},{"id":1392,"name":"Plant","type":10,"category":0,"actions":[],"coordinates":[[1936,37948],[1944,37928],[2008,37896],[2040,37924]],"size":[2,2,143],"rotations":[0,0,0,0]},{"id":51754,"name":"Food basket","type":11,"category":0,"actions":[],"coordinates":[[1938,38002]],"size":[1,1,78],"rotations":[0]},{"id":51843,"name":"Chair","type":11,"category":0,"actions":[],"coordinates":[[1942,38010],[1946,38022]],"size":[1,1,97],"rotations":[0,0]},{"id":25374,"name":"Campfire","type":10,"category":152,"actions":[],"coordinates":[[1946,38014]],"size":[1,1,122],"rotations":[0]},{"id":1394,"name":"Plant","type":10,"category":0,"actions":[],"coordinates":[[1952,37892],[1956,37940],[2016,37936],[2040,37900]],"size":[2,2,142],"rotations":[0,0,0,0]},{"id":51724,"name":"Stool","type":10,"category":0,"actions":[],"coordinates":[[1954,38022]],"size":[1,1,64],"rotations":[0]},{"id":52823,"name":"Tree","type":10,"category":189,"actions":["Chop down"],"coordinates":[[1956,37904]],"size":[2,2,372],"rotations":[0]},{"id":23062,"name":"Tent","type":11,"category":0,"actions":[],"coordinates":[[1966,38006]],"size":[3,3,175],"rotations":[0]},{"id":51748,"name":"Food basket","type":10,"category":0,"actions":[],"coordinates":[[1966,38014]],"size":[1,1,75],"rotations":[0]},{"id":18894,"name":"Rockslide","type":10,"category":0,"actions":[],"coordinates":[[1984,38076],[1988,38088],[2004,38076],[2008,38092],[2024,38080],[2024,38060],[2032,38060],[2036,38044],[2040,38056]],"size":[2,2,43],"rotations":[0,0,0,0,0,0,0,0,0]},{"id":18893,"name":"Rockslide","type":10,"category":0,"actions":[],"coordinates":[[2016,38064]],"size":[2,2,87],"rotations":[0]}]