[{"id":42400,"name":"Plant","type":10,"category":0,"actions":[],"coordinates":[[1794,38120],[1798,38136],[1802,38092],[1806,38080],[1806,38068],[1810,38116],[1810,38008],[1818,38064],[1818,38016],[1822,38048],[1826,38036],[1894,37944],[1898,37956],[1902,37988],[1906,38020],[1910,38132],[1910,38076],[1922,38052],[1922,37956],[1926,37892],[1938,38140],[1938,37940],[1938,37904],[1946,38068],[1954,37976],[1958,38088],[1966,38028],[1974,38068],[1978,37960],[1978,37892],[1982,38096],[1986,38000],[1986,37924],[1998,38124],[1998,38036],[2002,37972],[2002,37904],[2006,37936],[2022,38088],[2022,37892],[2026,37960],[2030,38008],[2042,37944],[2046,37908]],"size":[1,1],"rotations":[0,0,0,0,0,0,0,0,0,0,0,0,0,0,0,0,0,0,0,0,0,0,0,0,0,0,0,0,0,0,0,0,0,0,0,0,0,0,0,0,0,0,0,0]},{"id":50721,"name":"Young tree","type":10,"category":0,"actions":["Set-trap"],"coordinates":[[1798,38028],[1810,38056],[1822,38032]],"size":[1,1],"rotations":[0,0,0]},{"id":42398,"name":"Plant","type":10,"category":0,"actions":[],"coordinates":[[1804,38100],[1804,38084],[1824,38040],[1908,38008],[1936,38128],[1936,37892],[1968,38084],[1992,37912],[1996,38136],[2024,38016],[2040,37968]],"size":[2,2],"rotations":[0,0,0,0,0,0,0,0,0,0,0]},{"id":42399,"name":"Plant","type":10,"category":0,"actions":[],"coordinates":[[1812,38064],[1816,38008],[1916,37948],[1920,38136],[1956,38076],[1968,37940],[1972,38028],[1984,38128],[2000,37956]],"size":[2,2],"rotations":[0,0,0,0,0,0,0,0,0]},{"id":11375,"name":"Adamantite rocks","type":10,"category":197,"actions":["Mine"],"coordinates":[[1826,38096]],"size":[1,1],"rotations":[0]},{"id":11374,"name":"Adamantite rocks","type":10,"category":197,"actions":["Mine"],"coordinates":[[1826,38092],[1834,38096]],"size":[1,1],"rotations":[0,0]},{"id":11364,"name":"Iron rocks","type":10,"category":218,"actions":["Mine"],"coordinates":[[1826,38084],[1846,38084]],"size":[1,1],"rotations":[0,0]},{"id":1282,"name":"Dead tree","type":10,"category":189,"actions":["Chop down"],"coordinates":[[1828,37952],[1872,37936],[1892,37916],[1916,37892]],"size":[2,2],"rotations":[0,0,0,0]},{"id":11161,"name":"Copper rocks","type":10,"category":196,"actions":["Mine"],"coordinates":[[1830,38112],[1838,38096]],"size":[1,1],"rotations":[0,0]},{"id":11360,"name":"Tin rocks","type":10,"category":198,"actions":["Mine"],"coordinates":[[1830,38108],[1842,38056]],"size":[1,1],"rotations":[0,0]},{"id":11361,"name":"Tin rocks","type":10,"category":198,"actions":["Mine"],"coordinates":[[1830,38076],[1838,38060]],"size":[1,1],"rotations":[0,0]},{"id":10943,"name":"Copper rocks","type":10,"category":196,"actions":["Mine"],"coordinates":[[1834,38116],[1838,38072]],"size":[1,1],"rotations":[0,0]},{"id":11365,"name":"Iron rocks","type":10,"category":218,"actions":["Mine"],"coordinates":[[1838,38108],[1842,38088]],"size":[1,1],"rotations":[0,0]},{"id":1289,"name":"Dead tree","type":10,"category":189,"actions":["Chop down"],"coordinates":[[1838,37968],[1842,37948],[1854,37960],[1862,37948],[1890,37924],[1902,37944],[1922,37948],[1922,37912],[1938,37908],[1942,37932]],"size":[1,1],"rotations":[0,0,0,0,0,0,0,0,0,0]},{"id":51792,"name":"Rockslide","type":10,"category":0,"actions":[],"coordinates":[[1860,38116],[1860,38104],[1868,38104],[1868,38064],[1868,38056],[1876,38044]],"size":[2,2],"rotations":[0,0,0,0,0,0]},{"id":51790,"name":"Rockslide","type":10,"category":0,"actions":[],"coordinates":[[1868,38112]],"size":[2,2],"rotations":[0]},{"id":51791,"name":"Rockslide","type":10,"category":0,"actions":[],"coordinates":[[1868,38072],[1876,38052]],"size":[2,2],"rotations":[0,0]},{"id":51793,"name":"Rockslide","type":10,"category":0,"actions":[],"coordinates":[[1872,38048]],"size":[2,2],"rotations":[0]},{"id":1301,"name":"Tree","type":10,"category":0,"actions":[],"coordinates":[[1884,37948],[1944,37908],[1968,37924],[1968,37896],[1988,37888],[2032,37908],[2044,37888]],"size":[2,2],"rotations":[0,0,0,0,0,0,0]},{"id":1391,"name":"Plant","type":10,"category":0,"actions":[],"coordinates":[[1884,37936],[1900,37948],[1936,37912],[1980,37900],[2032,37932]],"size":[2,2],"rotations":[0,0,0,0,0]},{"id":11911,"name":"Bush","type":10,"category":0,"actions":[],"coordinates":[[1884,37924],[1888,37908],[1896,37932],[1908,37944],[1908,37896],[1920,37904],[1924,37896]],"size":[2,2],"rotations":[0,0,0,0,0,0,0]},{"id":51764,"name":"Tree","type":10,"category":189,"actions":["Chop down"],"coordinates":[[1892,38136],[1892,37984],[1900,38092],[1916,38064],[1936,38108],[1964,38040],[2036,37956]],"size":[2,2],"rotations":[0,0,0,0,0,0,0]},{"id":47370,"name":"Plant","type":10,"category":0,"actions":[],"coordinates":[[1890,38024],[1906,37992],[1918,38032],[1926,37988],[1934,37920],[1946,38140],[1950,37952],[1966,38124],[1966,37888],[1970,37916],[1982,38136],[2010,38108],[2010,38000],[2010,37908],[2014,37964],[2018,38040],[2026,38120],[2030,37976],[2034,37948]],"size":[1,1],"rotations":[0,0,0,0,0,0,0,0,0,0,0,0,0,0,0,0,0,0,0]},{"id":51875,"name":"Wolf Den","type":11,"category":0,"actions":[],"coordinates":[[1896,37888]],"size":[4,4],"rotations":[0]},{"id":51762,"name":"Tree","type":10,"category":189,"actions":["Chop down"],"coordinates":[[1900,38036],[1924,38032],[1960,38060],[1976,38112],[2008,38120],[2012,38020],[2012,37972],[2044,37932]],"size":[2,2],"rotations":[0,0,0,0,0,0,0,0]},{"id":42401,"name":"Plant","type":10,"category":0,"actions":[],"coordinates":[[1908,38112],[1924,38088],[1932,38044],[1960,38112],[1992,38008],[1996,38044]],"size":[2,2],"rotations":[0,0,0,0,0,0]},{"id":23061,"name":"Tent","type":10,"category":0,"actions":[],"coordinates":[[1926,38008],[1950,38024]],"size":[2,3],"rotations":[1,0]},{"id":27533,"name":"Crates","type":10,"category":0,"actions":["Search"],"coordinates":[[1922,38004],[1930,38008]],"size":[1,1],"rotations":[0,0]},{"id":5578,"name":"Cart","type":10,"category":0,"actions":[],"coordinates":[[1930,37992]],"size":[2,3],"rotations":[3]},{"id":1393,"name":"Plant","type":10,"category":0,"actions":[],"coordinates":[[1930,37948],[1942,37972]],"size":[1,1],"rotations":[0,0]},{"id":51751,"name":"Empty Food Pot","type":10,"category":0,"actions":[],"coordinates":[[1934,38008]],"size":[1,1],"rotations":[0]},{"id":1392,"name":"Plant","type":10,"category":0,"actions":[],"coordinates":[[1936,37944],[1944,37924],[2008,37892],[2040,37920]],"size":[2,2],"rotations":[0,0,0,0]},{"id":51754,"name":"Food basket","type":11,"category":0,"actions":[],"coordinates":[[1938,38000]],"size":[1,1],"rotations":[0]},{"id":51843,"name":"Chair","type":11,"category":0,"actions":[],"coordinates":[[1942,38008],[1946,38020]],"size":[1,1],"rotations":[0,0]},{"id":25374,"name":"Campfire","type":10,"category":152,"actions":[],"coordinates":[[1946,38012]],"size":[1,1],"rotations":[0]},{"id":1394,"name":"Plant","type":10,"category":0,"actions":[],"coordinates":[[1952,37888],[1956,37936],[2016,37932],[2040,37896]],"size":[2,2],"rotations":[0,0,0,0]},{"id":51724,"name":"Stool","type":10,"category":0,"actions":[],"coordinates":[[1954,38020]],"size":[1,1],"rotations":[0]},{"id":52823,"name":"Tree","type":10,"category":189,"actions":["Chop down"],"coordinates":[[1956,37900]],"size":[2,2],"rotations":[0]},{"id":23062,"name":"Tent","type":11,"category":0,"actions":[],"coordinates":[[1966,37996]],"size":[3,3],"rotations":[0]},{"id":51748,"name":"Food basket","type":10,"category":0,"actions":[],"coordinates":[[1966,38012]],"size":[1,1],"rotations":[0]},{"id":18894,"name":"Rockslide","type":10,"category":0,"actions":[],"coordinates":[[1984,38072],[1988,38084],[2004,38072],[2008,38088],[2024,38076],[2024,38056],[2032,38056],[2036,38040],[2040,38052]],"size":[2,2],"rotations":[0,0,0,0,0,0,0,0,0]},{"id":18893,"name":"Rockslide","type":10,"category":0,"actions":[],"coordinates":[[2016,38060]],"size":[2,2],"rotations":[0]}]