[{"id":49755,"name":"Sewer exit","type":10,"category":1873,"actions":["Exit"],"coordinates":[[1794,33488]],"size":[1,1],"rotations":[0]},{"id":49754,"name":"Sewer exit","type":10,"category":1873,"actions":["Exit"],"coordinates":[[1794,33484]],"size":[1,1],"rotations":[0]},{"id":49753,"name":"Sewer exit","type":10,"category":1873,"actions":["Exit"],"coordinates":[[1794,33480]],"size":[1,1],"rotations":[0]},{"id":49756,"name":"Sewer exit","type":10,"category":1873,"actions":["Exit"],"coordinates":[[1794,33476]],"size":[1,1],"rotations":[0]},{"id":49757,"name":"Sewer exit","type":10,"category":1873,"actions":["Exit"],"coordinates":[[1794,33472]],"size":[1,1],"rotations":[0]},{"id":49758,"name":"Sewer exit","type":10,"category":1873,"actions":["Exit"],"coordinates":[[1794,33468]],"size":[1,1],"rotations":[0]}]