[{"id":51760,"name":"Cave","type":10,"category":0,"actions":["Exit"],"coordinates":[[2054,12636]],"size":[2,3],"rotations":[2]},{"id":51788,"name":"Roots","type":10,"category":0,"actions":[],"coordinates":[[2106,12752],[2114,12740],[2122,12768],[2122,12736],[2174,12728],[2178,12748],[2182,12732]],"size":[1,1],"rotations":[0,0,0,0,0,0,0]},{"id":51787,"name":"Roots","type":10,"category":0,"actions":[],"coordinates":[[2110,12756],[2110,12748],[2114,12736],[2118,12764],[2118,12744],[2126,12768],[2158,12668],[2162,12660],[2166,12660],[2170,12744],[2174,12752],[2178,12740],[2178,12732],[2186,12672],[2194,12676],[2194,12668],[2202,12628],[2206,12624],[2210,12632]],"size":[1,1],"rotations":[0,0,0,0,0,0,0,0,0,0,0,0,0,0,0,0,0,0,0]},{"id":51746,"name":"Roots","type":10,"category":0,"actions":["Take-log"],"coordinates":[[2110,12752],[2118,12740],[2122,12764],[2162,12664],[2174,12748],[2178,12736],[2190,12672],[2206,12628]],"size":[1,1],"rotations":[0,0,0,0,0,0,0,0]},{"id":17237,"name":"Torch","type":10,"category":0,"actions":[],"coordinates":[[2110,12616],[2110,12596],[2154,12584],[2162,12608],[2162,12596]],"size":[1,1],"rotations":[0,0,0,0,0]},{"id":51727,"name":"Stool","type":10,"category":0,"actions":[],"coordinates":[[2114,12612],[2118,12588],[2142,12588],[2150,12596],[2154,12624]],"size":[1,1],"rotations":[0,0,0,0,0]},{"id":51722,"name":"Table","type":10,"category":157,"actions":[],"coordinates":[[2120,12612],[2148,12588],[2188,12600]],"size":[2,2],"rotations":[0,0,0]},{"id":51726,"name":"Stool","type":10,"category":0,"actions":[],"coordinates":[[2118,12580],[2122,12608],[2126,12592],[2154,12612],[2154,12588],[2158,12620]],"size":[1,1],"rotations":[0,0,0,0,0,0]},{"id":51724,"name":"Stool","type":10,"category":0,"actions":[],"coordinates":[[2122,12620],[2146,12616],[2150,12584],[2174,12592],[2178,12616],[2186,12608]],"size":[1,1],"rotations":[0,0,0,0,0,0]},{"id":51723,"name":"Table","type":10,"category":157,"actions":[],"coordinates":[[2124,12584],[2152,12616]],"size":[2,2],"rotations":[0,0]},{"id":52432,"name":"Crates","type":10,"category":0,"actions":[],"coordinates":[[2126,12568]],"size":[1,1],"rotations":[0]},{"id":42154,"name":"Shelves","type":10,"category":0,"actions":[],"coordinates":[[2130,12560]],"size":[1,1],"rotations":[0]},{"id":52425,"name":"Barrel","type":10,"category":0,"actions":[],"coordinates":[[2130,12556],[2142,12564]],"size":[1,1],"rotations":[0,0]},{"id":51642,"name":"Stairs","type":10,"category":0,"actions":["Climb-up"],"coordinates":[[2138,12624]],"size":[2,3],"rotations":[0]},{"id":51730,"name":"Table","type":10,"category":154,"actions":[],"coordinates":[[2134,12552]],"size":[2,1],"rotations":[0]},{"id":51720,"name":"Beer taps","type":10,"category":0,"actions":[],"coordinates":[[2138,12576],[2142,12576]],"size":[1,1],"rotations":[0,0]},{"id":52648,"name":"Oven","type":10,"category":0,"actions":[],"coordinates":[[2142,12560]],"size":[2,1],"rotations":[1]},{"id":52583,"name":"Sacks","type":10,"category":0,"actions":[],"coordinates":[[2146,12568]],"size":[1,1],"rotations":[0]},{"id":51732,"name":"Chair","type":10,"category":0,"actions":[],"coordinates":[[2178,12588],[2182,12604],[2190,12616],[2190,12588]],"size":[1,1],"rotations":[0,0,0,0]},{"id":51725,"name":"Stool","type":10,"category":0,"actions":[],"coordinates":[[2186,12596]],"size":[1,1],"rotations":[0]}]