[{"id":51899,"name":"Statue of Taur","type":10,"category":0,"actions":[],"coordinates":[[2072,12056],[2160,12160]],"size":[4,4,261],"rotations":[0,0]},{"id":39069,"name":"Stairs","type":10,"category":0,"actions":["Climb-up"],"coordinates":[[2088,12234],[2088,12226],[2172,12246],[2172,12186],[2172,12134],[2180,12246],[2180,12186],[2180,12134],[2200,12162],[2200,12154],[2228,12058],[2228,12050],[2260,12194],[2260,12186]],"size":[2,3,384],"rotations":[1,1,0,2,0,0,2,0,1,1,3,3,3,3]},{"id":33454,"name":"Brazier","type":10,"category":0,"actions":[],"coordinates":[[2102,12122],[2102,12086],[2162,12110],[2162,12086],[2190,12110],[2190,12086],[2250,12122],[2250,12086]],"size":[1,1,375],"rotations":[0,0,0,0,0,0,0,0]},{"id":51898,"name":"Statue of Taur","type":11,"category":0,"actions":[],"coordinates":[[2154,12086],[2198,12086]],"size":[3,3,261],"rotations":[0,0]},{"id":51870,"name":"Shrine","type":10,"category":0,"actions":[],"coordinates":[[2174,12084]],"size":[5,2,425],"rotations":[0]}]