[{"id":30099,"name":"A Shayzien State","type":10,"category":0,"actions":["Read"],"coordinates":[[2058,9536]],"size":[1,1],"rotations":[0]},{"id":30100,"name":"Armed Forces Report","type":10,"category":0,"actions":["Read"],"coordinates":[[2058,9532]],"size":[1,1],"rotations":[0]},{"id":30094,"name":"Bookshelf","type":10,"category":0,"actions":[],"coordinates":[[2062,9540],[2078,9528],[2082,9544],[2082,9508],[2086,9564],[2098,9504],[2106,9568],[2118,9584],[2122,9564],[2138,9504],[2142,9560],[2142,9524],[2146,9540],[2162,9528]],"size":[1,1],"rotations":[0,0,0,0,0,0,0,0,0,0,0,0,0,0]},{"id":30091,"name":"Bookshelf","type":10,"category":0,"actions":[],"coordinates":[[2062,9528],[2078,9540],[2082,9560],[2082,9524],[2086,9504],[2094,9504],[2102,9564],[2106,9584],[2118,9568],[2126,9504],[2138,9564],[2142,9544],[2142,9508],[2146,9528],[2162,9540]],"size":[1,1],"rotations":[0,0,0,0,0,0,0,0,0,0,0,0,0,0,0]},{"id":30093,"name":"Bookshelf","type":10,"category":0,"actions":[],"coordinates":[[2066,9540],[2074,9528],[2082,9548],[2082,9512],[2090,9564],[2106,9572],[2118,9580],[2126,9564],[2134,9504],[2142,9556],[2142,9520],[2150,9540],[2158,9528]],"size":[1,1],"rotations":[0,0,0,0,0,0,0,0,0,0,0,0,0]},{"id":30092,"name":"Bookshelf","type":10,"category":0,"actions":[],"coordinates":[[2066,9528],[2074,9540],[2082,9556],[2082,9520],[2090,9504],[2098,9564],[2106,9580],[2118,9572],[2130,9504],[2134,9564],[2142,9548],[2142,9512],[2150,9528],[2158,9540]],"size":[1,1],"rotations":[0,0,0,0,0,0,0,0,0,0,0,0,0,0]},{"id":28365,"name":"Table","type":10,"category":154,"actions":[],"coordinates":[[2092,9552],[2132,9544],[2132,9520]],"size":[2,2],"rotations":[0,0,0]},{"id":28368,"name":"Table","type":10,"category":154,"actions":[],"coordinates":[[2092,9544],[2092,9520],[2124,9552],[2124,9512]],"size":[2,2],"rotations":[0,0,0,0]},{"id":28366,"name":"Table","type":11,"category":154,"actions":[],"coordinates":[[2092,9512],[2100,9552]],"size":[2,2],"rotations":[0,0]},{"id":28398,"name":"Books","type":11,"category":0,"actions":[],"coordinates":[[2094,9528],[2098,9520],[2118,9492],[2126,9544],[2126,9524]],"size":[1,1],"rotations":[0,0,0,0,0]},{"id":28531,"name":"Velvet round chair","type":11,"category":0,"actions":[],"coordinates":[[2098,9548]],"size":[1,1],"rotations":[0]},{"id":28400,"name":"Books","type":11,"category":0,"actions":[],"coordinates":[[2098,9544],[2102,9520],[2106,9488],[2126,9548]],"size":[1,1],"rotations":[0,0,0,0]},{"id":28392,"name":"Parchment","type":11,"category":0,"actions":[],"coordinates":[[2098,9524]],"size":[1,1],"rotations":[0]},{"id":30096,"name":"Ancient Relic","type":10,"category":0,"actions":["Inspect"],"coordinates":[[2100,9512]],"size":[2,2],"rotations":[0]},{"id":28390,"name":"Parchment","type":11,"category":0,"actions":[],"coordinates":[[2102,9548],[2118,9500]],"size":[1,1],"rotations":[0,0]},{"id":28394,"name":"Vials","type":11,"category":0,"actions":[],"coordinates":[[2106,9500],[2190,9600]],"size":[1,1],"rotations":[0,0]},{"id":30097,"name":"The Great Expedition","type":10,"category":0,"actions":["Read"],"coordinates":[[2110,9588]],"size":[1,1],"rotations":[0]},{"id":30095,"name":"Timeline","type":10,"category":154,"actions":["Read"],"coordinates":[[2112,9496]],"size":[6,2],"rotations":[1]},{"id":30098,"name":"Winter's End","type":10,"category":0,"actions":["Read"],"coordinates":[[2114,9588]],"size":[1,1],"rotations":[0]},{"id":28399,"name":"Books","type":11,"category":0,"actions":[],"coordinates":[[2122,9548],[2126,9520],[2130,9528]],"size":[1,1],"rotations":[0,0,0]},{"id":28386,"name":"Parchment","type":11,"category":0,"actions":[],"coordinates":[[2122,9524]],"size":[1,1],"rotations":[0]},{"id":28385,"name":"Parchment","type":10,"category":0,"actions":[],"coordinates":[[2122,9520]],"size":[1,1],"rotations":[0]},{"id":28367,"name":"Table","type":10,"category":154,"actions":[],"coordinates":[[2132,9552],[2132,9512]],"size":[2,2],"rotations":[0,0]},{"id":30103,"name":"Royal Wedding Invitation","type":10,"category":0,"actions":["Read"],"coordinates":[[2142,9516]],"size":[1,1],"rotations":[0]},{"id":28420,"name":"Bed","type":10,"category":0,"actions":[],"coordinates":[[2164,9632],[2164,9624],[2188,9656],[2188,9600],[2196,9656],[2196,9600],[2212,9680],[2224,9680],[2224,9576],[2236,9656],[2240,9600],[2244,9656],[2248,9600]],"size":[1,2],"rotations":[0,2,1,0,3,0,2,2,0,1,0,3,0]},{"id":30102,"name":"Chronicles of Xeric","type":10,"category":0,"actions":["Read"],"coordinates":[[2166,9536]],"size":[1,1],"rotations":[0]},{"id":30101,"name":"Official Order of Construction","type":10,"category":0,"actions":["Read"],"coordinates":[[2166,9532]],"size":[1,1],"rotations":[0]},{"id":31963,"name":"Skeleton","type":10,"category":0,"actions":[],"coordinates":[[2174,9636]],"size":[2,1],"rotations":[0]},{"id":16895,"name":"Chain","type":10,"category":529,"actions":[],"coordinates":[[2174,9624],[2186,9648],[2198,9652],[2222,9672],[2234,9600],[2238,9648],[2242,9616]],"size":[1,1],"rotations":[0,0,0,0,0,0,0]},{"id":32501,"name":"Glowing Orb","type":10,"category":0,"actions":[],"coordinates":[[2186,9640],[2186,9620],[2206,9660],[2206,9600],[2226,9660],[2226,9600],[2246,9640],[2246,9620]],"size":[1,1],"rotations":[0,0,0,0,0,0,0,0]},{"id":14603,"name":"Skeleton","type":10,"category":0,"actions":[],"coordinates":[[2198,9600]],"size":[1,1],"rotations":[0]},{"id":41422,"name":"Skeleton","type":10,"category":0,"actions":["Search"],"coordinates":[[2202,9656]],"size":[2,1],"rotations":[3]},{"id":14604,"name":"Skeleton","type":10,"category":0,"actions":[],"coordinates":[[2210,9676]],"size":[2,1],"rotations":[3]},{"id":31962,"name":"Skeleton","type":10,"category":0,"actions":["Investigate"],"coordinates":[[2210,9576]],"size":[2,1],"rotations":[0]},{"id":14602,"name":"Skeleton","type":10,"category":0,"actions":[],"coordinates":[[2246,9652]],"size":[1,1],"rotations":[0]},{"id":31961,"name":"Portal","type":10,"category":0,"actions":["Enter"],"coordinates":[[2268,9628]],"size":[2,2],"rotations":[0]}]