[{"id":1392,"name":"Plant","type":10,"category":0,"actions":[],"coordinates":[[2052,37716],[2064,37780],[2088,37868],[2096,37792],[2124,37880],[2128,37784],[2132,37724],[2152,37844],[2156,37724],[2184,37852],[2204,37780],[2216,37760],[2224,37840],[2232,37752],[2248,37740],[2264,37732]],"size":[2,2],"rotations":[0,0,0,0,0,0,0,0,0,0,0,0,0,0,0,0]},{"id":1393,"name":"Plant","type":10,"category":0,"actions":[],"coordinates":[[2050,37712],[2058,37784],[2066,37760],[2066,37716],[2094,37788],[2098,37724],[2102,37700],[2126,37720],[2130,37732],[2134,37780],[2138,37792],[2142,37820],[2142,37792],[2142,37728],[2150,37788],[2154,37804],[2162,37816],[2162,37724],[2166,37728],[2178,37880],[2178,37828],[2182,37868],[2186,37796],[2190,37796],[2194,37872],[2202,37752],[2206,37880],[2206,37752],[2210,37796],[2210,37792],[2210,37780],[2214,37756],[2218,37748],[2230,37840],[2234,37880],[2238,37868],[2250,37844],[2274,37856]],"size":[1,1],"rotations":[0,0,0,0,0,0,0,0,0,0,0,0,0,0,0,0,0,0,0,0,0,0,0,0,0,0,0,0,0,0,0,0,0,0,0,0,0,0]},{"id":52823,"name":"Tree","type":10,"category":189,"actions":["Chop down"],"coordinates":[[2056,37776],[2064,37708],[2068,37796],[2076,37792],[2100,37784],[2124,37724],[2128,37776],[2136,37784],[2136,37732],[2140,37720],[2148,37792],[2148,37728],[2152,37780],[2168,37788],[2180,37784],[2188,37788],[2204,37788],[2204,37744],[2208,37756],[2212,37784],[2216,37792],[2220,37752],[2236,37744],[2240,37752],[2256,37740]],"size":[2,2],"rotations":[0,0,0,0,0,0,0,0,0,0,0,0,0,0,0,0,0,0,0,0,0,0,0,0,0]},{"id":10831,"name":"Willow tree","type":10,"category":286,"actions":["Chop down"],"coordinates":[[2056,37692],[2244,37716],[2284,37684]],"size":[2,2],"rotations":[0,0,0]},{"id":11911,"name":"Bush","type":10,"category":0,"actions":[],"coordinates":[[2056,37648],[2068,37640],[2080,37656],[2108,37636],[2292,37756]],"size":[2,2],"rotations":[0,0,0,0,0]},{"id":53188,"name":"Tree","type":10,"category":189,"actions":["Chop down"],"coordinates":[[2060,37788],[2064,37752],[2068,37876],[2088,37832],[2092,37780],[2100,37728],[2108,37696]],"size":[2,2],"rotations":[0,0,0,0,0,0,0]},{"id":11913,"name":"Bush","type":10,"category":0,"actions":[],"coordinates":[[2060,37656],[2164,37644],[2188,37660]],"size":[2,2],"rotations":[0,0,0]},{"id":1391,"name":"Plant","type":10,"category":0,"actions":[],"coordinates":[[2068,37828],[2068,37788],[2072,37712],[2120,37780],[2124,37700],[2144,37784],[2148,37868],[2148,37720],[2188,37780],[2192,37876],[2204,37848],[2212,37748],[2220,37784],[2248,37808],[2252,37772],[2260,37852],[2272,37764],[2284,37836],[2288,37800]],"size":[2,2],"rotations":[0,0,0,0,0,0,0,0,0,0,0,0,0,0,0,0,0,0,0]},{"id":1163,"name":"Mushroom","type":10,"category":0,"actions":[],"coordinates":[[2070,37720],[2098,37780],[2106,37704]],"size":[1,1],"rotations":[0,0,0]},{"id":10833,"name":"Willow tree","type":10,"category":286,"actions":["Chop down"],"coordinates":[[2084,37688],[2256,37704],[2296,37676]],"size":[2,2],"rotations":[0,0,0]},{"id":1282,"name":"Dead tree","type":11,"category":189,"actions":["Chop down"],"coordinates":[[2088,37656],[2180,37656]],"size":[2,2],"rotations":[0,0]},{"id":1165,"name":"Mushroom","type":10,"category":0,"actions":[],"coordinates":[[2102,37728],[2122,37776],[2122,37724]],"size":[1,1],"rotations":[0,0,0]},{"id":1394,"name":"Plant","type":10,"category":0,"actions":[],"coordinates":[[2128,37768],[2144,37696],[2200,37880],[2240,37880],[2264,37844]],"size":[2,2],"rotations":[0,0,0,0,0]},{"id":52394,"name":"Bird bath","type":10,"category":0,"actions":["Drink-from"],"coordinates":[[2128,37744]],"size":[2,2],"rotations":[0]},{"id":46813,"name":"Incense burner","type":10,"category":0,"actions":[],"coordinates":[[2158,37764],[2158,37752]],"size":[1,1],"rotations":[0,0]},{"id":51898,"name":"Statue of Taur","type":11,"category":0,"actions":[],"coordinates":[[2166,37760],[2166,37740]],"size":[3,3],"rotations":[0,0]},{"id":51906,"name":"Brazier","type":10,"category":0,"actions":[],"coordinates":[[2174,37760],[2174,37736]],"size":[2,3],"rotations":[1,1]},{"id":52432,"name":"Crates","type":10,"category":0,"actions":[],"coordinates":[[2182,37864],[2182,37860],[2186,37864],[2230,37856],[2234,37864],[2234,37856]],"size":[1,1],"rotations":[0,0,0,0,0,0]},{"id":52425,"name":"Barrel","type":10,"category":0,"actions":[],"coordinates":[[2186,37860],[2190,37864],[2226,37856],[2234,37860]],"size":[1,1],"rotations":[0,0,0,0]},{"id":51900,"name":"Banner","type":10,"category":0,"actions":[],"coordinates":[[2186,37764],[2186,37752]],"size":[1,1],"rotations":[0,0]},{"id":52431,"name":"Crate","type":10,"category":0,"actions":[],"coordinates":[[2190,37860]],"size":[1,1],"rotations":[0]},{"id":46310,"name":"Hay bale","type":10,"category":0,"actions":[],"coordinates":[[2198,37856]],"size":[1,1],"rotations":[0]},{"id":40,"name":"Food trough","type":10,"category":0,"actions":[],"coordinates":[[2202,37868],[2222,37876]],"size":[2,1],"rotations":[0,3]},{"id":46311,"name":"Hay bale","type":10,"category":0,"actions":[],"coordinates":[[2202,37856],[2206,37856]],"size":[1,1],"rotations":[0,0]},{"id":16472,"name":"Lathe","type":10,"category":0,"actions":[],"coordinates":[[2210,37856]],"size":[2,1],"rotations":[2]},{"id":52646,"name":"Water pump","type":10,"category":177,"actions":[],"coordinates":[[2214,37880]],"size":[1,1],"rotations":[0]},{"id":11192,"name":"Rockslide","type":10,"category":0,"actions":[],"coordinates":[[2216,37776],[2216,37768],[2252,37760],[2260,37764],[2260,37748],[2268,37752],[2272,37740],[2272,37732]],"size":[2,2],"rotations":[0,0,0,0,0,0,0,0]},{"id":6188,"name":"Blacksmith's tools","type":5,"category":0,"actions":[],"coordinates":[[2218,37856]],"size":[1,1],"rotations":[0]},{"id":51724,"name":"Stool","type":10,"category":0,"actions":[],"coordinates":[[2222,37860]],"size":[1,1],"rotations":[0]},{"id":52635,"name":"Staircase","type":10,"category":0,"actions":["Climb-up"],"coordinates":[[2234,37856]],"size":[1,3],"rotations":[0]},{"id":10829,"name":"Willow tree","type":11,"category":286,"actions":["Chop down"],"coordinates":[[2232,37724],[2276,37692]],"size":[2,2],"rotations":[0,0]},{"id":51772,"name":"Oak tree","type":10,"category":279,"actions":["Chop down"],"coordinates":[[2260,37780]],"size":[4,4],"rotations":[0]},{"id":11191,"name":"Rockslide","type":10,"category":0,"actions":[],"coordinates":[[2260,37756]],"size":[2,2],"rotations":[0]}]