[{"id":11426,"name":"Rockslide","type":10,"category":0,"actions":[],"coordinates":[[2052,35072],[2056,35100],[2064,35088],[2080,35068],[2100,35080]],"size":[2,2],"rotations":[0,0,0,0,0]},{"id":28479,"name":"Door","type":0,"category":908,"actions":["Open"],"coordinates":[[2054,35196],[2074,35296],[2114,35300],[2118,35232]],"size":[1,1],"rotations":[0,0,0,0]},{"id":11428,"name":"Rockslide","type":10,"category":0,"actions":[],"coordinates":[[2056,35084],[2064,35100],[2092,35084],[2100,35100]],"size":[2,2],"rotations":[0,0,0,0]},{"id":11427,"name":"Rockslide","type":10,"category":0,"actions":[],"coordinates":[[2060,35076],[2080,35092],[2092,35068],[2104,35092],[2120,35076]],"size":[2,2],"rotations":[0,0,0,0,0]},{"id":28536,"name":"Drawers","type":10,"category":0,"actions":[],"coordinates":[[2066,35308]],"size":[2,1],"rotations":[3]},{"id":28535,"name":"Drawers","type":10,"category":0,"actions":[],"coordinates":[[2066,35300],[2098,35208],[2098,35184]],"size":[1,1],"rotations":[0,0,0]},{"id":28567,"name":"Church pew","type":10,"category":0,"actions":[],"coordinates":[[2066,35208],[2066,35192],[2074,35208],[2074,35192],[2082,35208],[2082,35192]],"size":[3,1],"rotations":[3,3,3,3,3,3]},{"id":11431,"name":"Rockslide","type":10,"category":0,"actions":[],"coordinates":[[2068,35080],[2084,35076],[2092,35100],[2104,35072],[2112,35084],[2128,35068]],"size":[2,2],"rotations":[0,0,0,0,0,0]},{"id":28526,"name":"Wheely table","type":10,"category":155,"actions":[],"coordinates":[[2082,35300]],"size":[1,1],"rotations":[0]},{"id":28539,"name":"Metal ladder","type":10,"category":664,"actions":["Climb"],"coordinates":[[2090,35308],[2134,35252],[2138,35284]],"size":[1,1],"rotations":[0,0,0]},{"id":28538,"name":"Sink","type":10,"category":175,"actions":[],"coordinates":[[2090,35300],[2118,35308]],"size":[2,1],"rotations":[0,3]},{"id":28566,"name":"Altar","type":10,"category":897,"actions":["Pray"],"coordinates":[[2094,35200]],"size":[3,1],"rotations":[1]},{"id":28559,"name":"Armour stand","type":10,"category":0,"actions":[],"coordinates":[[2110,35252],[2114,35252]],"size":[1,1],"rotations":[0,0]},{"id":28525,"name":"Small table","type":10,"category":155,"actions":[],"coordinates":[[2110,35244]],"size":[1,1],"rotations":[0]},{"id":28528,"name":"Velvet stool","type":10,"category":0,"actions":[],"coordinates":[[2114,35244],[2130,35248],[2130,35244]],"size":[1,1],"rotations":[0,0,0]},{"id":28537,"name":"Drawers","type":10,"category":0,"actions":[],"coordinates":[[2118,35284]],"size":[2,1],"rotations":[3]},{"id":28530,"name":"Wooden chair","type":10,"category":0,"actions":[],"coordinates":[[2130,35308],[2130,35300],[2134,35296],[2142,35296]],"size":[1,1],"rotations":[0,0,0,0]},{"id":28531,"name":"Velvet round chair","type":10,"category":0,"actions":[],"coordinates":[[2130,35280],[2138,35280]],"size":[1,1],"rotations":[0,0]},{"id":28564,"name":"Ornamental anvil","type":10,"category":0,"actions":[],"coordinates":[[2130,35236]],"size":[1,1],"rotations":[0]},{"id":28523,"name":"Table","type":10,"category":154,"actions":[],"coordinates":[[2138,35296]],"size":[3,3],"rotations":[0]},{"id":28524,"name":"Work table","type":10,"category":157,"actions":[],"coordinates":[[2136,35244]],"size":[2,2],"rotations":[0]},{"id":28363,"name":"Table","type":10,"category":154,"actions":[],"coordinates":[[2164,35156]],"size":[6,2],"rotations":[1]},{"id":28367,"name":"Table","type":10,"category":154,"actions":[],"coordinates":[[2180,35160]],"size":[2,2],"rotations":[0]},{"id":28365,"name":"Table","type":10,"category":154,"actions":[],"coordinates":[[2180,35136],[2244,35168],[2284,35136]],"size":[2,2],"rotations":[0,0,0]},{"id":28368,"name":"Table","type":10,"category":154,"actions":[],"coordinates":[[2188,35184],[2216,35120]],"size":[2,2],"rotations":[0,0]},{"id":28411,"name":"Table","type":10,"category":154,"actions":[],"coordinates":[[2186,35132]],"size":[3,1],"rotations":[3]},{"id":28366,"name":"Table","type":10,"category":154,"actions":[],"coordinates":[[2188,35112],[2216,35176],[2244,35128],[2284,35160]],"size":[2,2],"rotations":[0,0,0,0]},{"id":28425,"name":"Shelf","type":10,"category":0,"actions":[],"coordinates":[[2198,35188],[2210,35216],[2262,35180]],"size":[1,1],"rotations":[0,0,0]},{"id":28422,"name":"Shelf","type":10,"category":0,"actions":[],"coordinates":[[2198,35112],[2210,35212],[2226,35084],[2262,35128]],"size":[1,1],"rotations":[0,0,0,0]},{"id":28426,"name":"Table","type":10,"category":154,"actions":[],"coordinates":[[2208,35160],[2236,35100]],"size":[6,2],"rotations":[2,3]},{"id":28428,"name":"Table","type":10,"category":154,"actions":[],"coordinates":[[2208,35136]],"size":[6,2],"rotations":[2]},{"id":28423,"name":"Shelf","type":10,"category":0,"actions":[],"coordinates":[[2210,35208],[2222,35084],[2262,35124]],"size":[1,1],"rotations":[0,0,0]},{"id":28412,"name":"Table","type":10,"category":154,"actions":[],"coordinates":[[2210,35200]],"size":[3,1],"rotations":[1]},{"id":28427,"name":"Table","type":10,"category":154,"actions":[],"coordinates":[[2212,35100]],"size":[6,2],"rotations":[3]},{"id":28401,"name":"Table","type":10,"category":154,"actions":[],"coordinates":[[2218,35216]],"size":[3,1],"rotations":[0]},{"id":33602,"name":"Bookshelf","type":10,"category":0,"actions":[],"coordinates":[[2238,35212]],"size":[1,1],"rotations":[0]},{"id":33603,"name":"Bookshelf","type":10,"category":0,"actions":[],"coordinates":[[2238,35208]],"size":[1,1],"rotations":[0]},{"id":33604,"name":"Bookshelf","type":10,"category":0,"actions":[],"coordinates":[[2238,35204]],"size":[1,1],"rotations":[0]},{"id":33605,"name":"Bookshelf","type":10,"category":0,"actions":[],"coordinates":[[2238,35200]],"size":[1,1],"rotations":[0]},{"id":33606,"name":"Bookshelf","type":10,"category":0,"actions":[],"coordinates":[[2238,35196]],"size":[1,1],"rotations":[0]},{"id":33607,"name":"Bookshelf","type":10,"category":0,"actions":[],"coordinates":[[2238,35192]],"size":[1,1],"rotations":[0]},{"id":30094,"name":"Bookshelf","type":10,"category":0,"actions":[],"coordinates":[[2242,35188]],"size":[1,1],"rotations":[0]},{"id":33574,"name":"Stairs","type":10,"category":1295,"actions":["Climb"],"coordinates":[[2246,35144]],"size":[2,3],"rotations":[3]},{"id":33575,"name":"Stairs","type":10,"category":1295,"actions":["Climb"],"coordinates":[[2246,35136]],"size":[2,3],"rotations":[3]},{"id":28364,"name":"Table","type":10,"category":154,"actions":[],"coordinates":[[2244,35112]],"size":[6,2],"rotations":[0]},{"id":30093,"name":"Bookshelf","type":10,"category":0,"actions":[],"coordinates":[[2246,35188]],"size":[1,1],"rotations":[0]},{"id":30092,"name":"Bookshelf","type":10,"category":0,"actions":[],"coordinates":[[2254,35188]],"size":[1,1],"rotations":[0]},{"id":30091,"name":"Bookshelf","type":10,"category":0,"actions":[],"coordinates":[[2258,35188]],"size":[1,1],"rotations":[0]},{"id":28402,"name":"Table","type":10,"category":154,"actions":[],"coordinates":[[2266,35136]],"size":[3,1],"rotations":[0]},{"id":28424,"name":"Shelf","type":10,"category":0,"actions":[],"coordinates":[[2270,35164]],"size":[1,1],"rotations":[0]},{"id":33572,"name":"Door","type":0,"category":0,"actions":["Open"],"coordinates":[[2290,35152]],"size":[1,1],"rotations":[0]},{"id":33570,"name":"Door","type":0,"category":0,"actions":["Open"],"coordinates":[[2290,35148]],"size":[1,1],"rotations":[0]}]