[{"id":12588,"name":"Rock","type":10,"category":0,"actions":[],"coordinates":[[2488,11244]],"size":[2,2],"rotations":[0]},{"id":12589,"name":"Rock","type":10,"category":0,"actions":[],"coordinates":[[2490,11236],[2510,11228],[2542,11172]],"size":[1,1],"rotations":[0,0,0]},{"id":31691,"name":"Sand pile","type":10,"category":0,"actions":["Climb"],"coordinates":[[2492,11028]],"size":[1,2],"rotations":[1]},{"id":12590,"name":"Rocks","type":10,"category":0,"actions":[],"coordinates":[[2528,11192]],"size":[2,2],"rotations":[0]},{"id":6298,"name":"Skeleton","type":10,"category":0,"actions":[],"coordinates":[[2546,11048]],"size":[1,1],"rotations":[0]}]