[{"id":39070,"name":"Statue","type":11,"category":0,"actions":[],"coordinates":[[2324,12820],[2352,12820]],"size":[2,2],"rotations":[0,0]},{"id":33454,"name":"Brazier","type":10,"category":0,"actions":[],"coordinates":[[2330,12908],[2330,12888],[2330,12868],[2346,12908],[2346,12888],[2346,12868]],"size":[1,1],"rotations":[0,0,0,0,0,0]},{"id":51870,"name":"Shrine","type":10,"category":0,"actions":[],"coordinates":[[2332,12812]],"size":[5,2],"rotations":[0]},{"id":47933,"name":"Chest","type":10,"category":0,"actions":[],"coordinates":[[2386,12840],[2386,12816],[2390,12840],[2390,12816],[2398,12832],[2398,12828],[2398,12824]],"size":[1,1],"rotations":[0,0,0,0,0,0,0]}]