[{"id":27886,"name":"Arcane crystal","type":10,"category":0,"actions":[],"coordinates":[[2316,35220],[2320,35244],[2332,35212],[2444,35304],[2452,35292],[2516,35220],[2536,35204],[2548,35224]],"size":[2,2,230],"rotations":[0,0,0,0,0,0,0,0]},{"id":27991,"name":"Bookshelf","type":10,"category":907,"actions":["Search"],"coordinates":[[2334,35286],[2346,35174],[2358,35294],[2362,35162],[2382,35226],[2406,35258],[2490,35174],[2494,35114],[2538,35114]],"size":[1,1,285],"rotations":[0,0,0,0,0,0,0,0,0]},{"id":28099,"name":"Bookshelf","type":10,"category":907,"actions":["Search"],"coordinates":[[2334,35282],[2538,35118]],"size":[1,1,285],"rotations":[0,0]},{"id":28196,"name":"Bookshelf","type":10,"category":907,"actions":["Search"],"coordinates":[[2334,35274]],"size":[1,1,285],"rotations":[0]},{"id":28331,"name":"Bookshelf","type":10,"category":907,"actions":["Search"],"coordinates":[[2334,35270]],"size":[1,1,285],"rotations":[0]},{"id":28007,"name":"Bookshelf","type":10,"category":907,"actions":["Search"],"coordinates":[[2334,35250],[2334,35166],[2334,35130],[2538,35150]],"size":[1,1,285],"rotations":[0,0,0,0]},{"id":28147,"name":"Bookshelf","type":10,"category":907,"actions":["Search"],"coordinates":[[2334,35246],[2334,35162],[2334,35126],[2538,35154]],"size":[1,1,285],"rotations":[0,0,0,0]},{"id":28004,"name":"Bookshelf","type":10,"category":907,"actions":["Search"],"coordinates":[[2334,35238],[2334,35154],[2334,35118],[2342,35106],[2402,35294],[2470,35106],[2538,35162]],"size":[1,1,285],"rotations":[0,0,0,0,0,0,0]},{"id":27993,"name":"Bookshelf","type":10,"category":907,"actions":["Search"],"coordinates":[[2334,35234],[2334,35150],[2334,35114],[2346,35106],[2362,35290],[2398,35294],[2406,35142],[2474,35106],[2506,35166],[2538,35166]],"size":[1,1,285],"rotations":[0,0,0,0,0,0,0,0,0,0]},{"id":28291,"name":"Bookshelf","type":10,"category":907,"actions":["Search"],"coordinates":[[2342,35294],[2402,35106],[2530,35106]],"size":[1,1,285],"rotations":[0,0,0]},{"id":28199,"name":"Bookshelf","type":10,"category":907,"actions":["Search"],"coordinates":[[2342,35226],[2386,35174],[2410,35250],[2410,35114],[2462,35150],[2530,35174]],"size":[1,1,285],"rotations":[0,0,0,0,0,0]},{"id":28100,"name":"Bookshelf","type":10,"category":907,"actions":["Search"],"coordinates":[[2342,35174],[2362,35166],[2386,35226],[2486,35174],[2494,35110]],"size":[1,1,285],"rotations":[0,0,0,0,0]},{"id":28200,"name":"Bookshelf","type":10,"category":907,"actions":["Search"],"coordinates":[[2346,35294],[2398,35106],[2526,35106]],"size":[1,1,285],"rotations":[0,0,0]},{"id":28367,"name":"Table","type":10,"category":154,"actions":[],"coordinates":[[2348,35280],[2472,35188],[2524,35156]],"size":[2,2,108],"rotations":[0,0,0]},{"id":28364,"name":"Table","type":10,"category":154,"actions":[],"coordinates":[[2356,35256],[2356,35160],[2388,35280],[2392,35152],[2436,35208],[2436,35192],[2516,35120]],"size":[6,2,108],"rotations":[1,1,2,0,0,2,2]},{"id":28332,"name":"Bookshelf","type":10,"category":907,"actions":["Search"],"coordinates":[[2346,35226],[2382,35174],[2526,35174]],"size":[1,1,285],"rotations":[0,0,0]},{"id":28368,"name":"Table","type":10,"category":154,"actions":[],"coordinates":[[2348,35124],[2472,35228]],"size":[2,2,108],"rotations":[0,0]},{"id":28024,"name":"Bookshelf","type":10,"category":907,"actions":["Search"],"coordinates":[[2350,35226],[2378,35174],[2522,35174]],"size":[1,1,285],"rotations":[0,0,0]},{"id":28174,"name":"Bookshelf","type":10,"category":907,"actions":["Search"],"coordinates":[[2350,35174],[2378,35226],[2494,35174]],"size":[1,1,285],"rotations":[0,0,0]},{"id":28139,"name":"Bookshelf","type":10,"category":907,"actions":["Search"],"coordinates":[[2354,35294]],"size":[1,1,285],"rotations":[0]},{"id":28168,"name":"Bookshelf","type":10,"category":907,"actions":["Search"],"coordinates":[[2354,35226],[2374,35174],[2518,35174]],"size":[1,1,285],"rotations":[0,0,0]},{"id":28003,"name":"Bookshelf","type":10,"category":907,"actions":["Search"],"coordinates":[[2354,35174],[2366,35270],[2374,35226],[2386,35138],[2510,35146]],"size":[1,1,285],"rotations":[0,0,0,0,0]},{"id":28175,"name":"Bookshelf","type":10,"category":907,"actions":["Search"],"coordinates":[[2354,35106],[2390,35294],[2482,35106]],"size":[1,1,285],"rotations":[0,0,0]},{"id":28048,"name":"Bookshelf","type":10,"category":907,"actions":["Search"],"coordinates":[[2358,35106]],"size":[1,1,285],"rotations":[0]},{"id":28184,"name":"Bookshelf","type":10,"category":907,"actions":["Search"],"coordinates":[[2362,35286],[2402,35142],[2506,35162],[2538,35126]],"size":[1,1,285],"rotations":[0,0,0,0]},{"id":28295,"name":"Bookshelf","type":10,"category":907,"actions":["Search"],"coordinates":[[2362,35278],[2394,35142],[2506,35154]],"size":[1,1,285],"rotations":[0,0,0]},{"id":28047,"name":"Bookshelf","type":10,"category":907,"actions":["Search"],"coordinates":[[2362,35274],[2390,35142],[2506,35150]],"size":[1,1,285],"rotations":[0,0,0]},{"id":27996,"name":"Bookshelf","type":10,"category":907,"actions":["Search"],"coordinates":[[2362,35270],[2366,35278],[2386,35142],[2394,35138],[2410,35278],[2462,35122],[2506,35146],[2510,35154]],"size":[1,1,285],"rotations":[0,0,0,0,0,0,0,0]},{"id":27853,"name":"Stairs","type":10,"category":638,"actions":["Climb"],"coordinates":[[2364,35250],[2364,35126],[2480,35150]],"size":[2,3,397],"rotations":[3,3,0]},{"id":27854,"name":"Stairs","type":10,"category":638,"actions":["Climb"],"coordinates":[[2364,35242],[2364,35118],[2488,35150]],"size":[2,3,397],"rotations":[3,3,0]},{"id":28283,"name":"Bookshelf","type":10,"category":907,"actions":["Search"],"coordinates":[[2362,35154],[2390,35262],[2494,35122]],"size":[1,1,285],"rotations":[0,0,0]},{"id":28195,"name":"Bookshelf","type":10,"category":907,"actions":["Search"],"coordinates":[[2362,35150],[2386,35262],[2494,35126]],"size":[1,1,285],"rotations":[0,0,0]},{"id":28336,"name":"Bookshelf","type":10,"category":907,"actions":["Search"],"coordinates":[[2362,35106],[2366,35286],[2402,35138],[2510,35162]],"size":[1,1,285],"rotations":[0,0,0,0]},{"id":28191,"name":"Bookshelf","type":10,"category":907,"actions":["Search"],"coordinates":[[2366,35290],[2406,35138],[2510,35166]],"size":[1,1,285],"rotations":[0,0,0]},{"id":27992,"name":"Bookshelf","type":10,"category":907,"actions":["Search"],"coordinates":[[2366,35274],[2390,35138],[2510,35150]],"size":[1,1,285],"rotations":[0,0,0]},{"id":28020,"name":"Bookshelf","type":10,"category":907,"actions":["Search"],"coordinates":[[2366,35166],[2490,35110]],"size":[1,1,285],"rotations":[0,0]},{"id":28111,"name":"Bookshelf","type":10,"category":907,"actions":["Search"],"coordinates":[[2366,35162],[2398,35258],[2490,35114]],"size":[1,1,285],"rotations":[0,0,0]},{"id":28008,"name":"Bookshelf","type":10,"category":907,"actions":["Search"],"coordinates":[[2366,35154],[2390,35258],[2490,35122]],"size":[1,1,285],"rotations":[0,0,0]},{"id":28108,"name":"Bookshelf","type":10,"category":907,"actions":["Search"],"coordinates":[[2366,35150],[2386,35258],[2490,35126]],"size":[1,1,285],"rotations":[0,0,0]},{"id":28328,"name":"Bookshelf","type":10,"category":907,"actions":["Search"],"coordinates":[[2382,35294]],"size":[1,1,285],"rotations":[0]},{"id":28012,"name":"Bookshelf","type":10,"category":907,"actions":["Search"],"coordinates":[[2382,35106],[2510,35106]],"size":[1,1,285],"rotations":[0,0]},{"id":28220,"name":"Bookshelf","type":10,"category":907,"actions":["Search"],"coordinates":[[2386,35294]],"size":[1,1,285],"rotations":[0]},{"id":28051,"name":"Bookshelf","type":10,"category":907,"actions":["Search"],"coordinates":[[2386,35106],[2514,35106]],"size":[1,1,285],"rotations":[0,0]},{"id":28366,"name":"Table","type":10,"category":154,"actions":[],"coordinates":[[2392,35124],[2424,35236]],"size":[2,2,108],"rotations":[0,0]},{"id":28132,"name":"Bookshelf","type":10,"category":907,"actions":["Search"],"coordinates":[[2390,35106],[2518,35106]],"size":[1,1,285],"rotations":[0,0]},{"id":28171,"name":"Bookshelf","type":10,"category":907,"actions":["Search"],"coordinates":[[2398,35262]],"size":[1,1,285],"rotations":[0]},{"id":28457,"name":"Door","type":0,"category":908,"actions":["Open"],"coordinates":[[2398,35202],[2474,35206]],"size":[1,1,375],"rotations":[0,0]},{"id":28461,"name":"Door","type":0,"category":909,"actions":["Open"],"coordinates":[[2398,35198],[2474,35210]],"size":[1,1,375],"rotations":[0,0]},{"id":28216,"name":"Bookshelf","type":10,"category":907,"actions":["Search"],"coordinates":[[2402,35262]],"size":[1,1,285],"rotations":[0]},{"id":28056,"name":"Bookshelf","type":10,"category":907,"actions":["Search"],"coordinates":[[2402,35258]],"size":[1,1,285],"rotations":[0]},{"id":28271,"name":"Bookshelf","type":10,"category":907,"actions":["Search"],"coordinates":[[2406,35262]],"size":[1,1,285],"rotations":[0]},{"id":28307,"name":"Bookshelf","type":10,"category":907,"actions":["Search"],"coordinates":[[2410,35286],[2410,35150],[2462,35114]],"size":[1,1,285],"rotations":[0,0,0]},{"id":28087,"name":"Bookshelf","type":10,"category":907,"actions":["Search"],"coordinates":[[2410,35282],[2410,35146],[2462,35118]],"size":[1,1,285],"rotations":[0,0,0]},{"id":28251,"name":"Bookshelf","type":10,"category":907,"actions":["Search"],"coordinates":[[2410,35254],[2410,35118],[2462,35146]],"size":[1,1,285],"rotations":[0,0,0]},{"id":28312,"name":"Bookshelf","type":10,"category":907,"actions":["Search"],"coordinates":[[2410,35122],[2462,35142]],"size":[1,1,285],"rotations":[0,0]},{"id":27878,"name":"Arcane crystal","type":10,"category":0,"actions":[],"coordinates":[[2430,35290]],"size":[5,5,903],"rotations":[0]},{"id":28456,"name":"Door","type":0,"category":908,"actions":["Open"],"coordinates":[[2434,35162],[2446,35238]],"size":[1,1,375],"rotations":[0,0]},{"id":28460,"name":"Door","type":0,"category":909,"actions":["Open"],"coordinates":[[2438,35162],[2442,35238]],"size":[1,1,375],"rotations":[0,0]},{"id":28365,"name":"Table","type":10,"category":154,"actions":[],"coordinates":[[2464,35236],[2476,35120]],"size":[2,2,108],"rotations":[0,0]},{"id":28272,"name":"Bookshelf","type":10,"category":907,"actions":["Search"],"coordinates":[[2486,35106]],"size":[1,1,285],"rotations":[0]},{"id":28183,"name":"Bookshelf","type":10,"category":907,"actions":["Search"],"coordinates":[[2498,35174]],"size":[1,1,285],"rotations":[0]},{"id":27882,"name":"Arcane crystal","type":10,"category":0,"actions":[],"coordinates":[[2510,35210],[2562,35298]],"size":[3,3,494],"rotations":[0,0]},{"id":28173,"name":"Bookshelf","type":10,"category":907,"actions":["Search"],"coordinates":[[2538,35130]],"size":[1,1,285],"rotations":[0]}]