[{"id":10820,"name":"Oak tree","type":10,"category":279,"actions":["Chop down"],"coordinates":[[2310,36778],[2314,36642],[2326,36742],[2334,36702],[2362,36706],[2446,36622],[2450,36650]],"size":[3,3,435],"rotations":[0,0,0,0,0,0,0]},{"id":1276,"name":"Tree","type":10,"category":189,"actions":["Chop down"],"coordinates":[[2308,36748],[2316,36704],[2320,36628],[2324,36756],[2328,36644],[2340,36632],[2364,36688],[2364,36612],[2384,36696],[2384,36628],[2392,36640],[2392,36608],[2396,36700],[2444,36636],[2464,36620],[2472,36632]],"size":[2,2,290],"rotations":[0,0,0,0,0,0,0,0,0,0,0,0,0,0,0,0]},{"id":7135,"name":"Mushrooms","type":10,"category":0,"actions":[],"coordinates":[[2306,36662]],"size":[1,1,88],"rotations":[0]},{"id":1124,"name":"Bush","type":10,"category":0,"actions":[],"coordinates":[[2310,36766],[2310,36742],[2314,36746],[2366,36682],[2370,36702],[2374,36642],[2394,36646],[2394,36626],[2450,36638],[2454,36618],[2470,36622]],"size":[1,1,90],"rotations":[0,0,0,0,0,0,0,0,0,0,0]},{"id":7134,"name":"Mushroom","type":10,"category":0,"actions":[],"coordinates":[[2310,36682]],"size":[1,1,98],"rotations":[0]},{"id":1278,"name":"Tree","type":10,"category":189,"actions":["Chop down"],"coordinates":[[2316,36760],[2328,36624],[2372,36692],[2384,36640],[2392,36692],[2404,36704],[2440,36644],[2456,36628]],"size":[2,2,372],"rotations":[0,0,0,0,0,0,0,0]},{"id":1391,"name":"Plant","type":10,"category":0,"actions":[],"coordinates":[[2320,36688],[2320,36652],[2324,36696],[2328,36684],[2364,36696],[2388,36648],[2468,36644]],"size":[2,2,97],"rotations":[0,0,0,0,0,0,0]},{"id":7136,"name":"Mushroom","type":10,"category":0,"actions":[],"coordinates":[[2318,36674],[2318,36658]],"size":[1,1,47],"rotations":[0,0]},{"id":10819,"name":"Willow tree","type":10,"category":286,"actions":["Chop down"],"coordinates":[[2332,36776],[2332,36724],[2336,36760],[2380,36704],[2472,36652],[2484,36620],[2492,36640]],"size":[2,2,323],"rotations":[0,0,0,0,0,0,0]},{"id":10834,"name":"Magic tree","type":10,"category":290,"actions":["Chop down"],"coordinates":[[2336,36652],[2352,36668],[2364,36652]],"size":[2,2,450],"rotations":[0,0,0]},{"id":10833,"name":"Willow tree","type":10,"category":286,"actions":["Chop down"],"coordinates":[[2344,36716],[2396,36712],[2480,36612],[2484,36648]],"size":[2,2,305],"rotations":[0,0,0,0]},{"id":10831,"name":"Willow tree","type":10,"category":286,"actions":["Chop down"],"coordinates":[[2372,36716]],"size":[2,2,354],"rotations":[0]},{"id":10791,"name":"Boulder","type":10,"category":0,"actions":[],"coordinates":[[2380,36656],[2384,36712],[2400,36616],[2428,36668]],"size":[2,2,53],"rotations":[0,0,0,0]},{"id":10790,"name":"Boulder","type":10,"category":0,"actions":[],"coordinates":[[2388,36704],[2424,36644],[2464,36628],[2476,36644]],"size":[2,2,87],"rotations":[0,0,0,0]},{"id":10829,"name":"Willow tree","type":10,"category":286,"actions":["Chop down"],"coordinates":[[2404,36680],[2420,36664],[2428,36660],[2464,36660]],"size":[2,2,354],"rotations":[0,0,0,0]},{"id":31690,"name":"Cave","type":10,"category":0,"actions":["Enter"],"coordinates":[[2484,36632]],"size":[2,2,94],"rotations":[0]}]