[{"id":10820,"name":"Oak tree","type":10,"category":279,"actions":["Chop down"],"coordinates":[[2310,36768],[2314,36632],[2326,36732],[2334,36692],[2362,36696],[2446,36612],[2450,36640]],"size":[3,3],"rotations":[0,0,0,0,0,0,0]},{"id":1276,"name":"Tree","type":10,"category":189,"actions":["Chop down"],"coordinates":[[2308,36744],[2316,36700],[2320,36624],[2324,36752],[2328,36640],[2340,36628],[2364,36684],[2364,36608],[2384,36692],[2384,36624],[2392,36636],[2392,36604],[2396,36696],[2444,36632],[2464,36616],[2472,36628]],"size":[2,2],"rotations":[0,0,0,0,0,0,0,0,0,0,0,0,0,0,0,0]},{"id":7135,"name":"Mushrooms","type":10,"category":0,"actions":[],"coordinates":[[2306,36660]],"size":[1,1],"rotations":[0]},{"id":1124,"name":"Bush","type":10,"category":0,"actions":[],"coordinates":[[2310,36764],[2310,36740],[2314,36744],[2366,36680],[2370,36700],[2374,36640],[2394,36644],[2394,36624],[2450,36636],[2454,36616],[2470,36620]],"size":[1,1],"rotations":[0,0,0,0,0,0,0,0,0,0,0]},{"id":7134,"name":"Mushroom","type":10,"category":0,"actions":[],"coordinates":[[2310,36680]],"size":[1,1],"rotations":[0]},{"id":1278,"name":"Tree","type":10,"category":189,"actions":["Chop down"],"coordinates":[[2316,36756],[2328,36620],[2372,36688],[2384,36636],[2392,36688],[2404,36700],[2440,36640],[2456,36624]],"size":[2,2],"rotations":[0,0,0,0,0,0,0,0]},{"id":1391,"name":"Plant","type":10,"category":0,"actions":[],"coordinates":[[2320,36684],[2320,36648],[2324,36692],[2328,36680],[2364,36692],[2388,36644],[2468,36640]],"size":[2,2],"rotations":[0,0,0,0,0,0,0]},{"id":7136,"name":"Mushroom","type":10,"category":0,"actions":[],"coordinates":[[2318,36672],[2318,36656]],"size":[1,1],"rotations":[0,0]},{"id":10819,"name":"Willow tree","type":10,"category":286,"actions":["Chop down"],"coordinates":[[2332,36772],[2332,36720],[2336,36756],[2380,36700],[2472,36648],[2484,36616],[2492,36636]],"size":[2,2],"rotations":[0,0,0,0,0,0,0]},{"id":10834,"name":"Magic tree","type":10,"category":290,"actions":["Chop down"],"coordinates":[[2336,36648],[2352,36664],[2364,36648]],"size":[2,2],"rotations":[0,0,0]},{"id":10833,"name":"Willow tree","type":10,"category":286,"actions":["Chop down"],"coordinates":[[2344,36712],[2396,36708],[2480,36608],[2484,36644]],"size":[2,2],"rotations":[0,0,0,0]},{"id":10831,"name":"Willow tree","type":10,"category":286,"actions":["Chop down"],"coordinates":[[2372,36712]],"size":[2,2],"rotations":[0]},{"id":10791,"name":"Boulder","type":10,"category":0,"actions":[],"coordinates":[[2380,36652],[2384,36708],[2400,36612],[2428,36664]],"size":[2,2],"rotations":[0,0,0,0]},{"id":10790,"name":"Boulder","type":10,"category":0,"actions":[],"coordinates":[[2388,36700],[2424,36640],[2464,36624],[2476,36640]],"size":[2,2],"rotations":[0,0,0,0]},{"id":10829,"name":"Willow tree","type":10,"category":286,"actions":["Chop down"],"coordinates":[[2404,36676],[2420,36660],[2428,36656],[2464,36656]],"size":[2,2],"rotations":[0,0,0,0]},{"id":31690,"name":"Cave","type":10,"category":0,"actions":["Enter"],"coordinates":[[2484,36628]],"size":[2,2],"rotations":[0]}]