[{"id":1392,"name":"Plant","type":10,"category":0,"actions":[],"coordinates":[[2308,36328],[2308,36300],[2380,36332],[2392,36316],[2392,36144],[2416,36228],[2428,36120],[2436,36304],[2444,36120],[2452,36232],[2468,36332],[2480,36096],[2492,36096],[2508,36292],[2528,36216],[2528,36120],[2540,36232],[2552,36280],[2552,36208],[2556,36296]],"size":[2,2],"rotations":[0,0,0,0,0,0,0,0,0,0,0,0,0,0,0,0,0,0,0,0]},{"id":1335,"name":"Hollow log","type":10,"category":0,"actions":[],"coordinates":[[2306,36316]],"size":[2,1],"rotations":[2]},{"id":42377,"name":"Pine tree","type":10,"category":0,"actions":[],"coordinates":[[2308,36308]],"size":[2,2],"rotations":[0]},{"id":29730,"name":"Stepping stone","type":22,"category":0,"actions":["Cross"],"coordinates":[[2326,36144]],"size":[1,1],"rotations":[0]},{"id":1276,"name":"Tree","type":10,"category":189,"actions":["Chop down"],"coordinates":[[2348,36328],[2356,36344],[2368,36320],[2384,36312],[2392,36332],[2416,36156],[2432,36156],[2440,36136],[2440,36108],[2476,36268],[2480,36252],[2496,36296],[2516,36288],[2532,36292],[2532,36132],[2556,36304]],"size":[2,2],"rotations":[0,0,0,0,0,0,0,0,0,0,0,0,0,0,0,0]},{"id":29729,"name":"Stepping stone","type":22,"category":0,"actions":["Cross"],"coordinates":[[2354,36148]],"size":[1,1],"rotations":[0]},{"id":1394,"name":"Plant","type":10,"category":0,"actions":[],"coordinates":[[2360,36332],[2360,36316],[2388,36152],[2396,36284],[2404,36128],[2412,36344],[2412,36296],[2412,36272],[2420,36216],[2428,36132],[2436,36292],[2440,36272],[2444,36324],[2452,36212],[2460,36248],[2464,36276],[2476,36236],[2488,36288],[2520,36212],[2528,36284],[2528,36140],[2528,36112]],"size":[2,2],"rotations":[0,0,0,0,0,0,0,0,0,0,0,0,0,0,0,0,0,0,0,0,0,0]},{"id":10820,"name":"Oak tree","type":10,"category":279,"actions":["Chop down"],"coordinates":[[2366,36104],[2402,36328],[2406,36300],[2442,36252],[2442,36224],[2446,36304],[2458,36260],[2466,36232],[2466,36208],[2478,36320],[2486,36256],[2494,36300],[2542,36280],[2542,36200],[2542,36108],[2554,36308]],"size":[3,3],"rotations":[0,0,0,0,0,0,0,0,0,0,0,0,0,0,0,0]},{"id":1279,"name":"Tree","type":10,"category":189,"actions":["Chop down"],"coordinates":[[2376,36096],[2448,36204],[2496,36272],[2496,36256],[2496,36244],[2500,36264],[2504,36248],[2528,36272],[2536,36248],[2540,36268],[2548,36256]],"size":[2,2],"rotations":[0,0,0,0,0,0,0,0,0,0,0]},{"id":1278,"name":"Tree","type":10,"category":189,"actions":["Chop down"],"coordinates":[[2384,36340],[2396,36344],[2396,36308],[2412,36144],[2416,36332],[2436,36240],[2440,36204],[2444,36288],[2452,36320],[2452,36256],[2484,36220],[2488,36276],[2492,36320],[2512,36236],[2540,36124]],"size":[2,2],"rotations":[0,0,0,0,0,0,0,0,0,0,0,0,0,0,0]},{"id":1393,"name":"Plant","type":10,"category":0,"actions":[],"coordinates":[[2386,36148],[2394,36152],[2398,36132],[2402,36316],[2406,36348],[2410,36328],[2410,36152],[2410,36128],[2418,36344],[2418,36148],[2426,36128],[2474,36096],[2482,36104],[2490,36104],[2498,36096]],"size":[1,1],"rotations":[0,0,0,0,0,0,0,0,0,0,0,0,0,0,0]},{"id":33638,"name":"Bush","type":10,"category":0,"actions":[],"coordinates":[[2394,36248],[2394,36208],[2398,36232],[2398,36228],[2402,36232],[2402,36228],[2410,36252],[2410,36196]],"size":[1,1],"rotations":[0,0,0,0,0,0,0,0]},{"id":1334,"name":"Hollow log","type":10,"category":0,"actions":[],"coordinates":[[2414,36208],[2418,36296],[2434,36260],[2434,36200],[2494,36224],[2534,36216]],"size":[3,1],"rotations":[1,1,1,2,2,1]},{"id":1391,"name":"Plant","type":10,"category":0,"actions":[],"coordinates":[[2428,36336]],"size":[2,2],"rotations":[0]},{"id":7527,"name":"Stile","type":10,"category":211,"actions":["Climb-over"],"coordinates":[[2436,36144]],"size":[1,2],"rotations":[1]},{"id":10822,"name":"Yew tree","type":10,"category":288,"actions":["Chop down"],"coordinates":[[2450,36272],[2458,36288],[2466,36304],[2478,36288],[2482,36308],[2546,36212]],"size":[3,3],"rotations":[0,0,0,0,0,0]},{"id":27515,"name":"Table","type":10,"category":0,"actions":[],"coordinates":[[2454,36148],[2510,36124],[2518,36148]],"size":[3,1],"rotations":[2,1,1]},{"id":27517,"name":"Range","type":10,"category":687,"actions":["Cook"],"coordinates":[[2454,36144]],"size":[1,1],"rotations":[0]},{"id":27525,"name":"Potato basket","type":10,"category":0,"actions":[],"coordinates":[[2454,36140]],"size":[1,1],"rotations":[0]},{"id":27526,"name":"Wood Basket","type":10,"category":0,"actions":[],"coordinates":[[2454,36128]],"size":[1,1],"rotations":[0]},{"id":7185,"name":"Fireplace","type":10,"category":0,"actions":[],"coordinates":[[2458,36112]],"size":[1,3],"rotations":[0]},{"id":27549,"name":"Bookcase","type":10,"category":0,"actions":[],"coordinates":[[2454,36112]],"size":[1,1],"rotations":[0]},{"id":301,"name":"Food trough","type":10,"category":0,"actions":[],"coordinates":[[2458,36172],[2514,36172]],"size":[2,1],"rotations":[3,1]},{"id":27543,"name":"Pots","type":10,"category":0,"actions":[],"coordinates":[[2458,36140]],"size":[1,1],"rotations":[0]},{"id":28529,"name":"Chair","type":11,"category":0,"actions":[],"coordinates":[[2458,36124]],"size":[1,1],"rotations":[0]},{"id":23616,"name":"Roses","type":10,"category":0,"actions":[],"coordinates":[[2458,36104],[2462,36104],[2466,36104],[2478,36116],[2478,36112],[2494,36116],[2494,36112],[2506,36104],[2510,36104],[2514,36104]],"size":[1,1],"rotations":[0,0,0,0,0,0,0,0,0,0]},{"id":7452,"name":"Door","type":0,"category":167,"actions":["Open"],"coordinates":[[2462,36128],[2470,36140],[2486,36152],[2486,36124],[2502,36140],[2510,36128]],"size":[1,1],"rotations":[0,0,0,0,0,0]},{"id":1763,"name":"Sink","type":10,"category":175,"actions":[],"coordinates":[[2468,36144]],"size":[1,2],"rotations":[1]},{"id":27544,"name":"Table","type":11,"category":157,"actions":[],"coordinates":[[2468,36116]],"size":[2,2],"rotations":[0]},{"id":28531,"name":"Velvet round chair","type":11,"category":0,"actions":[],"coordinates":[[2466,36112],[2470,36124]],"size":[1,1],"rotations":[0,0]},{"id":696,"name":"Hole","type":10,"category":0,"actions":[],"coordinates":[[2470,36176]],"size":[1,1],"rotations":[0]},{"id":7454,"name":"Locked door","type":0,"category":0,"actions":["Open"],"coordinates":[[2470,36172]],"size":[1,1],"rotations":[0]},{"id":27550,"name":"Bookcase","type":10,"category":0,"actions":[],"coordinates":[[2470,36112]],"size":[1,1],"rotations":[0]},{"id":24250,"name":"Staircase","type":10,"category":0,"actions":["Climb-up"],"coordinates":[[2476,36144]],"size":[2,2],"rotations":[0]},{"id":32626,"name":"Cloak rack","type":10,"category":0,"actions":[],"coordinates":[[2478,36128]],"size":[1,1],"rotations":[0]},{"id":29718,"name":"Noticeboard","type":4,"category":0,"actions":["Read"],"coordinates":[[2482,36128]],"size":[1,1],"rotations":[0]},{"id":6567,"name":"Treasure Trail Statistics","type":4,"category":0,"actions":["Read"],"coordinates":[[2490,36128]],"size":[1,1],"rotations":[0]},{"id":24251,"name":"Staircase","type":10,"category":0,"actions":["Climb-up"],"coordinates":[[2496,36144]],"size":[2,2],"rotations":[0]},{"id":27541,"name":"Piano","type":10,"category":0,"actions":[],"coordinates":[[2502,36124]],"size":[3,1],"rotations":[3]},{"id":1325,"name":"Roots","type":10,"category":0,"actions":[],"coordinates":[[2506,36272],[2514,36264],[2518,36272]],"size":[1,1],"rotations":[0,0,0]},{"id":1286,"name":"Dead tree","type":10,"category":189,"actions":["Chop down"],"coordinates":[[2506,36260],[2510,36248],[2518,36252],[2522,36264]],"size":[1,1],"rotations":[0,0,0,0]},{"id":27513,"name":"Chair","type":10,"category":0,"actions":[],"coordinates":[[2506,36124],[2506,36120],[2506,36116],[2514,36124],[2514,36120],[2514,36116]],"size":[1,1],"rotations":[0,0,0,0,0,0]},{"id":1323,"name":"Roots","type":10,"category":0,"actions":[],"coordinates":[[2510,36264],[2510,36256],[2514,36268],[2514,36252],[2518,36248],[2522,36268]],"size":[1,1],"rotations":[0,0,0,0,0,0]},{"id":8748,"name":"Spinning wheel","type":10,"category":971,"actions":["Spin"],"coordinates":[[2510,36148]],"size":[1,1],"rotations":[0]},{"id":6615,"name":"Pinboard","type":4,"category":0,"actions":["Read"],"coordinates":[[2510,36140]],"size":[1,1],"rotations":[0]},{"id":17668,"name":"Bunk bed","type":10,"category":0,"actions":[],"coordinates":[[2516,36316]],"size":[1,2],"rotations":[3]},{"id":27220,"name":"Barrel","type":10,"category":0,"actions":[],"coordinates":[[2514,36316]],"size":[1,1],"rotations":[0]},{"id":27223,"name":"Crate","type":10,"category":0,"actions":[],"coordinates":[[2514,36312]],"size":[1,1],"rotations":[0]},{"id":17669,"name":"Bunk bed","type":10,"category":0,"actions":[],"coordinates":[[2516,36304]],"size":[1,2],"rotations":[3]},{"id":1324,"name":"Roots","type":10,"category":0,"actions":[],"coordinates":[[2514,36260],[2514,36256],[2518,36268],[2522,36256],[2522,36248],[2530,36268],[2538,36260]],"size":[1,1],"rotations":[0,0,0,0,0,0,0]},{"id":8887,"name":"Track","type":22,"category":0,"actions":[],"coordinates":[[2522,36260],[2526,36260],[2530,36260]],"size":[1,1],"rotations":[0,0,0]},{"id":27224,"name":"Crates","type":10,"category":0,"actions":[],"coordinates":[[2526,36320]],"size":[1,1],"rotations":[0]},{"id":27222,"name":"Barrel","type":10,"category":241,"actions":[],"coordinates":[[2526,36308]],"size":[1,1],"rotations":[0]},{"id":28835,"name":"Minecart","type":10,"category":0,"actions":["Travel"],"coordinates":[[2526,36260]],"size":[1,1],"rotations":[0]},{"id":25784,"name":"Chair","type":11,"category":0,"actions":[],"coordinates":[[2530,36312],[2530,36308],[2538,36316],[2538,36308]],"size":[1,1],"rotations":[0,0,0,0]},{"id":27337,"name":"Table","type":10,"category":0,"actions":[],"coordinates":[[2534,36312]],"size":[2,1],"rotations":[0]},{"id":7044,"name":"Buffers","type":10,"category":0,"actions":[],"coordinates":[[2534,36260]],"size":[1,1],"rotations":[0]},{"id":28837,"name":"Control panel","type":10,"category":0,"actions":[],"coordinates":[[2534,36256]],"size":[1,1],"rotations":[0]},{"id":7484,"name":"Stone Pile","type":10,"category":0,"actions":[],"coordinates":[[2550,36200],[2554,36204]],"size":[1,1],"rotations":[0,0]}]