[{"id":245,"name":"Ship's ladder","type":10,"category":0,"actions":["Climb-up"],"coordinates":[[2366,28266],[2382,28266],[2514,28326],[2530,28326]],"size":[1,1,80],"rotations":[0,0,0,0]},{"id":822,"name":"Cannonballs","type":10,"category":0,"actions":[],"coordinates":[[2366,28254],[2366,28238],[2366,28226],[2382,28230],[2514,28314],[2514,28306],[2514,28290],[2518,28298],[2530,28298]],"size":[1,1,48],"rotations":[0,0,0,0,0,0,0,0,0]},{"id":821,"name":"Cannon","type":10,"category":0,"actions":[],"coordinates":[[2366,28248],[2366,28240],[2366,28232],[2378,28248],[2378,28240],[2378,28232],[2514,28308],[2514,28300],[2514,28292],[2526,28308],[2526,28300],[2526,28292]],"size":[1,2,86],"rotations":[1,1,1,3,3,3,1,1,1,3,3,3]},{"id":9534,"name":"Crate","type":10,"category":209,"actions":["Search"],"coordinates":[[2370,28282],[2518,28342]],"size":[1,1,88],"rotations":[0,0]},{"id":9521,"name":"Barrel","type":10,"category":0,"actions":[],"coordinates":[[2370,28262],[2518,28322]],"size":[1,1,99],"rotations":[0,0]},{"id":9519,"name":"Barrel","type":10,"category":0,"actions":[],"coordinates":[[2370,28234],[2370,28230],[2378,28282],[2378,28278],[2378,28238],[2518,28294],[2518,28290],[2526,28342],[2526,28338],[2526,28298]],"size":[1,1,99],"rotations":[0,0,0,0,0,0,0,0,0,0]},{"id":9535,"name":"Crates","type":10,"category":209,"actions":["Search"],"coordinates":[[2374,28258],[2522,28318]],"size":[1,1,178],"rotations":[0,0]},{"id":272,"name":"Ship's ladder","type":10,"category":0,"actions":["Climb-up"],"coordinates":[[2374,28242],[2522,28302]],"size":[1,1,232],"rotations":[0,0]},{"id":273,"name":"Ship's ladder","type":10,"category":0,"actions":["Climb-down"],"coordinates":[[2374,28242],[2522,28302]],"size":[1,1,36],"rotations":[0,0]},{"id":260,"name":"Figurehead","type":10,"category":0,"actions":[],"coordinates":[[2376,28218],[2524,28278]],"size":[2,1,240],"rotations":[1,1]}]