[{"id":18462,"name":"Crate","type":10,"category":0,"actions":[],"coordinates":[[2320,27876],[2364,27676],[2436,27852],[2532,27728]],"size":[2,2,53],"rotations":[0,0,0,0]},{"id":18452,"name":"Wreck","type":10,"category":0,"actions":[],"coordinates":[[2334,27708],[2338,27844],[2470,27860],[2558,27856]],"size":[3,2,574],"rotations":[2,2,3,2]},{"id":18463,"name":"Crate","type":10,"category":0,"actions":[],"coordinates":[[2340,27752],[2392,27792],[2452,27676],[2528,27876]],"size":[2,2,30],"rotations":[0,0,0,0]},{"id":245,"name":"Ship's ladder","type":10,"category":0,"actions":["Climb-up"],"coordinates":[[2374,27754],[2390,27754],[2502,27826],[2518,27826],[2542,27678],[2542,27662]],"size":[1,1,80],"rotations":[0,0,0,0,0,0]},{"id":9534,"name":"Crate","type":10,"category":209,"actions":["Search"],"coordinates":[[2378,27770],[2422,27710],[2506,27842],[2514,27826],[2526,27666]],"size":[1,1,88],"rotations":[0,0,0,0,0]},{"id":9521,"name":"Barrel","type":10,"category":0,"actions":[],"coordinates":[[2378,27750],[2506,27822],[2546,27666]],"size":[1,1,99],"rotations":[0,0,0]},{"id":31815,"name":"Paladin","type":10,"category":0,"actions":[],"coordinates":[[2384,27748],[2516,27820]],"size":[2,2,66],"rotations":[0,0]},{"id":32316,"name":"Debris","type":22,"category":0,"actions":["Cross"],"coordinates":[[2382,27730],[2430,27766]],"size":[1,1,10],"rotations":[0,0]},{"id":9519,"name":"Barrel","type":10,"category":0,"actions":[],"coordinates":[[2386,27770],[2386,27766],[2426,27702],[2526,27674],[2530,27674]],"size":[1,1,99],"rotations":[0,0,0,0,0]},{"id":32308,"name":"<col=ffff00>Fremennik warrior</col>","type":10,"category":0,"actions":[],"coordinates":[[2400,27846]],"size":[2,1,206],"rotations":[2]},{"id":32304,"name":"Mast","type":10,"category":0,"actions":[],"coordinates":[[2406,27846]],"size":[1,1,320],"rotations":[0]},{"id":32307,"name":"<col=ffff00>Fremennik warrior</col>","type":10,"category":0,"actions":[],"coordinates":[[2412,27862]],"size":[2,1,206],"rotations":[2]},{"id":272,"name":"Ship's ladder","type":10,"category":0,"actions":["Climb-up"],"coordinates":[[2414,27706]],"size":[1,1,232],"rotations":[0]},{"id":25156,"name":"Fire","type":10,"category":0,"actions":[],"coordinates":[[2422,27702],[2506,27818],[2518,27774]],"size":[1,1,169],"rotations":[0,0,0]},{"id":46320,"name":"Paladin","type":10,"category":0,"actions":[],"coordinates":[[2428,27708],[2524,27776]],"size":[2,2,30],"rotations":[0,0]},{"id":260,"name":"Figurehead","type":10,"category":0,"actions":[],"coordinates":[[2440,27706]],"size":[2,1,240],"rotations":[2]},{"id":32321,"name":"Rope ladder","type":10,"category":0,"actions":["Climb-up"],"coordinates":[[2470,27790]],"size":[1,1,240],"rotations":[0]},{"id":32317,"name":"Debris","type":22,"category":0,"actions":["Cross"],"coordinates":[[2498,27786]],"size":[1,1,10],"rotations":[0]},{"id":9535,"name":"Crates","type":10,"category":209,"actions":["Search"],"coordinates":[[2510,27818],[2550,27670]],"size":[1,1,178],"rotations":[0,0]},{"id":822,"name":"Cannonballs","type":10,"category":0,"actions":[],"coordinates":[[2514,27842],[2514,27790],[2530,27794],[2534,27666]],"size":[1,1,48],"rotations":[0,0,0,0]},{"id":821,"name":"Cannon","type":10,"category":0,"actions":[],"coordinates":[[2514,27792]],"size":[1,2,86],"rotations":[1]}]