[{"id":37970,"name":"Oak tree","type":10,"category":0,"actions":[],"coordinates":[[2474,26162],[2482,26154],[2486,26170],[2538,26126],[2546,26138]],"size":[3,3,435],"rotations":[0,0,0,0,0]},{"id":37966,"name":"Tree","type":10,"category":0,"actions":[],"coordinates":[[2476,26172],[2484,26140],[2500,26172]],"size":[2,2,290],"rotations":[0,0,0]},{"id":1394,"name":"Plant","type":10,"category":0,"actions":[],"coordinates":[[2540,26116],[2556,26124],[2556,26116]],"size":[2,2,142],"rotations":[0,0,0]}]