[{"id":31693,"name":"Rope","type":10,"category":0,"actions":["Climb"],"coordinates":[[2614,11446]],"size":[1,1,240],"rotations":[0]},{"id":31694,"name":"Rope","type":10,"category":0,"actions":[],"coordinates":[[2614,11446]],"size":[1,1,396],"rotations":[0]},{"id":3825,"name":"Stalagmite","type":10,"category":0,"actions":[],"coordinates":[[2618,11430]],"size":[1,1,289],"rotations":[0]},{"id":31698,"name":"Rocks","type":10,"category":0,"actions":["Climb"],"coordinates":[[2654,11410]],"size":[1,1,87],"rotations":[0]},{"id":6299,"name":"Skeleton","type":10,"category":0,"actions":[],"coordinates":[[2672,11434]],"size":[2,1,56],"rotations":[0]},{"id":6298,"name":"Skeleton","type":10,"category":0,"actions":[],"coordinates":[[2690,11386]],"size":[1,1,99],"rotations":[0]},{"id":31703,"name":"Chest","type":10,"category":0,"actions":["Search"],"coordinates":[[2706,11418]],"size":[1,1,120],"rotations":[0]},{"id":12589,"name":"Rock","type":10,"category":0,"actions":[],"coordinates":[[2714,11282],[2718,11422],[2754,11402],[2762,11442],[2766,11294],[2770,11498],[2786,11490],[2810,11294]],"size":[1,1,56],"rotations":[0,0,0,0,0,0,0,0]},{"id":12590,"name":"Rocks","type":10,"category":0,"actions":[],"coordinates":[[2732,11392],[2784,11504],[2792,11300]],"size":[2,2,17],"rotations":[0,0,0]},{"id":12588,"name":"Rock","type":10,"category":0,"actions":[],"coordinates":[[2736,11288],[2740,11416],[2780,11456]],"size":[2,2,56],"rotations":[0,0,0]}]