[{"id":12575,"name":"Stalagmite","type":10,"category":0,"actions":[],"coordinates":[[2566,404],[2578,412],[2582,416],[2582,332],[2598,416],[2606,320],[2610,300],[2622,372],[2622,320],[2658,332],[2662,408],[2662,316],[2690,356],[2726,364]],"size":[1,1],"rotations":[0,0,0,0,0,0,0,0,0,0,0,0,0,0]},{"id":37945,"name":"Tin rocks","type":10,"category":0,"actions":["Mine"],"coordinates":[[2566,380],[2566,376],[2566,372],[2566,368],[2570,388],[2570,384],[2574,392],[2574,388],[2574,380],[2574,376],[2574,372],[2574,364],[2578,380],[2578,372],[2578,360],[2582,384],[2582,380],[2582,360]],"size":[1,1],"rotations":[0,0,0,0,0,0,0,0,0,0,0,0,0,0,0,0,0,0]},{"id":12576,"name":"Stalagmite","type":10,"category":0,"actions":[],"coordinates":[[2570,404],[2570,400],[2578,416],[2582,412],[2582,336],[2586,368],[2586,328],[2594,360],[2602,416],[2602,412],[2602,324],[2610,316],[2610,304],[2614,300],[2618,368],[2618,316],[2622,376],[2626,368],[2654,324],[2658,408],[2658,328],[2662,412],[2662,404],[2662,336],[2666,324],[2670,404],[2670,308],[2678,300],[2682,320],[2686,360],[2690,352],[2706,360],[2722,364],[2722,348],[2726,360],[2726,344],[2730,360]],"size":[1,1],"rotations":[0,0,0,0,0,0,0,0,0,0,0,0,0,0,0,0,0,0,0,0,0,0,0,0,0,0,0,0,0,0,0,0,0,0,0,0,0]},{"id":2097,"name":"Anvil","type":10,"category":772,"actions":["Smith"],"coordinates":[[2574,408],[2574,400],[2606,408],[2606,400]],"size":[1,1],"rotations":[0,0,0,0]},{"id":37947,"name":"Furnace","type":10,"category":0,"actions":["Use"],"coordinates":[[2590,404]],"size":[2,3],"rotations":[3]},{"id":11186,"name":"Column","type":10,"category":0,"actions":[],"coordinates":[[2588,360],[2604,384],[2676,300],[2728,348]],"size":[2,2],"rotations":[0,0,0,0]},{"id":724,"name":"Standing torch","type":10,"category":0,"actions":[],"coordinates":[[2586,356],[2602,356],[2642,392],[2642,380],[2686,368],[2698,368],[2714,332],[2714,312]],"size":[1,1],"rotations":[0,0,0,0,0,0,0,0]},{"id":37944,"name":"Copper rocks","type":10,"category":0,"actions":["Mine"],"coordinates":[[2606,392],[2610,396],[2614,404],[2614,400],[2614,396],[2614,392],[2614,384],[2618,404],[2618,400],[2618,392],[2622,388],[2622,384],[2626,404],[2626,400],[2626,392],[2626,388],[2630,400],[2634,392],[2638,396],[2638,392]],"size":[1,1],"rotations":[0,0,0,0,0,0,0,0,0,0,0,0,0,0,0,0,0,0,0,0]},{"id":37943,"name":"Ladder","type":10,"category":0,"actions":["Climb-up"],"coordinates":[[2626,320]],"size":[1,1],"rotations":[0]},{"id":37952,"name":"Gate","type":0,"category":0,"actions":["Open"],"coordinates":[[2650,388]],"size":[1,1],"rotations":[0]},{"id":37948,"name":"Gate","type":0,"category":0,"actions":["Open"],"coordinates":[[2650,384]],"size":[1,1],"rotations":[0]},{"id":11184,"name":"Column","type":10,"category":0,"actions":[],"coordinates":[[2660,320]],"size":[2,2],"rotations":[0]},{"id":859,"name":"Standard","type":10,"category":0,"actions":[],"coordinates":[[2662,332],[2666,312],[2694,304],[2706,344],[2706,304],[2718,328],[2718,316]],"size":[1,1],"rotations":[0,0,0,0,0,0,0]},{"id":661,"name":"Corpse","type":10,"category":0,"actions":[],"coordinates":[[2662,312]],"size":[1,1],"rotations":[0]},{"id":11185,"name":"Column","type":10,"category":0,"actions":[],"coordinates":[[2684,352]],"size":[2,2],"rotations":[0]},{"id":37953,"name":"Gate","type":0,"category":0,"actions":["Open"],"coordinates":[[2718,324]],"size":[1,1],"rotations":[0]},{"id":37954,"name":"Gate","type":0,"category":0,"actions":["Open"],"coordinates":[[2718,320]],"size":[1,1],"rotations":[0]},{"id":37955,"name":"Ladder","type":10,"category":0,"actions":["Climb-up"],"coordinates":[[2718,292]],"size":[1,1],"rotations":[0]},{"id":660,"name":"Corpse","type":10,"category":0,"actions":[],"coordinates":[[2726,328]],"size":[1,1],"rotations":[0]},{"id":849,"name":"Spear wall","type":10,"category":0,"actions":[],"coordinates":[[2730,324],[2730,320]],"size":[1,1],"rotations":[0,0]}]