[{"id":12590,"name":"Rocks","type":10,"category":0,"actions":[],"coordinates":[[2572,11168],[2700,11200]],"size":[2,2,17],"rotations":[0,0]},{"id":31692,"name":"Tunnel entrance","type":10,"category":0,"actions":["Climb-down"],"coordinates":[[2592,11232]],"size":[2,2,122],"rotations":[0]},{"id":12589,"name":"Rock","type":10,"category":0,"actions":[],"coordinates":[[2606,11162],[2654,11190],[2670,11186],[2718,11258],[2718,11218]],"size":[1,1,56],"rotations":[0,0,0,0,0]},{"id":12588,"name":"Rock","type":10,"category":0,"actions":[],"coordinates":[[2636,11172]],"size":[2,2,56],"rotations":[0]},{"id":31697,"name":"Rocks","type":10,"category":0,"actions":["Climb"],"coordinates":[[2658,11226]],"size":[1,1,87],"rotations":[0]},{"id":31699,"name":"Stepping stone","type":22,"category":0,"actions":["Cross"],"coordinates":[[2722,11230],[2730,11230]],"size":[1,1,154],"rotations":[0,0]},{"id":6299,"name":"Skeleton","type":10,"category":0,"actions":[],"coordinates":[[2728,11054]],"size":[2,1,56],"rotations":[3]},{"id":31696,"name":"Crevice","type":0,"category":0,"actions":["Enter"],"coordinates":[[2750,11146]],"size":[1,1,240],"rotations":[0]},{"id":31695,"name":"Crevice","type":0,"category":0,"actions":["Enter"],"coordinates":[[2750,11138]],"size":[1,1,240],"rotations":[0]},{"id":6297,"name":"Skeleton","type":10,"category":0,"actions":[],"coordinates":[[2770,11186]],"size":[1,1,67],"rotations":[0]}]