[{"id":12575,"name":"Stalagmite","type":10,"category":0,"actions":[],"coordinates":[[2566,406],[2578,414],[2582,418],[2582,334],[2598,418],[2606,322],[2610,302],[2622,374],[2622,322],[2658,334],[2662,410],[2662,318],[2690,358],[2726,366]],"size":[1,1,289],"rotations":[0,0,0,0,0,0,0,0,0,0,0,0,0,0]},{"id":37945,"name":"Tin rocks","type":10,"category":0,"actions":["Mine"],"coordinates":[[2566,382],[2566,378],[2566,374],[2566,370],[2570,390],[2570,386],[2574,394],[2574,390],[2574,382],[2574,378],[2574,374],[2574,366],[2578,382],[2578,374],[2578,362],[2582,386],[2582,382],[2582,362]],"size":[1,1,84],"rotations":[0,0,0,0,0,0,0,0,0,0,0,0,0,0,0,0,0,0]},{"id":12576,"name":"Stalagmite","type":10,"category":0,"actions":[],"coordinates":[[2570,406],[2570,402],[2578,418],[2582,414],[2582,338],[2586,370],[2586,330],[2594,362],[2602,418],[2602,414],[2602,326],[2610,318],[2610,306],[2614,302],[2618,370],[2618,318],[2622,378],[2626,370],[2654,326],[2658,410],[2658,330],[2662,414],[2662,406],[2662,338],[2666,326],[2670,406],[2670,310],[2678,302],[2682,322],[2686,362],[2690,354],[2706,362],[2722,366],[2722,350],[2726,362],[2726,346],[2730,362]],"size":[1,1,168],"rotations":[0,0,0,0,0,0,0,0,0,0,0,0,0,0,0,0,0,0,0,0,0,0,0,0,0,0,0,0,0,0,0,0,0,0,0,0,0]},{"id":2097,"name":"Anvil","type":10,"category":772,"actions":["Smith"],"coordinates":[[2574,410],[2574,402],[2606,410],[2606,402]],"size":[1,1,93],"rotations":[0,0,0,0]},{"id":37947,"name":"Furnace","type":10,"category":0,"actions":["Use"],"coordinates":[[2588,414]],"size":[2,3,237],"rotations":[3]},{"id":11186,"name":"Column","type":10,"category":0,"actions":[],"coordinates":[[2588,364],[2604,388],[2676,304],[2728,352]],"size":[2,2,720],"rotations":[0,0,0,0]},{"id":724,"name":"Standing torch","type":10,"category":0,"actions":[],"coordinates":[[2586,358],[2602,358],[2642,394],[2642,382],[2686,370],[2698,370],[2714,334],[2714,314]],"size":[1,1,174],"rotations":[0,0,0,0,0,0,0,0]},{"id":37944,"name":"Copper rocks","type":10,"category":0,"actions":["Mine"],"coordinates":[[2606,394],[2610,398],[2614,406],[2614,402],[2614,398],[2614,394],[2614,386],[2618,406],[2618,402],[2618,394],[2622,390],[2622,386],[2626,406],[2626,402],[2626,394],[2626,390],[2630,402],[2634,394],[2638,398],[2638,394]],"size":[1,1,84],"rotations":[0,0,0,0,0,0,0,0,0,0,0,0,0,0,0,0,0,0,0,0]},{"id":37943,"name":"Ladder","type":10,"category":0,"actions":["Climb-up"],"coordinates":[[2626,322]],"size":[1,1,232],"rotations":[0]},{"id":37952,"name":"Gate","type":0,"category":0,"actions":["Open"],"coordinates":[[2650,390]],"size":[1,1,240],"rotations":[0]},{"id":37948,"name":"Gate","type":0,"category":0,"actions":["Open"],"coordinates":[[2650,386]],"size":[1,1,240],"rotations":[0]},{"id":11184,"name":"Column","type":10,"category":0,"actions":[],"coordinates":[[2660,324]],"size":[2,2,720],"rotations":[0]},{"id":859,"name":"Standard","type":10,"category":0,"actions":[],"coordinates":[[2662,334],[2666,314],[2694,306],[2706,346],[2706,306],[2718,330],[2718,318]],"size":[1,1,216],"rotations":[0,0,0,0,0,0,0]},{"id":661,"name":"Corpse","type":10,"category":0,"actions":[],"coordinates":[[2662,314]],"size":[1,1,99],"rotations":[0]},{"id":11185,"name":"Column","type":10,"category":0,"actions":[],"coordinates":[[2684,356]],"size":[2,2,720],"rotations":[0]},{"id":37953,"name":"Gate","type":0,"category":0,"actions":["Open"],"coordinates":[[2718,326]],"size":[1,1,240],"rotations":[0]},{"id":37954,"name":"Gate","type":0,"category":0,"actions":["Open"],"coordinates":[[2718,322]],"size":[1,1,240],"rotations":[0]},{"id":37955,"name":"Ladder","type":10,"category":0,"actions":["Climb-up"],"coordinates":[[2718,294]],"size":[1,1,232],"rotations":[0]},{"id":660,"name":"Corpse","type":10,"category":0,"actions":[],"coordinates":[[2726,330]],"size":[1,1,67],"rotations":[0]},{"id":849,"name":"Spear wall","type":10,"category":0,"actions":[],"coordinates":[[2730,326],[2730,322]],"size":[1,1,205],"rotations":[0,0]}]