[{"id":27511,"name":"Bench","type":10,"category":0,"actions":[],"coordinates":[[2564,35810],[2564,35790],[2564,35690],[2564,35670]],"size":[2,1,143],"rotations":[3,3,3,3]},{"id":10284,"name":"Ladder","type":10,"category":0,"actions":[],"coordinates":[[2566,35634],[2590,35634],[2614,35634],[2638,35634],[2662,35838],[2662,35638],[2666,35814],[2666,35790],[2666,35766],[2666,35710],[2666,35686],[2666,35662]],"size":[1,1,240],"rotations":[0,0,0,0,0,0,0,0,0,0,0,0]},{"id":1278,"name":"Tree","type":10,"category":189,"actions":["Chop down"],"coordinates":[[2568,35620],[2588,35616],[2684,35816],[2684,35676],[2688,35704],[2696,35656],[2700,35716],[2700,35616],[2712,35716],[2720,35684],[2724,35820],[2728,35700],[2732,35772],[2744,35832],[2764,35820],[2764,35776],[2772,35652],[2776,35712],[2784,35812],[2800,35716],[2812,35644]],"size":[2,2,372],"rotations":[0,0,0,0,0,0,0,0,0,0,0,0,0,0,0,0,0,0,0,0,0]},{"id":10352,"name":"White roses","type":10,"category":0,"actions":[],"coordinates":[[2582,35814],[2582,35810],[2582,35794],[2582,35790],[2586,35818],[2586,35810],[2586,35794],[2586,35786],[2590,35818],[2590,35786],[2634,35818],[2634,35786],[2638,35818],[2638,35810],[2638,35794],[2638,35786],[2642,35814],[2642,35810],[2642,35794],[2642,35790],[2738,35798],[2738,35794],[2746,35798],[2746,35794]],"size":[1,1,113],"rotations":[0,0,0,0,0,0,0,0,0,0,0,0,0,0,0,0,0,0,0,0,0,0,0,0]},{"id":10822,"name":"Yew tree","type":10,"category":288,"actions":["Chop down"],"coordinates":[[2586,35802],[2638,35802],[2758,35678],[2762,35706],[2790,35650]],"size":[3,3,470],"rotations":[0,0,0,0,0]},{"id":7420,"name":"Cabinet","type":10,"category":0,"actions":[],"coordinates":[[2586,35778],[2590,35686]],"size":[1,1,272],"rotations":[0,0]},{"id":203,"name":"Candles","type":11,"category":0,"actions":[],"coordinates":[[2586,35754],[2598,35754],[2622,35722],[2622,35706],[2638,35722]],"size":[1,1,160],"rotations":[0,0,0,0,0]},{"id":7419,"name":"Cabinet","type":10,"category":0,"actions":[],"coordinates":[[2586,35686],[2590,35778]],"size":[1,1,272],"rotations":[0,0]},{"id":7439,"name":"Chair","type":10,"category":0,"actions":[],"coordinates":[[2586,35682],[2586,35670],[2590,35766],[2590,35754],[2590,35682],[2590,35670],[2594,35766],[2594,35754],[2630,35718],[2630,35706],[2634,35718],[2634,35706]],"size":[1,1,157],"rotations":[0,0,0,0,0,0,0,0,0,0,0,0]},{"id":7406,"name":"Teak table","type":10,"category":157,"actions":[],"coordinates":[[2588,35676]],"size":[2,2,96],"rotations":[0]},{"id":5111,"name":"Boxes","type":10,"category":242,"actions":["Search"],"coordinates":[[2586,35662],[2594,35778],[2630,35778]],"size":[1,1,103],"rotations":[0,0,0]},{"id":7408,"name":"Table","type":10,"category":157,"actions":[],"coordinates":[[2592,35760]],"size":[2,2,96],"rotations":[0]},{"id":7422,"name":"Sink","type":10,"category":175,"actions":[],"coordinates":[[2590,35720],[2602,35788],[2610,35684],[2630,35752]],"size":[1,2,116],"rotations":[1,1,1,1]},{"id":11796,"name":"Staircase","type":10,"category":638,"actions":["Climb-up"],"coordinates":[[2592,35706],[2600,35774],[2600,35678],[2612,35798],[2620,35774]],"size":[2,3,241],"rotations":[0,3,2,0,1]},{"id":41605,"name":"Boxes","type":10,"category":242,"actions":[],"coordinates":[[2590,35698],[2594,35698]],"size":[1,1,103],"rotations":[0,0]},{"id":34485,"name":"Roses","type":10,"category":0,"actions":[],"coordinates":[[2590,35694],[2590,35690],[2594,35694],[2594,35690],[2598,35694],[2598,35690],[2602,35694],[2602,35690],[2606,35694],[2606,35690],[2610,35694],[2610,35690],[2614,35690],[2618,35694],[2622,35694],[2626,35694],[2630,35694],[2634,35694],[2638,35694]],"size":[1,1,113],"rotations":[0,0,0,0,0,0,0,0,0,0,0,0,0,0,0,0,0,0,0]},{"id":27517,"name":"Range","type":10,"category":687,"actions":["Cook"],"coordinates":[[2598,35722],[2638,35762]],"size":[1,1,135],"rotations":[0,0]},{"id":3026,"name":"Shelf","type":10,"category":0,"actions":[],"coordinates":[[2598,35686],[2626,35754]],"size":[1,1,228],"rotations":[0,0]},{"id":3027,"name":"Shelf","type":10,"category":0,"actions":[],"coordinates":[[2602,35686]],"size":[1,1,229],"rotations":[0]},{"id":7421,"name":"Oven","type":10,"category":687,"actions":["Cook"],"coordinates":[[2606,35676],[2618,35788]],"size":[1,2,210],"rotations":[0,1]},{"id":7423,"name":"Larder","type":10,"category":0,"actions":[],"coordinates":[[2612,35664],[2636,35776]],"size":[2,2,234],"rotations":[0,0]},{"id":7433,"name":"Oak chair","type":11,"category":0,"actions":[],"coordinates":[[2618,35810]],"size":[1,1,155],"rotations":[0]},{"id":7401,"name":"Table","type":10,"category":156,"actions":[],"coordinates":[[2624,35810]],"size":[2,1,98],"rotations":[1]},{"id":10834,"name":"Magic tree","type":10,"category":290,"actions":["Chop down"],"coordinates":[[2632,35676]],"size":[2,2,450],"rotations":[0]},{"id":7175,"name":"Table","type":10,"category":156,"actions":[],"coordinates":[[2640,35770]],"size":[2,1,96],"rotations":[1]},{"id":3028,"name":"Shelf","type":10,"category":0,"actions":[],"coordinates":[[2638,35754]],"size":[1,1,229],"rotations":[0]},{"id":5106,"name":"Crate","type":10,"category":209,"actions":["Search"],"coordinates":[[2666,35754],[2666,35722]],"size":[1,1,79],"rotations":[0,0]},{"id":11801,"name":"Ladder","type":10,"category":664,"actions":["Climb-up"],"coordinates":[[2670,35754],[2670,35722]],"size":[1,1,248],"rotations":[0,0]},{"id":5333,"name":"Plant","type":10,"category":0,"actions":[],"coordinates":[[2684,35824],[2700,35636],[2716,35664],[2720,35700],[2728,35684],[2736,35836],[2764,35652],[2768,35768],[2768,35716],[2780,35760],[2788,35828],[2792,35660],[2796,35784],[2800,35804],[2800,35772]],"size":[2,2,142],"rotations":[0,0,0,0,0,0,0,0,0,0,0,0,0,0,0]},{"id":5331,"name":"Plant","type":10,"category":0,"actions":[],"coordinates":[[2684,35804],[2684,35696],[2692,35776],[2700,35664],[2704,35832],[2732,35764],[2752,35820],[2752,35776],[2768,35676],[2776,35780],[2800,35644],[2808,35668],[2812,35700],[2812,35652]],"size":[2,2,143],"rotations":[0,0,0,0,0,0,0,0,0,0,0,0,0,0]},{"id":13465,"name":"Kourend sigil","type":11,"category":0,"actions":[],"coordinates":[[2684,35752],[2684,35724]],"size":[2,2,694],"rotations":[0,0]},{"id":1276,"name":"Tree","type":10,"category":189,"actions":["Chop down"],"coordinates":[[2684,35652],[2688,35836],[2688,35784],[2712,35832],[2724,35656],[2728,35832],[2756,35656],[2768,35836],[2768,35760],[2780,35824],[2780,35772],[2784,35660],[2788,35716],[2792,35808],[2792,35764],[2804,35780],[2812,35660]],"size":[2,2,290],"rotations":[0,0,0,0,0,0,0,0,0,0,0,0,0,0,0,0,0]},{"id":1325,"name":"Roots","type":10,"category":0,"actions":[],"coordinates":[[2686,35782],[2686,35770],[2694,35778]],"size":[1,1,75],"rotations":[0,0,0]},{"id":5332,"name":"Plant","type":10,"category":0,"actions":[],"coordinates":[[2686,35778],[2690,35814],[2690,35674],[2702,35826],[2714,35814],[2714,35770],[2714,35710],[2750,35770],[2758,35822],[2762,35838],[2774,35774],[2782,35806],[2794,35778]],"size":[1,1,133],"rotations":[0,0,0,0,0,0,0,0,0,0,0,0,0]},{"id":10820,"name":"Oak tree","type":10,"category":279,"actions":["Chop down"],"coordinates":[[2690,35714],[2690,35666],[2702,35766],[2710,35822],[2714,35654],[2722,35770],[2722,35710],[2726,35674],[2738,35822],[2758,35830],[2758,35766],[2762,35666],[2774,35806],[2786,35782],[2802,35762],[2802,35654],[2810,35710]],"size":[3,3,435],"rotations":[0,0,0,0,0,0,0,0,0,0,0,0,0,0,0,0,0]},{"id":23061,"name":"Tent","type":10,"category":0,"actions":[],"coordinates":[[2688,35682],[2708,35670]],"size":[2,3,175],"rotations":[1,2]},{"id":1324,"name":"Roots","type":10,"category":0,"actions":[],"coordinates":[[2690,35782],[2698,35778],[2702,35786],[2702,35778]],"size":[1,1,73],"rotations":[0,0,0,0]},{"id":27532,"name":"Crate","type":10,"category":0,"actions":["Search"],"coordinates":[[2690,35690],[2702,35674]],"size":[1,1,38],"rotations":[0,0]},{"id":1286,"name":"Dead tree","type":10,"category":189,"actions":["Chop down"],"coordinates":[[2694,35786],[2706,35782],[2710,35774]],"size":[1,1,289],"rotations":[0,0,0]},{"id":1323,"name":"Roots","type":10,"category":0,"actions":[],"coordinates":[[2694,35774],[2702,35774],[2706,35778],[2710,35782]],"size":[1,1,81],"rotations":[0,0,0,0]},{"id":27533,"name":"Crates","type":10,"category":0,"actions":["Search"],"coordinates":[[2694,35690],[2698,35710],[2702,35710],[2702,35670]],"size":[1,1,89],"rotations":[0,0,0,0]},{"id":27523,"name":"Fish basket","type":10,"category":0,"actions":[],"coordinates":[[2694,35678]],"size":[1,1,113],"rotations":[0]},{"id":7044,"name":"Buffers","type":10,"category":0,"actions":[],"coordinates":[[2698,35798]],"size":[1,1,104],"rotations":[0]},{"id":8887,"name":"Track","type":22,"category":0,"actions":[],"coordinates":[[2698,35794],[2698,35790],[2698,35786]],"size":[1,1,24],"rotations":[0,0,0]},{"id":28835,"name":"Minecart","type":10,"category":0,"actions":["Travel"],"coordinates":[[2698,35790]],"size":[1,1,104],"rotations":[0]},{"id":5578,"name":"Cart","type":10,"category":0,"actions":[],"coordinates":[[2700,35702]],"size":[2,3,188],"rotations":[3]},{"id":27513,"name":"Chair","type":10,"category":0,"actions":[],"coordinates":[[2698,35686],[2710,35678]],"size":[1,1,123],"rotations":[0,0]},{"id":28837,"name":"Control panel","type":10,"category":0,"actions":[],"coordinates":[[2702,35798]],"size":[1,1,128],"rotations":[0]},{"id":27522,"name":"Apple basket","type":10,"category":0,"actions":["Search"],"coordinates":[[2702,35698]],"size":[1,1,106],"rotations":[0]},{"id":25374,"name":"Campfire","type":11,"category":152,"actions":[],"coordinates":[[2706,35690]],"size":[1,1,122],"rotations":[0]},{"id":1279,"name":"Tree","type":10,"category":189,"actions":["Chop down"],"coordinates":[[2712,35760]],"size":[2,2,372],"rotations":[0]},{"id":27524,"name":"Onion basket","type":10,"category":0,"actions":[],"coordinates":[[2714,35674]],"size":[1,1,106],"rotations":[0]},{"id":1283,"name":"Dead tree","type":10,"category":189,"actions":["Chop down"],"coordinates":[[2716,35628],[2720,35620]],"size":[2,2,510],"rotations":[0,0]},{"id":1289,"name":"Dead tree","type":10,"category":189,"actions":["Chop down"],"coordinates":[[2714,35622],[2722,35614],[2730,35618],[2734,35634],[2754,35638],[2758,35630],[2762,35614],[2770,35626]],"size":[1,1,289],"rotations":[0,0,0,0,0,0,0,0]},{"id":1282,"name":"Dead tree","type":10,"category":189,"actions":["Chop down"],"coordinates":[[2724,35608],[2764,35624]],"size":[2,2,510],"rotations":[0,0]},{"id":14769,"name":"Gravestone","type":10,"category":0,"actions":[],"coordinates":[[2744,35798]],"size":[2,1,231],"rotations":[1]},{"id":11428,"name":"Rockslide","type":10,"category":0,"actions":[],"coordinates":[[2756,35588]],"size":[2,2,43],"rotations":[0]}]