[{"id":28404,"name":"Table","type":10,"category":154,"actions":[],"coordinates":[[2570,35542],[2594,35538],[2702,35566],[2778,35418],[2798,35418]],"size":[3,1,170],"rotations":[0,1,2,3,1]},{"id":28392,"name":"Parchment","type":10,"category":0,"actions":[],"coordinates":[[2566,35538],[2590,35370],[2602,35370],[2702,35358],[2726,35350]],"size":[1,1,14],"rotations":[0,0,0,0,0]},{"id":28403,"name":"Table","type":10,"category":154,"actions":[],"coordinates":[[2570,35534],[2586,35538],[2638,35374],[2646,35382],[2698,35358],[2702,35574],[2794,35358]],"size":[3,1,170],"rotations":[2,1,1,2,1,0,1]},{"id":27882,"name":"Arcane crystal","type":10,"category":0,"actions":[],"coordinates":[[2570,35462],[2590,35458],[2590,35414],[2622,35510],[2722,35474],[2722,35426]],"size":[3,3,494],"rotations":[0,0,0,0,0,0]},{"id":27851,"name":"Stairs","type":10,"category":638,"actions":["Climb"],"coordinates":[[2572,35522],[2636,35342],[2704,35342],[2784,35474],[2792,35542]],"size":[2,3,393],"rotations":[2,1,1,1,2]},{"id":27886,"name":"Arcane crystal","type":10,"category":0,"actions":[],"coordinates":[[2580,35468],[2600,35420],[2628,35520],[2684,35476],[2708,35424],[2712,35468],[2716,35440],[2732,35436],[2740,35396],[2764,35580],[2788,35428]],"size":[2,2,230],"rotations":[0,0,0,0,0,0,0,0,0,0,0]},{"id":28385,"name":"Parchment","type":10,"category":0,"actions":[],"coordinates":[[2578,35370]],"size":[1,1,30],"rotations":[0]},{"id":28459,"name":"Door","type":0,"category":908,"actions":["Open"],"coordinates":[[2578,35362],[2582,35510],[2778,35522]],"size":[1,1,375],"rotations":[0,0,0]},{"id":28463,"name":"Door","type":0,"category":909,"actions":["Open"],"coordinates":[[2578,35358],[2586,35510],[2778,35518]],"size":[1,1,375],"rotations":[0,0,0]},{"id":28391,"name":"Parchment","type":10,"category":0,"actions":[],"coordinates":[[2578,35350],[2602,35350],[2694,35362],[2778,35438],[2810,35470]],"size":[1,1,9],"rotations":[0,0,0,0,0]},{"id":28397,"name":"Bookcase","type":10,"category":0,"actions":[],"coordinates":[[2584,35370],[2584,35350],[2596,35370],[2608,35350],[2780,35338]],"size":[2,1,209],"rotations":[2,0,2,0,0]},{"id":28388,"name":"Parchment","type":10,"category":0,"actions":[],"coordinates":[[2590,35350],[2614,35370],[2614,35350],[2730,35338],[2806,35342]],"size":[1,1,13],"rotations":[0,0,0,0,0]},{"id":28396,"name":"Bookcase","type":10,"category":0,"actions":[],"coordinates":[[2596,35350],[2608,35370],[2768,35338],[2792,35338],[2800,35482]],"size":[2,1,195],"rotations":[0,2,0,0,2]},{"id":28398,"name":"Books","type":10,"category":0,"actions":[],"coordinates":[[2598,35546]],"size":[1,1,38],"rotations":[0]},{"id":28413,"name":"Table","type":10,"category":154,"actions":[],"coordinates":[[2600,35540],[2688,35572],[2716,35356],[2788,35524],[2796,35372]],"size":[2,2,149],"rotations":[0,0,0,0,0]},{"id":28427,"name":"Table","type":10,"category":154,"actions":[],"coordinates":[[2608,35528],[2668,35356],[2716,35364]],"size":[6,2,170],"rotations":[1,3,0]},{"id":28400,"name":"Books","type":10,"category":0,"actions":[],"coordinates":[[2602,35546],[2706,35518],[2794,35402],[2794,35398],[2806,35358],[2806,35338]],"size":[1,1,84],"rotations":[0,0,0,0,0,0]},{"id":31715,"name":"Lancalliums","type":10,"category":0,"actions":[],"coordinates":[[2618,35434],[2618,35430],[2622,35434],[2622,35430]],"size":[1,1,113],"rotations":[0,0,0,0]},{"id":28395,"name":"Bookcase","type":10,"category":0,"actions":[],"coordinates":[[2618,35370],[2618,35350],[2718,35338],[2726,35338]],"size":[1,1,279],"rotations":[0,0,0,0]},{"id":28802,"name":"Lectern","type":10,"category":0,"actions":["Study"],"coordinates":[[2622,35370]],"size":[1,1,189],"rotations":[0]},{"id":10834,"name":"Magic tree","type":10,"category":290,"actions":["Chop down"],"coordinates":[[2628,35468],[2628,35424],[2672,35468],[2672,35424]],"size":[2,2,450],"rotations":[0,0,0,0]},{"id":28412,"name":"Table","type":10,"category":154,"actions":[],"coordinates":[[2630,35382],[2802,35358]],"size":[3,1,95],"rotations":[0,1]},{"id":28408,"name":"Barrel","type":10,"category":0,"actions":[],"coordinates":[[2642,35578],[2642,35574],[2646,35578],[2662,35514],[2710,35522],[2710,35518],[2726,35374]],"size":[1,1,107],"rotations":[0,0,0,0,0,0,0]},{"id":28409,"name":"Barrel","type":10,"category":0,"actions":[],"coordinates":[[2642,35514],[2650,35578],[2730,35374],[2762,35374]],"size":[1,1,105],"rotations":[0,0,0,0]},{"id":28368,"name":"Table","type":10,"category":154,"actions":[],"coordinates":[[2644,35368],[2808,35464]],"size":[2,2,108],"rotations":[0,0]},{"id":28367,"name":"Table","type":10,"category":154,"actions":[],"coordinates":[[2644,35356],[2800,35464]],"size":[2,2,108],"rotations":[0,0]},{"id":28414,"name":"Table","type":10,"category":154,"actions":[],"coordinates":[[2648,35568],[2708,35356],[2724,35356],[2788,35516],[2800,35452],[2804,35372]],"size":[2,2,149],"rotations":[0,0,0,0,0,0]},{"id":28417,"name":"Table","type":10,"category":154,"actions":[],"coordinates":[[2656,35556],[2696,35548],[2792,35400]],"size":[6,2,163],"rotations":[2,2,1]},{"id":28416,"name":"Table","type":10,"category":154,"actions":[],"coordinates":[[2656,35548],[2772,35348]],"size":[6,2,163],"rotations":[2,0]},{"id":28407,"name":"Spirit pump","type":10,"category":0,"actions":[],"coordinates":[[2646,35514],[2654,35514]],"size":[1,1,174],"rotations":[0,0]},{"id":28406,"name":"Spirit pump","type":10,"category":0,"actions":[],"coordinates":[[2650,35514],[2658,35514]],"size":[1,1,174],"rotations":[0,0]},{"id":28390,"name":"Parchment","type":10,"category":0,"actions":[],"coordinates":[[2654,35382],[2806,35362]],"size":[1,1,35],"rotations":[0,0]},{"id":28426,"name":"Table","type":10,"category":154,"actions":[],"coordinates":[[2668,35380]],"size":[6,2,167],"rotations":[3]},{"id":27853,"name":"Stairs","type":10,"category":638,"actions":["Climb"],"coordinates":[[2664,35570],[2768,35362]],"size":[2,3,397],"rotations":[3,0]},{"id":27854,"name":"Stairs","type":10,"category":638,"actions":["Climb"],"coordinates":[[2664,35562],[2776,35362]],"size":[2,3,397],"rotations":[3,0]},{"id":28458,"name":"Door","type":0,"category":908,"actions":["Open"],"coordinates":[[2678,35538],[2774,35402]],"size":[1,1,375],"rotations":[0,0]},{"id":28462,"name":"Door","type":0,"category":909,"actions":["Open"],"coordinates":[[2682,35538],[2774,35398]],"size":[1,1,375],"rotations":[0,0]},{"id":28415,"name":"Table","type":10,"category":154,"actions":[],"coordinates":[[2688,35564]],"size":[2,2,214],"rotations":[0]},{"id":28402,"name":"Table","type":10,"category":154,"actions":[],"coordinates":[[2698,35374],[2786,35418],[2790,35418]],"size":[3,1,170],"rotations":[1,3,1]},{"id":28389,"name":"Parchment","type":10,"category":0,"actions":[],"coordinates":[[2698,35522]],"size":[1,1,10],"rotations":[0]},{"id":28399,"name":"Books","type":10,"category":0,"actions":[],"coordinates":[[2698,35518],[2702,35518],[2802,35338],[2806,35354]],"size":[1,1,48],"rotations":[0,0,0,0]},{"id":28461,"name":"Door","type":0,"category":909,"actions":["Open"],"coordinates":[[2710,35374]],"size":[1,1,375],"rotations":[0]},{"id":28457,"name":"Door","type":0,"category":908,"actions":["Open"],"coordinates":[[2714,35374]],"size":[1,1,375],"rotations":[0]},{"id":11431,"name":"Rockslide","type":10,"category":0,"actions":[],"coordinates":[[2756,35580],[2756,35572]],"size":[2,2,43],"rotations":[0,0]},{"id":28422,"name":"Shelf","type":10,"category":0,"actions":[],"coordinates":[[2774,35562],[2774,35546],[2782,35562],[2782,35550],[2798,35514]],"size":[1,1,225],"rotations":[0,0,0,0,0]},{"id":28424,"name":"Shelf","type":10,"category":0,"actions":[],"coordinates":[[2774,35558],[2782,35554],[2782,35542],[2790,35558],[2798,35554],[2798,35526]],"size":[1,1,208],"rotations":[0,0,0,0,0,0]},{"id":28423,"name":"Shelf","type":10,"category":0,"actions":[],"coordinates":[[2774,35554],[2774,35550],[2774,35542],[2782,35558],[2782,35546],[2790,35554],[2798,35562],[2798,35522]],"size":[1,1,208],"rotations":[0,0,0,0,0,0,0,0]},{"id":28456,"name":"Door","type":0,"category":908,"actions":["Open"],"coordinates":[[2774,35462]],"size":[1,1,375],"rotations":[0]},{"id":28460,"name":"Door","type":0,"category":909,"actions":["Open"],"coordinates":[[2774,35458]],"size":[1,1,375],"rotations":[0]},{"id":28364,"name":"Table","type":10,"category":154,"actions":[],"coordinates":[[2792,35456]],"size":[6,2,108],"rotations":[3]},{"id":28425,"name":"Shelf","type":10,"category":0,"actions":[],"coordinates":[[2790,35562],[2798,35558],[2798,35518]],"size":[1,1,208],"rotations":[0,0,0]},{"id":28365,"name":"Table","type":10,"category":154,"actions":[],"coordinates":[[2800,35440]],"size":[2,2,108],"rotations":[0]},{"id":28366,"name":"Table","type":10,"category":154,"actions":[],"coordinates":[[2808,35440]],"size":[2,2,108],"rotations":[0]}]