[{"id":27886,"name":"Arcane crystal","type":10,"category":0,"actions":[],"coordinates":[[2568,35028],[2596,35040],[2620,35036]],"size":[2,2],"rotations":[0,0,0]},{"id":27883,"name":"Dark crystal","type":10,"category":0,"actions":[],"coordinates":[[2574,34936],[2674,34804],[2678,34884],[2762,34928],[2810,34916]],"size":[3,3],"rotations":[0,0,0,0,0]},{"id":27887,"name":"Dark crystal","type":10,"category":0,"actions":[],"coordinates":[[2580,34952],[2616,34932],[2616,34884],[2616,34844],[2644,34948],[2644,34928],[2676,34876],[2688,34924],[2724,34924],[2724,34868],[2744,34940],[2748,34844],[2756,34956],[2764,34836],[2768,34924],[2772,34948],[2788,34836],[2796,34956],[2808,34940],[2812,34840]],"size":[2,2],"rotations":[0,0,0,0,0,0,0,0,0,0,0,0,0,0,0,0,0,0,0,0]},{"id":27879,"name":"Dark crystal","type":10,"category":0,"actions":[],"coordinates":[[2630,34932],[2630,34820],[2746,34912],[2746,34856],[2774,34848],[2782,34920],[2806,34876]],"size":[5,5],"rotations":[0,0,0,0,0,0,0]},{"id":27882,"name":"Arcane crystal","type":10,"category":0,"actions":[],"coordinates":[[2634,35048]],"size":[3,3],"rotations":[0]},{"id":27979,"name":"Dark Altar","type":10,"category":0,"actions":["Venerate"],"coordinates":[[2770,34888]],"size":[3,3],"rotations":[0]}]