[{"id":18452,"name":"Wreck","type":10,"category":0,"actions":[],"coordinates":[[2568,27568],[2612,27444],[2636,27612],[2660,27568],[2680,27492],[2704,27528],[2752,27640],[2764,27516]],"size":[3,2],"rotations":[2,1,1,0,2,3,2,2]},{"id":9519,"name":"Barrel","type":10,"category":0,"actions":[],"coordinates":[[2574,27628],[2574,27624],[2674,27600],[2678,27600],[2722,27592],[2726,27592]],"size":[1,1],"rotations":[0,0,0,0,0,0]},{"id":272,"name":"Ship's ladder","type":10,"category":0,"actions":["Climb-up"],"coordinates":[[2578,27636],[2686,27596]],"size":[1,1],"rotations":[0,0]},{"id":31817,"name":"White Knight","type":10,"category":0,"actions":[],"coordinates":[[2580,27620]],"size":[2,2],"rotations":[0]},{"id":260,"name":"Figurehead","type":10,"category":0,"actions":[],"coordinates":[[2578,27612],[2658,27596]],"size":[2,1],"rotations":[1,0]},{"id":32316,"name":"Debris","type":22,"category":0,"actions":["Cross"],"coordinates":[[2582,27588],[2618,27476],[2674,27480]],"size":[1,1],"rotations":[0,0,0]},{"id":32317,"name":"Debris","type":22,"category":0,"actions":["Cross"],"coordinates":[[2582,27480],[2702,27564],[2742,27508],[2742,27488]],"size":[1,1],"rotations":[0,0,0,0]},{"id":32322,"name":"Rope ladder","type":10,"category":0,"actions":["Climb-up"],"coordinates":[[2598,27588]],"size":[1,1],"rotations":[0]},{"id":18463,"name":"Crate","type":10,"category":0,"actions":[],"coordinates":[[2644,27520],[2668,27428]],"size":[2,2],"rotations":[0,0]},{"id":25156,"name":"Fire","type":10,"category":0,"actions":[],"coordinates":[[2646,27468],[2650,27484],[2670,27592]],"size":[1,1],"rotations":[0,0,0]},{"id":32307,"name":"<col=ffff00>Fremennik warrior</col>","type":10,"category":0,"actions":[],"coordinates":[[2654,27488]],"size":[2,1],"rotations":[2]},{"id":18462,"name":"Crate","type":10,"category":0,"actions":[],"coordinates":[[2660,27624],[2764,27440]],"size":[2,2],"rotations":[0,0]},{"id":822,"name":"Cannonballs","type":10,"category":0,"actions":[],"coordinates":[[2670,27588],[2678,27592],[2694,27604],[2706,27592],[2714,27600]],"size":[1,1],"rotations":[0,0,0,0,0]},{"id":821,"name":"Cannon","type":10,"category":0,"actions":[],"coordinates":[[2676,27600],[2676,27588],[2684,27600],[2684,27588],[2700,27600]],"size":[1,2],"rotations":[0,2,0,2,0]},{"id":25155,"name":"Fire","type":10,"category":0,"actions":[],"coordinates":[[2688,27600]],"size":[2,2],"rotations":[0]},{"id":46322,"name":"Soldier","type":10,"category":0,"actions":[],"coordinates":[[2704,27600]],"size":[2,2],"rotations":[0]},{"id":9535,"name":"Crates","type":10,"category":209,"actions":["Search"],"coordinates":[[2702,27596]],"size":[1,1],"rotations":[0]},{"id":9521,"name":"Barrel","type":10,"category":0,"actions":[],"coordinates":[[2706,27600]],"size":[1,1],"rotations":[0]},{"id":245,"name":"Ship's ladder","type":10,"category":0,"actions":["Climb-up"],"coordinates":[[2710,27604],[2710,27588]],"size":[1,1],"rotations":[0,0]},{"id":32323,"name":"Rope ladder","type":10,"category":0,"actions":["Climb-up"],"coordinates":[[2722,27472]],"size":[1,1],"rotations":[0]},{"id":9534,"name":"Crate","type":10,"category":209,"actions":["Search"],"coordinates":[[2726,27600]],"size":[1,1],"rotations":[0]},{"id":32308,"name":"<col=ffff00>Fremennik warrior</col>","type":10,"category":0,"actions":[],"coordinates":[[2730,27548]],"size":[2,1],"rotations":[2]},{"id":32309,"name":"Damaged Mast","type":10,"category":0,"actions":[],"coordinates":[[2738,27544]],"size":[1,1],"rotations":[0]}]