[{"id":18452,"name":"Wreck","type":10,"category":0,"actions":[],"coordinates":[[2570,27572],[2614,27448],[2638,27616],[2662,27572],[2682,27496],[2706,27532],[2754,27644],[2766,27520]],"size":[3,2,574],"rotations":[2,1,1,0,2,3,2,2]},{"id":9519,"name":"Barrel","type":10,"category":0,"actions":[],"coordinates":[[2574,27630],[2574,27626],[2674,27602],[2678,27602],[2722,27594],[2726,27594]],"size":[1,1,99],"rotations":[0,0,0,0,0,0]},{"id":272,"name":"Ship's ladder","type":10,"category":0,"actions":["Climb-up"],"coordinates":[[2578,27638],[2686,27598]],"size":[1,1,232],"rotations":[0,0]},{"id":31817,"name":"White Knight","type":10,"category":0,"actions":[],"coordinates":[[2580,27624]],"size":[2,2,43],"rotations":[0]},{"id":260,"name":"Figurehead","type":10,"category":0,"actions":[],"coordinates":[[2580,27614],[2660,27598]],"size":[2,1,240],"rotations":[1,0]},{"id":32316,"name":"Debris","type":22,"category":0,"actions":["Cross"],"coordinates":[[2582,27590],[2618,27478],[2674,27482]],"size":[1,1,10],"rotations":[0,0,0]},{"id":32317,"name":"Debris","type":22,"category":0,"actions":["Cross"],"coordinates":[[2582,27482],[2702,27566],[2742,27510],[2742,27490]],"size":[1,1,10],"rotations":[0,0,0,0]},{"id":32322,"name":"Rope ladder","type":10,"category":0,"actions":["Climb-up"],"coordinates":[[2598,27590]],"size":[1,1,240],"rotations":[0]},{"id":18463,"name":"Crate","type":10,"category":0,"actions":[],"coordinates":[[2644,27524],[2668,27432]],"size":[2,2,30],"rotations":[0,0]},{"id":25156,"name":"Fire","type":10,"category":0,"actions":[],"coordinates":[[2646,27470],[2650,27486],[2670,27594]],"size":[1,1,169],"rotations":[0,0,0]},{"id":32307,"name":"<col=ffff00>Fremennik warrior</col>","type":10,"category":0,"actions":[],"coordinates":[[2656,27490]],"size":[2,1,206],"rotations":[2]},{"id":18462,"name":"Crate","type":10,"category":0,"actions":[],"coordinates":[[2660,27628],[2764,27444]],"size":[2,2,53],"rotations":[0,0]},{"id":822,"name":"Cannonballs","type":10,"category":0,"actions":[],"coordinates":[[2670,27590],[2678,27594],[2694,27606],[2706,27594],[2714,27602]],"size":[1,1,48],"rotations":[0,0,0,0,0]},{"id":821,"name":"Cannon","type":10,"category":0,"actions":[],"coordinates":[[2674,27604],[2674,27592],[2682,27604],[2682,27592],[2698,27604]],"size":[1,2,86],"rotations":[0,2,0,2,0]},{"id":25155,"name":"Fire","type":10,"category":0,"actions":[],"coordinates":[[2688,27604]],"size":[2,2,180],"rotations":[0]},{"id":46322,"name":"Soldier","type":10,"category":0,"actions":[],"coordinates":[[2704,27604]],"size":[2,2,29],"rotations":[0]},{"id":9535,"name":"Crates","type":10,"category":209,"actions":["Search"],"coordinates":[[2702,27598]],"size":[1,1,178],"rotations":[0]},{"id":9521,"name":"Barrel","type":10,"category":0,"actions":[],"coordinates":[[2706,27602]],"size":[1,1,99],"rotations":[0]},{"id":245,"name":"Ship's ladder","type":10,"category":0,"actions":["Climb-up"],"coordinates":[[2710,27606],[2710,27590]],"size":[1,1,80],"rotations":[0,0]},{"id":32323,"name":"Rope ladder","type":10,"category":0,"actions":["Climb-up"],"coordinates":[[2722,27474]],"size":[1,1,240],"rotations":[0]},{"id":9534,"name":"Crate","type":10,"category":209,"actions":["Search"],"coordinates":[[2726,27602]],"size":[1,1,88],"rotations":[0]},{"id":32308,"name":"<col=ffff00>Fremennik warrior</col>","type":10,"category":0,"actions":[],"coordinates":[[2732,27550]],"size":[2,1,206],"rotations":[2]},{"id":32309,"name":"Damaged Mast","type":10,"category":0,"actions":[],"coordinates":[[2738,27546]],"size":[1,1,320],"rotations":[0]}]