[{"id":872,"name":"Large sewer pipe","type":10,"category":0,"actions":[],"coordinates":[[2822,9950],[2866,9838],[2866,9770],[2870,9966],[2882,9734],[2898,9898],[2898,9818],[2918,9910],[2918,9826],[2934,9954],[2934,9762],[3002,9954],[3030,9762],[3034,9974],[3050,9874],[3050,9794]],"size":[1,1,203],"rotations":[0,0,0,0,0,0,0,0,0,0,0,0,0,0,0,0]},{"id":16003,"name":"Barrel","type":10,"category":0,"actions":[],"coordinates":[[2950,9922],[2954,9926],[2958,9882],[2990,9918]],"size":[1,1,99],"rotations":[0,0,0,0]},{"id":18171,"name":"Washbasin","type":10,"category":0,"actions":[],"coordinates":[[2952,9890]],"size":[2,1,199],"rotations":[3]},{"id":23062,"name":"Tent","type":11,"category":0,"actions":[],"coordinates":[[2954,9866],[3014,9918],[3014,9822],[3014,9802]],"size":[3,3,175],"rotations":[0,0,0,0]},{"id":9519,"name":"Barrel","type":11,"category":0,"actions":[],"coordinates":[[2950,9834]],"size":[1,1,99],"rotations":[0]},{"id":5351,"name":"Bar","type":10,"category":0,"actions":[],"coordinates":[[2954,9914],[2954,9906],[2954,9902]],"size":[1,1,96],"rotations":[0,0,0]},{"id":5350,"name":"Bar pumps","type":10,"category":0,"actions":[],"coordinates":[[2954,9910]],"size":[1,1,96],"rotations":[0]},{"id":31712,"name":"Fish stall","type":10,"category":0,"actions":["Steal-from"],"coordinates":[[2956,9848]],"size":[2,2,125],"rotations":[0]},{"id":9520,"name":"Barrel","type":10,"category":0,"actions":[],"coordinates":[[2954,9842]],"size":[1,1,99],"rotations":[0]},{"id":422,"name":"Bed","type":10,"category":0,"actions":[],"coordinates":[[2954,9824],[2978,9800],[3018,9840]],"size":[1,2,21],"rotations":[2,0,0]},{"id":11491,"name":"Large Table","type":10,"category":156,"actions":[],"coordinates":[[2956,9806],[2964,9894],[2968,9910],[2980,9822]],"size":[2,1,96],"rotations":[1,2,1,1]},{"id":9535,"name":"Crates","type":10,"category":209,"actions":["Search"],"coordinates":[[2958,9830],[3006,9834]],"size":[1,1,178],"rotations":[0,0]},{"id":9534,"name":"Crate","type":11,"category":209,"actions":["Search"],"coordinates":[[2958,9794]],"size":[1,1,88],"rotations":[0]},{"id":27724,"name":"Range","type":10,"category":687,"actions":["Cook"],"coordinates":[[2966,9882]],"size":[1,1,124],"rotations":[0]},{"id":31709,"name":"Doorway","type":0,"category":0,"actions":["Go-through"],"coordinates":[[2966,9834]],"size":[1,1,240],"rotations":[0]},{"id":2097,"name":"Anvil","type":10,"category":772,"actions":["Smith"],"coordinates":[[2970,9798]],"size":[1,1,93],"rotations":[0]},{"id":23061,"name":"Tent","type":10,"category":0,"actions":[],"coordinates":[[2996,9918],[3000,9798],[3012,9866]],"size":[2,3,175],"rotations":[0,2,2]},{"id":3769,"name":"Fire","type":10,"category":152,"actions":[],"coordinates":[[2996,9888],[3000,9816]],"size":[2,2,195],"rotations":[0,0]},{"id":10498,"name":"Warehouse shelves","type":10,"category":0,"actions":[],"coordinates":[[3006,9850]],"size":[1,1,208],"rotations":[0]},{"id":10495,"name":"Warehouse shelves","type":10,"category":0,"actions":[],"coordinates":[[3010,9850]],"size":[1,1,208],"rotations":[0]},{"id":10497,"name":"Warehouse shelves","type":10,"category":0,"actions":[],"coordinates":[[3014,9850]],"size":[1,1,224],"rotations":[0]}]