[{"id":51762,"name":"Tree","type":10,"category":189,"actions":["Chop down"],"coordinates":[[2820,38376],[2820,38352],[2828,38396],[2840,38364],[2848,38320],[2856,38348],[2892,38336],[2892,38300],[2924,38328],[2932,38396],[2944,38312],[2952,38324],[2964,38220],[2992,38352]],"size":[2,2,363],"rotations":[0,0,0,0,0,0,0,0,0,0,0,0,0,0]},{"id":51818,"name":"Spikey bush","type":10,"category":0,"actions":[],"coordinates":[[2818,38302],[2830,38378],[2842,38286],[2854,38354],[2882,38274],[2890,38326],[2898,38338],[2918,38350],[2930,38370],[2930,38262],[2938,38286],[2950,38342],[2966,38382]],"size":[1,1,140],"rotations":[0,0,0,0,0,0,0,0,0,0,0,0,0]},{"id":1391,"name":"Plant","type":10,"category":0,"actions":[],"coordinates":[[2820,38152],[2836,38188],[2872,38160],[2876,38148],[2948,38184],[2976,38148],[2980,38172],[3016,38164],[3020,38144]],"size":[2,2,97],"rotations":[0,0,0,0,0,0,0,0,0]},{"id":42400,"name":"Plant","type":10,"category":0,"actions":[],"coordinates":[[2822,38398],[2822,38258],[2830,38362],[2834,38286],[2838,38386],[2846,38334],[2850,38314],[2866,38350],[2866,38294],[2878,38250],[2890,38294],[2898,38362],[2898,38318],[2926,38282],[2942,38334],[2946,38394],[2950,38374],[2954,38214],[2978,38374],[3002,38378]],"size":[1,1,133],"rotations":[0,0,0,0,0,0,0,0,0,0,0,0,0,0,0,0,0,0,0,0]},{"id":42399,"name":"Plant","type":10,"category":0,"actions":[],"coordinates":[[2824,38364],[2832,38384],[2844,38340],[2936,38348],[2948,38384]],"size":[2,2,143],"rotations":[0,0,0,0,0]},{"id":42401,"name":"Plant","type":10,"category":0,"actions":[],"coordinates":[[2824,38336],[2844,38352],[2880,38340],[2896,38324],[2916,38332],[2932,38284],[2940,38340],[2944,38240],[2956,38388],[2968,38396]],"size":[2,2,142],"rotations":[0,0,0,0,0,0,0,0,0,0]},{"id":51769,"name":"Acacia tree","type":10,"category":0,"actions":[],"coordinates":[[2838,38282],[2858,38358],[2930,38338],[2958,38362]],"size":[7,7,409],"rotations":[0,0,0,0]},{"id":1393,"name":"Plant","type":10,"category":0,"actions":[],"coordinates":[[2830,38190],[2830,38174],[2838,38194],[2842,38154],[2850,38198],[2858,38174],[2866,38158],[3010,38170],[3014,38146]],"size":[1,1,133],"rotations":[0,0,0,0,0,0,0,0,0]},{"id":52458,"name":"Table","type":10,"category":156,"actions":[],"coordinates":[[2836,38182],[2836,38174],[2856,38178],[2984,38166],[3000,38190],[3012,38194]],"size":[2,1,96],"rotations":[2,3,3,3,3,3]},{"id":52431,"name":"Crate","type":10,"category":0,"actions":[],"coordinates":[[2834,38178],[2842,38162],[2846,38182],[2858,38194],[2890,38150],[2986,38270],[3006,38234]],"size":[1,1,91],"rotations":[0,0,0,0,0,0,0]},{"id":52425,"name":"Barrel","type":10,"category":0,"actions":[],"coordinates":[[2834,38162],[2842,38194],[2842,38178],[2846,38198],[2846,38162],[2858,38186],[2886,38150],[2898,38150],[2986,38230],[2986,38146],[2990,38250],[2990,38150],[3002,38234],[3010,38158]],"size":[1,1,100],"rotations":[0,0,0,0,0,0,0,0,0,0,0,0,0,0]},{"id":52635,"name":"Staircase","type":10,"category":0,"actions":["Climb-up"],"coordinates":[[2834,38154],[2890,38150],[2982,38142],[3006,38182]],"size":[1,3,256],"rotations":[1,3,2,1]},{"id":1392,"name":"Plant","type":10,"category":0,"actions":[],"coordinates":[[2836,38148],[2888,38160],[2944,38176],[2960,38144],[2988,38172],[3000,38164]],"size":[2,2,143],"rotations":[0,0,0,0,0,0]},{"id":51768,"name":"Acacia tree","type":10,"category":0,"actions":[],"coordinates":[[2838,38282],[2858,38358],[2930,38338],[2958,38362]],"size":[1,1,173],"rotations":[0,0,0,0]},{"id":51730,"name":"Table","type":10,"category":154,"actions":[],"coordinates":[[2844,38190],[3012,38150]],"size":[2,1,144],"rotations":[3,1]},{"id":51753,"name":"Empty Food Barrel","type":10,"category":0,"actions":[],"coordinates":[[2842,38174]],"size":[1,1,64],"rotations":[0]},{"id":51749,"name":"Empty Food basket","type":10,"category":0,"actions":[],"coordinates":[[2842,38170]],"size":[1,1,52],"rotations":[0]},{"id":52594,"name":"Door","type":0,"category":167,"actions":["Open"],"coordinates":[[2842,38166],[2890,38146],[2982,38158],[2994,38154]],"size":[1,1,251],"rotations":[0,0,0,0]},{"id":52647,"name":"Oven","type":10,"category":687,"actions":["Cook"],"coordinates":[[2848,38194],[3004,38158]],"size":[2,1,150],"rotations":[2,2]},{"id":17555,"name":"Bed","type":10,"category":0,"actions":[],"coordinates":[[2846,38172],[2986,38152],[2990,38144]],"size":[1,2,108],"rotations":[0,0,2]},{"id":48594,"name":"Sacks","type":10,"category":0,"actions":[],"coordinates":[[2846,38158],[2886,38154]],"size":[1,1,73],"rotations":[0,0]},{"id":1394,"name":"Plant","type":10,"category":0,"actions":[],"coordinates":[[2848,38152],[2952,38176]],"size":[2,2,142],"rotations":[0,0]},{"id":40729,"name":"Stool","type":10,"category":0,"actions":[],"coordinates":[[2850,38170]],"size":[1,1,72],"rotations":[0]},{"id":52822,"name":"Chicken coop","type":10,"category":1469,"actions":["Search"],"coordinates":[[2856,38206]],"size":[2,1,212],"rotations":[1]},{"id":52432,"name":"Crates","type":10,"category":0,"actions":[],"coordinates":[[2854,38198],[2858,38178],[2986,38274],[2990,38254],[2994,38162],[2994,38150],[2998,38234],[2998,38158],[2998,38146],[3002,38146],[3022,38186]],"size":[1,1,180],"rotations":[0,0,0,0,0,0,0,0,0,0,0]},{"id":51754,"name":"Food basket","type":10,"category":0,"actions":[],"coordinates":[[2854,38194],[2986,38166]],"size":[1,1,78],"rotations":[0,0]},{"id":51748,"name":"Food basket","type":10,"category":0,"actions":[],"coordinates":[[2854,38182]],"size":[1,1,75],"rotations":[0]},{"id":52600,"name":"Door","type":0,"category":1760,"actions":["Open"],"coordinates":[[2858,38190]],"size":[1,1,251],"rotations":[0]},{"id":51764,"name":"Tree","type":10,"category":189,"actions":["Chop down"],"coordinates":[[2868,38344],[2916,38360],[2928,38236],[2944,38372]],"size":[2,2,363],"rotations":[0,0,0,0]},{"id":52447,"name":"Fountain","type":10,"category":244,"actions":[],"coordinates":[[2938,38154]],"size":[3,3,257],"rotations":[0]},{"id":51819,"name":"Spikey bush","type":10,"category":0,"actions":[],"coordinates":[[2974,38386],[2986,38350],[2998,38386]],"size":[1,1,144],"rotations":[0,0,0]},{"id":51726,"name":"Stool","type":10,"category":0,"actions":[],"coordinates":[[2982,38150],[2994,38194]],"size":[1,1,70],"rotations":[0,0]},{"id":52684,"name":"Fishing boat","type":11,"category":0,"actions":[],"coordinates":[[2994,38282]],"size":[3,3,92],"rotations":[0]},{"id":51752,"name":"Food Barrel","type":10,"category":0,"actions":[],"coordinates":[[2990,38166]],"size":[1,1,78],"rotations":[0]},{"id":51750,"name":"Food basket","type":10,"category":0,"actions":[],"coordinates":[[2994,38166]],"size":[1,1,95],"rotations":[0]},{"id":51727,"name":"Stool","type":10,"category":0,"actions":[],"coordinates":[[2994,38146]],"size":[1,1,70],"rotations":[0]},{"id":52683,"name":"Fishing boat","type":10,"category":0,"actions":[],"coordinates":[[3004,38242]],"size":[2,3,92],"rotations":[1]},{"id":2097,"name":"Anvil","type":10,"category":772,"actions":["Smith"],"coordinates":[[3018,38202],[3018,38190]],"size":[1,1,93],"rotations":[0,0]},{"id":51790,"name":"Rockslide","type":10,"category":0,"actions":[],"coordinates":[[3040,38180],[3068,38144]],"size":[2,2,87],"rotations":[0,0]},{"id":51792,"name":"Rockslide","type":10,"category":0,"actions":[],"coordinates":[[3048,38176],[3056,38180],[3060,38144],[3068,38192],[3072,38152]],"size":[2,2,43],"rotations":[0,0,0,0,0]},{"id":51793,"name":"Rockslide","type":10,"category":0,"actions":[],"coordinates":[[3056,38176]],"size":[2,2,43],"rotations":[0]},{"id":51791,"name":"Rockslide","type":10,"category":0,"actions":[],"coordinates":[[3060,38188]],"size":[2,2,87],"rotations":[0]}]