[{"id":27648,"name":"Post","type":10,"category":0,"actions":[],"coordinates":[[2858,35306],[2858,35294],[2870,35306],[2870,35294]],"size":[1,1,148],"rotations":[0,0,0,0]},{"id":27884,"name":"Blood crystal","type":11,"category":0,"actions":[],"coordinates":[[2870,35090],[2906,35130]],"size":[3,3,494],"rotations":[0,0]},{"id":27769,"name":"Broken lobster trap","type":10,"category":0,"actions":[],"coordinates":[[2882,35282],[2982,35290]],"size":[1,1,48],"rotations":[0,0]},{"id":27766,"name":"Broken boat","type":11,"category":0,"actions":[],"coordinates":[[2904,35282]],"size":[2,3,128],"rotations":[2]},{"id":27676,"name":"Tin bath","type":10,"category":0,"actions":[],"coordinates":[[2924,35326]],"size":[2,1,52],"rotations":[1]},{"id":27707,"name":"Sink","type":10,"category":175,"actions":[],"coordinates":[[2924,35314]],"size":[2,1,201],"rotations":[3]},{"id":27634,"name":"Ladder","type":10,"category":664,"actions":["Climb"],"coordinates":[[2922,35302]],"size":[1,1,336],"rotations":[0]},{"id":11428,"name":"Rockslide","type":10,"category":0,"actions":[],"coordinates":[[2924,35072],[2932,35076],[2940,35080],[2940,35072],[2948,35084],[2948,35076],[2956,35084],[2964,35084],[2964,35076],[2980,35088],[2996,35088],[3004,35084]],"size":[2,2,43],"rotations":[0,0,0,0,0,0,0,0,0,0,0,0]},{"id":27678,"name":"Stool","type":11,"category":0,"actions":[],"coordinates":[[2926,35322],[3050,35322]],"size":[1,1,72],"rotations":[0,0]},{"id":27685,"name":"Table","type":10,"category":169,"actions":[],"coordinates":[[2930,35300],[3030,35324]],"size":[1,2,114],"rotations":[3,1]},{"id":21361,"name":"Smashed chair","type":11,"category":0,"actions":[],"coordinates":[[2930,35222]],"size":[1,1,69],"rotations":[0]},{"id":27755,"name":"Crate","type":10,"category":0,"actions":[],"coordinates":[[2934,35322],[3030,35306]],"size":[1,1,180],"rotations":[0,0]},{"id":27724,"name":"Range","type":10,"category":687,"actions":["Cook"],"coordinates":[[2934,35314]],"size":[1,1,124],"rotations":[0]},{"id":27684,"name":"Chair","type":11,"category":0,"actions":[],"coordinates":[[2934,35306]],"size":[1,1,144],"rotations":[0]},{"id":27756,"name":"Crate","type":10,"category":0,"actions":[],"coordinates":[[2938,35326],[2938,35322]],"size":[1,1,271],"rotations":[0,0]},{"id":5358,"name":"Skeleton","type":10,"category":0,"actions":[],"coordinates":[[2938,35226]],"size":[1,1,67],"rotations":[0]},{"id":11431,"name":"Rockslide","type":10,"category":0,"actions":[],"coordinates":[[2956,35076],[2972,35088],[2972,35080],[2976,35072],[2980,35080],[2988,35092],[2988,35084]],"size":[2,2,43],"rotations":[0,0,0,0,0,0,0]},{"id":27764,"name":"Broken boat","type":10,"category":0,"actions":[],"coordinates":[[2960,35306]],"size":[2,3,96],"rotations":[2]},{"id":27765,"name":"Broken boat","type":11,"category":0,"actions":[],"coordinates":[[2984,35254],[3032,35290]],"size":[2,3,118],"rotations":[0,1]},{"id":12593,"name":"Rockslide","type":10,"category":0,"actions":[],"coordinates":[[2988,35076],[2996,35080],[3004,35076],[3012,35076]],"size":[2,2,43],"rotations":[0,0,0,0]},{"id":27768,"name":"Broken barrel","type":10,"category":0,"actions":[],"coordinates":[[3006,35290],[3070,35250]],"size":[1,1,89],"rotations":[0,0]},{"id":27674,"name":"Drawers","type":10,"category":0,"actions":[],"coordinates":[[3038,35312]],"size":[1,2,144],"rotations":[2]},{"id":27758,"name":"Barrel","type":10,"category":0,"actions":[],"coordinates":[[3038,35306]],"size":[1,1,99],"rotations":[0]},{"id":27686,"name":"Table","type":10,"category":155,"actions":[],"coordinates":[[3046,35322]],"size":[1,1,85],"rotations":[0]},{"id":41601,"name":"Gate","type":0,"category":0,"actions":[],"coordinates":[[3054,35318]],"size":[1,1,240],"rotations":[0]}]