[{"id":1392,"name":"Plant","type":10,"category":0,"actions":[],"coordinates":[[2820,36156],[2828,36172],[2852,36180],[2896,36180],[2932,36164],[2936,36188],[3052,36220],[3060,36200],[3064,36228]],"size":[2,2],"rotations":[0,0,0,0,0,0,0,0,0]},{"id":5574,"name":"Sack","type":10,"category":220,"actions":[],"coordinates":[[2822,36260],[2826,36268],[2826,36256],[2830,36272],[2846,36256],[2846,36248],[2850,36252]],"size":[1,1],"rotations":[0,0,0,0,0,0,0]},{"id":1393,"name":"Plant","type":10,"category":0,"actions":[],"coordinates":[[2822,36164],[2826,36160],[2830,36180],[2854,36176],[2858,36184],[2862,36252],[2866,36240],[2870,36188],[2890,36184],[2894,36188],[2902,36184],[2910,36196],[2930,36188]],"size":[1,1],"rotations":[0,0,0,0,0,0,0,0,0,0,0,0,0]},{"id":1278,"name":"Tree","type":10,"category":189,"actions":["Chop down"],"coordinates":[[2828,36316],[2868,36164],[2928,36256],[2936,36276],[3056,36232]],"size":[2,2],"rotations":[0,0,0,0,0]},{"id":12964,"name":"Ladder","type":10,"category":0,"actions":["Climb-up"],"coordinates":[[2826,36260]],"size":[1,1],"rotations":[0]},{"id":10820,"name":"Oak tree","type":10,"category":279,"actions":["Chop down"],"coordinates":[[2834,36288],[2842,36148],[2866,36320],[2894,36160],[2918,36264],[2950,36096],[3034,36084]],"size":[3,3],"rotations":[0,0,0,0,0,0,0]},{"id":14861,"name":"Church pew","type":10,"category":0,"actions":[],"coordinates":[[2830,36132],[2830,36124],[2830,36116],[2846,36132],[2846,36116]],"size":[2,1],"rotations":[0,0,0,0,0]},{"id":11599,"name":"Crate","type":10,"category":0,"actions":[],"coordinates":[[2834,36276]],"size":[1,1],"rotations":[0]},{"id":12962,"name":"Table","type":10,"category":156,"actions":[],"coordinates":[[2834,36248]],"size":[2,1],"rotations":[2]},{"id":1394,"name":"Plant","type":10,"category":0,"actions":[],"coordinates":[[2836,36176],[2856,36244],[2916,36192],[3044,36092]],"size":[2,2],"rotations":[0,0,0,0]},{"id":22123,"name":"Stand","type":10,"category":0,"actions":[],"coordinates":[[2834,36140],[2834,36108],[2846,36140],[2846,36108]],"size":[1,1],"rotations":[0,0,0,0]},{"id":1276,"name":"Tree","type":10,"category":189,"actions":["Chop down"],"coordinates":[[2840,36332],[2936,36172],[2944,36344],[2960,36096],[3028,36324],[3048,36212],[3060,36244]],"size":[2,2],"rotations":[0,0,0,0,0,0,0]},{"id":11600,"name":"Crates","type":10,"category":209,"actions":["Search"],"coordinates":[[2838,36276]],"size":[1,1],"rotations":[0]},{"id":27501,"name":"Altar","type":10,"category":897,"actions":["Pray"],"coordinates":[[2838,36140]],"size":[2,1],"rotations":[2]},{"id":33638,"name":"Bush","type":10,"category":0,"actions":[],"coordinates":[[2842,36164],[2846,36344],[2858,36152],[2858,36144],[2858,36140],[2858,36136],[2858,36112],[2858,36108],[2858,36104],[2862,36144],[2862,36140],[2862,36136],[2862,36132],[2862,36116],[2862,36112],[2862,36108],[2862,36104],[2866,36172],[2866,36144],[2866,36104],[2870,36160],[2870,36144],[2870,36104],[2874,36144],[2874,36104],[2878,36144],[2878,36104],[2882,36144],[2882,36104],[2886,36144],[2886,36104],[2890,36144],[2890,36104],[2894,36144],[2894,36104],[2898,36188],[2898,36160],[2898,36144],[2898,36104],[2902,36144],[2902,36104],[2906,36144],[2906,36104],[2910,36144],[2910,36104],[2914,36144],[2914,36104],[2918,36144],[2918,36140],[2918,36136],[2918,36132],[2918,36116],[2918,36112],[2918,36108],[2918,36104],[2926,36196],[2974,36176],[2974,36168],[2974,36160],[2974,36152],[2974,36132],[2974,36124],[2974,36116],[2974,36108],[3054,36180],[3054,36104],[3062,36152],[3062,36132]],"size":[1,1],"rotations":[0,0,0,0,0,0,0,0,0,0,0,0,0,0,0,0,0,0,0,0,0,0,0,0,0,0,0,0,0,0,0,0,0,0,0,0,0,0,0,0,0,0,0,0,0,0,0,0,0,0,0,0,0,0,0,0,0,0,0,0,0,0,0,0,0,0,0,0]},{"id":11794,"name":"Ladder","type":10,"category":664,"actions":["Climb-up"],"coordinates":[[2850,36112]],"size":[1,1],"rotations":[0]},{"id":1521,"name":"Large door","type":0,"category":0,"actions":["Open"],"coordinates":[[2854,36264]],"size":[1,1],"rotations":[0]},{"id":1524,"name":"Large door","type":0,"category":0,"actions":["Open"],"coordinates":[[2854,36260]],"size":[1,1],"rotations":[0]},{"id":1391,"name":"Plant","type":10,"category":0,"actions":[],"coordinates":[[2856,36160],[2860,36236]],"size":[2,2],"rotations":[0,0]},{"id":1347,"name":"Tree stump","type":10,"category":0,"actions":[],"coordinates":[[2864,36312],[2944,36320],[3044,36236]],"size":[2,2],"rotations":[0,0,0]},{"id":29721,"name":"Ancient machinery","type":10,"category":0,"actions":[],"coordinates":[[2864,36244]],"size":[2,2],"rotations":[0]},{"id":401,"name":"Grave marker","type":10,"category":0,"actions":[],"coordinates":[[2870,36140],[2878,36108],[2894,36140],[2902,36140],[2910,36108]],"size":[1,1],"rotations":[0,0,0,0,0]},{"id":28446,"name":"Grave","type":10,"category":0,"actions":[],"coordinates":[[2870,36108],[2878,36140]],"size":[1,1],"rotations":[0,0]},{"id":28449,"name":"Grave","type":10,"category":0,"actions":[],"coordinates":[[2886,36140],[2894,36108]],"size":[1,1],"rotations":[0,0]},{"id":28448,"name":"Grave","type":10,"category":0,"actions":[],"coordinates":[[2886,36108]],"size":[1,1],"rotations":[0]},{"id":7452,"name":"Door","type":0,"category":167,"actions":["Open"],"coordinates":[[2890,36292],[2898,36280],[3046,36348],[3058,36320]],"size":[1,1],"rotations":[0,0,0,0]},{"id":25720,"name":"Dairy churn","type":10,"category":1175,"actions":["Churn"],"coordinates":[[2894,36284]],"size":[1,1],"rotations":[0]},{"id":27511,"name":"Bench","type":10,"category":0,"actions":[],"coordinates":[[2902,36168],[2922,36168]],"size":[2,1],"rotations":[0,0]},{"id":10834,"name":"Magic tree","type":10,"category":290,"actions":["Chop down"],"coordinates":[[2904,36160],[2924,36160]],"size":[2,2],"rotations":[0,0]},{"id":28447,"name":"Grave","type":10,"category":0,"actions":[],"coordinates":[[2902,36108],[2910,36140]],"size":[1,1],"rotations":[0,0]},{"id":8717,"name":"Loom","type":10,"category":0,"actions":["Weave"],"coordinates":[[2918,36300]],"size":[1,1],"rotations":[0]},{"id":24087,"name":"Boxes","type":10,"category":0,"actions":["Search"],"coordinates":[[2922,36300]],"size":[1,1],"rotations":[0]},{"id":879,"name":"Fountain","type":10,"category":244,"actions":[],"coordinates":[[2956,36160],[2956,36120]],"size":[2,2],"rotations":[0,0]},{"id":7422,"name":"Sink","type":10,"category":175,"actions":[],"coordinates":[[2996,36160]],"size":[1,2],"rotations":[0]},{"id":27544,"name":"Table","type":10,"category":157,"actions":[],"coordinates":[[2996,36120]],"size":[2,2],"rotations":[0]},{"id":7192,"name":"Chest","type":10,"category":0,"actions":[],"coordinates":[[2998,36168],[3002,36168]],"size":[1,1],"rotations":[0,0]},{"id":7433,"name":"Oak chair","type":11,"category":0,"actions":[],"coordinates":[[2998,36156],[2998,36128],[3002,36120],[3022,36128],[3022,36116],[3026,36172],[3026,36168],[3034,36128],[3034,36116],[3038,36172],[3038,36168]],"size":[1,1],"rotations":[0,0,0,0,0,0,0,0,0,0,0]},{"id":7176,"name":"Bookcase","type":10,"category":205,"actions":["Search"],"coordinates":[[2998,36132],[2998,36116],[3002,36132],[3002,36116],[3006,36132],[3010,36132]],"size":[1,1],"rotations":[0,0,0,0,0,0]},{"id":4505,"name":"Shelves","type":10,"category":0,"actions":[],"coordinates":[[3006,36152]],"size":[1,1],"rotations":[0]},{"id":11796,"name":"Staircase","type":10,"category":638,"actions":["Climb-up"],"coordinates":[[3010,36132]],"size":[2,3],"rotations":[1]},{"id":7091,"name":"Study Desk","type":10,"category":0,"actions":[],"coordinates":[[3006,36108]],"size":[2,1],"rotations":[0]},{"id":7183,"name":"Range","type":10,"category":687,"actions":["Cook"],"coordinates":[[3012,36172]],"size":[1,2],"rotations":[3]},{"id":7434,"name":"Grandfather Clock","type":11,"category":0,"actions":[],"coordinates":[[3018,36108]],"size":[1,1],"rotations":[0]},{"id":7420,"name":"Cabinet","type":10,"category":0,"actions":[],"coordinates":[[3022,36152]],"size":[1,1],"rotations":[0]},{"id":7405,"name":"Teak table","type":10,"category":0,"actions":[],"coordinates":[[3028,36124]],"size":[4,2],"rotations":[1]},{"id":7406,"name":"Teak table","type":10,"category":157,"actions":[],"coordinates":[[3032,36168]],"size":[2,2],"rotations":[0]},{"id":41424,"name":"Crate","type":10,"category":0,"actions":[],"coordinates":[[3042,36340]],"size":[1,1],"rotations":[0]},{"id":27549,"name":"Bookcase","type":10,"category":0,"actions":[],"coordinates":[[3042,36336]],"size":[1,1],"rotations":[0]},{"id":27513,"name":"Chair","type":11,"category":0,"actions":[],"coordinates":[[3042,36324]],"size":[1,1],"rotations":[0]},{"id":1284,"name":"Dead tree","type":10,"category":189,"actions":["Chop down"],"coordinates":[[3044,36288],[3048,36260],[3048,36200],[3064,36264]],"size":[2,2],"rotations":[0,0,0,0]},{"id":31713,"name":"Throne","type":10,"category":0,"actions":[],"coordinates":[[3042,36128],[3042,36124]],"size":[1,1],"rotations":[0,0]},{"id":27527,"name":"Bed","type":10,"category":0,"actions":[],"coordinates":[[3048,36324]],"size":[2,2],"rotations":[0]},{"id":2721,"name":"Cabinet","type":10,"category":0,"actions":[],"coordinates":[[3048,36160]],"size":[1,2],"rotations":[2]},{"id":7419,"name":"Cabinet","type":10,"category":0,"actions":[],"coordinates":[[3046,36156]],"size":[1,1],"rotations":[0]},{"id":41426,"name":"Compost Bin","type":10,"category":0,"actions":[],"coordinates":[[3050,36304]],"size":[1,1],"rotations":[0]},{"id":27545,"name":"Drawers","type":10,"category":0,"actions":[],"coordinates":[[3054,36344]],"size":[1,1],"rotations":[0]},{"id":27517,"name":"Range","type":10,"category":687,"actions":["Cook"],"coordinates":[[3054,36328]],"size":[1,1],"rotations":[0]},{"id":27524,"name":"Onion basket","type":11,"category":0,"actions":[],"coordinates":[[3054,36324],[3062,36316]],"size":[1,1],"rotations":[0,0]},{"id":1279,"name":"Tree","type":10,"category":189,"actions":["Chop down"],"coordinates":[[3060,36220],[3064,36280]],"size":[2,2],"rotations":[0,0]},{"id":41427,"name":"Ladder","type":10,"category":0,"actions":["Climb-down"],"coordinates":[[3062,36344]],"size":[1,1],"rotations":[0]},{"id":27514,"name":"Table","type":10,"category":0,"actions":[],"coordinates":[[3062,36340]],"size":[3,1],"rotations":[1]},{"id":1763,"name":"Sink","type":10,"category":175,"actions":[],"coordinates":[[3064,36324]],"size":[1,2],"rotations":[2]}]