[{"id":1392,"name":"Plant","type":10,"category":0,"actions":[],"coordinates":[[2820,36160],[2828,36176],[2852,36184],[2896,36184],[2932,36168],[2936,36192],[3052,36224],[3060,36204],[3064,36232]],"size":[2,2,143],"rotations":[0,0,0,0,0,0,0,0,0]},{"id":5574,"name":"Sack","type":10,"category":220,"actions":[],"coordinates":[[2822,36262],[2826,36270],[2826,36258],[2830,36274],[2846,36258],[2846,36250],[2850,36254]],"size":[1,1,107],"rotations":[0,0,0,0,0,0,0]},{"id":1393,"name":"Plant","type":10,"category":0,"actions":[],"coordinates":[[2822,36166],[2826,36162],[2830,36182],[2854,36178],[2858,36186],[2862,36254],[2866,36242],[2870,36190],[2890,36186],[2894,36190],[2902,36186],[2910,36198],[2930,36190]],"size":[1,1,133],"rotations":[0,0,0,0,0,0,0,0,0,0,0,0,0]},{"id":1278,"name":"Tree","type":10,"category":189,"actions":["Chop down"],"coordinates":[[2828,36320],[2868,36168],[2928,36260],[2936,36280],[3056,36236]],"size":[2,2,372],"rotations":[0,0,0,0,0]},{"id":12964,"name":"Ladder","type":10,"category":0,"actions":["Climb-up"],"coordinates":[[2826,36262]],"size":[1,1,232],"rotations":[0]},{"id":10820,"name":"Oak tree","type":10,"category":279,"actions":["Chop down"],"coordinates":[[2834,36298],[2842,36158],[2866,36330],[2894,36170],[2918,36274],[2950,36106],[3034,36094]],"size":[3,3,435],"rotations":[0,0,0,0,0,0,0]},{"id":14861,"name":"Church pew","type":10,"category":0,"actions":[],"coordinates":[[2832,36134],[2832,36126],[2832,36118],[2848,36134],[2848,36118]],"size":[2,1,105],"rotations":[0,0,0,0,0]},{"id":11599,"name":"Crate","type":10,"category":0,"actions":[],"coordinates":[[2834,36278]],"size":[1,1,79],"rotations":[0]},{"id":12962,"name":"Table","type":10,"category":156,"actions":[],"coordinates":[[2836,36250]],"size":[2,1,96],"rotations":[2]},{"id":1394,"name":"Plant","type":10,"category":0,"actions":[],"coordinates":[[2836,36180],[2856,36248],[2916,36196],[3044,36096]],"size":[2,2,142],"rotations":[0,0,0,0]},{"id":22123,"name":"Stand","type":10,"category":0,"actions":[],"coordinates":[[2834,36142],[2834,36110],[2846,36142],[2846,36110]],"size":[1,1,167],"rotations":[0,0,0,0]},{"id":1276,"name":"Tree","type":10,"category":189,"actions":["Chop down"],"coordinates":[[2840,36336],[2936,36176],[2944,36348],[2960,36100],[3028,36328],[3048,36216],[3060,36248]],"size":[2,2,290],"rotations":[0,0,0,0,0,0,0]},{"id":11600,"name":"Crates","type":10,"category":209,"actions":["Search"],"coordinates":[[2838,36278]],"size":[1,1,89],"rotations":[0]},{"id":27501,"name":"Altar","type":10,"category":897,"actions":["Pray"],"coordinates":[[2840,36142]],"size":[2,1,193],"rotations":[2]},{"id":33638,"name":"Bush","type":10,"category":0,"actions":[],"coordinates":[[2842,36166],[2846,36346],[2858,36154],[2858,36146],[2858,36142],[2858,36138],[2858,36114],[2858,36110],[2858,36106],[2862,36146],[2862,36142],[2862,36138],[2862,36134],[2862,36118],[2862,36114],[2862,36110],[2862,36106],[2866,36174],[2866,36146],[2866,36106],[2870,36162],[2870,36146],[2870,36106],[2874,36146],[2874,36106],[2878,36146],[2878,36106],[2882,36146],[2882,36106],[2886,36146],[2886,36106],[2890,36146],[2890,36106],[2894,36146],[2894,36106],[2898,36190],[2898,36162],[2898,36146],[2898,36106],[2902,36146],[2902,36106],[2906,36146],[2906,36106],[2910,36146],[2910,36106],[2914,36146],[2914,36106],[2918,36146],[2918,36142],[2918,36138],[2918,36134],[2918,36118],[2918,36114],[2918,36110],[2918,36106],[2926,36198],[2974,36178],[2974,36170],[2974,36162],[2974,36154],[2974,36134],[2974,36126],[2974,36118],[2974,36110],[3054,36182],[3054,36106],[3062,36154],[3062,36134]],"size":[1,1,86],"rotations":[0,0,0,0,0,0,0,0,0,0,0,0,0,0,0,0,0,0,0,0,0,0,0,0,0,0,0,0,0,0,0,0,0,0,0,0,0,0,0,0,0,0,0,0,0,0,0,0,0,0,0,0,0,0,0,0,0,0,0,0,0,0,0,0,0,0,0,0]},{"id":11794,"name":"Ladder","type":10,"category":664,"actions":["Climb-up"],"coordinates":[[2850,36114]],"size":[1,1,240],"rotations":[0]},{"id":1521,"name":"Large door","type":0,"category":0,"actions":["Open"],"coordinates":[[2854,36266]],"size":[1,1,240],"rotations":[0]},{"id":1524,"name":"Large door","type":0,"category":0,"actions":["Open"],"coordinates":[[2854,36262]],"size":[1,1,240],"rotations":[0]},{"id":1391,"name":"Plant","type":10,"category":0,"actions":[],"coordinates":[[2856,36164],[2860,36240]],"size":[2,2,97],"rotations":[0,0]},{"id":1347,"name":"Tree stump","type":10,"category":0,"actions":[],"coordinates":[[2864,36316],[2944,36324],[3044,36240]],"size":[2,2,93],"rotations":[0,0,0]},{"id":29721,"name":"Ancient machinery","type":10,"category":0,"actions":[],"coordinates":[[2864,36248]],"size":[2,2,123],"rotations":[0]},{"id":401,"name":"Grave marker","type":10,"category":0,"actions":[],"coordinates":[[2870,36142],[2878,36110],[2894,36142],[2902,36142],[2910,36110]],"size":[1,1,152],"rotations":[0,0,0,0,0]},{"id":28446,"name":"Grave","type":10,"category":0,"actions":[],"coordinates":[[2870,36110],[2878,36142]],"size":[1,1,145],"rotations":[0,0]},{"id":28449,"name":"Grave","type":10,"category":0,"actions":[],"coordinates":[[2886,36142],[2894,36110]],"size":[1,1,141],"rotations":[0,0]},{"id":28448,"name":"Grave","type":10,"category":0,"actions":[],"coordinates":[[2886,36110]],"size":[1,1,76],"rotations":[0]},{"id":7452,"name":"Door","type":0,"category":167,"actions":["Open"],"coordinates":[[2890,36294],[2898,36282],[3046,36350],[3058,36322]],"size":[1,1,239],"rotations":[0,0,0,0]},{"id":25720,"name":"Dairy churn","type":10,"category":1175,"actions":["Churn"],"coordinates":[[2894,36286]],"size":[1,1,125],"rotations":[0]},{"id":27511,"name":"Bench","type":10,"category":0,"actions":[],"coordinates":[[2904,36170],[2924,36170]],"size":[2,1,143],"rotations":[0,0]},{"id":10834,"name":"Magic tree","type":10,"category":290,"actions":["Chop down"],"coordinates":[[2904,36164],[2924,36164]],"size":[2,2,450],"rotations":[0,0]},{"id":28447,"name":"Grave","type":10,"category":0,"actions":[],"coordinates":[[2902,36110],[2910,36142]],"size":[1,1,103],"rotations":[0,0]},{"id":8717,"name":"Loom","type":10,"category":0,"actions":["Weave"],"coordinates":[[2918,36302]],"size":[1,1,253],"rotations":[0]},{"id":24087,"name":"Boxes","type":10,"category":0,"actions":["Search"],"coordinates":[[2922,36302]],"size":[1,1,103],"rotations":[0]},{"id":879,"name":"Fountain","type":10,"category":244,"actions":[],"coordinates":[[2956,36164],[2956,36124]],"size":[2,2,352],"rotations":[0,0]},{"id":7422,"name":"Sink","type":10,"category":175,"actions":[],"coordinates":[[2994,36164]],"size":[1,2,116],"rotations":[0]},{"id":27544,"name":"Table","type":10,"category":157,"actions":[],"coordinates":[[2996,36124]],"size":[2,2,111],"rotations":[0]},{"id":7192,"name":"Chest","type":10,"category":0,"actions":[],"coordinates":[[2998,36170],[3002,36170]],"size":[1,1,80],"rotations":[0,0]},{"id":7433,"name":"Oak chair","type":11,"category":0,"actions":[],"coordinates":[[2998,36158],[2998,36130],[3002,36122],[3022,36130],[3022,36118],[3026,36174],[3026,36170],[3034,36130],[3034,36118],[3038,36174],[3038,36170]],"size":[1,1,155],"rotations":[0,0,0,0,0,0,0,0,0,0,0]},{"id":7176,"name":"Bookcase","type":10,"category":205,"actions":["Search"],"coordinates":[[2998,36134],[2998,36118],[3002,36134],[3002,36118],[3006,36134],[3010,36134]],"size":[1,1,196],"rotations":[0,0,0,0,0,0]},{"id":4505,"name":"Shelves","type":10,"category":0,"actions":[],"coordinates":[[3006,36154]],"size":[1,1,208],"rotations":[0]},{"id":11796,"name":"Staircase","type":10,"category":638,"actions":["Climb-up"],"coordinates":[[3008,36142]],"size":[2,3,241],"rotations":[1]},{"id":7091,"name":"Study Desk","type":10,"category":0,"actions":[],"coordinates":[[3008,36110]],"size":[2,1,160],"rotations":[0]},{"id":7183,"name":"Range","type":10,"category":687,"actions":["Cook"],"coordinates":[[3010,36176]],"size":[1,2,171],"rotations":[3]},{"id":7434,"name":"Grandfather Clock","type":11,"category":0,"actions":[],"coordinates":[[3018,36110]],"size":[1,1,226],"rotations":[0]},{"id":7420,"name":"Cabinet","type":10,"category":0,"actions":[],"coordinates":[[3022,36154]],"size":[1,1,272],"rotations":[0]},{"id":7405,"name":"Teak table","type":10,"category":0,"actions":[],"coordinates":[[3032,36128]],"size":[4,2,96],"rotations":[1]},{"id":7406,"name":"Teak table","type":10,"category":157,"actions":[],"coordinates":[[3032,36172]],"size":[2,2,96],"rotations":[0]},{"id":41424,"name":"Crate","type":10,"category":0,"actions":[],"coordinates":[[3042,36342]],"size":[1,1,38],"rotations":[0]},{"id":27549,"name":"Bookcase","type":10,"category":0,"actions":[],"coordinates":[[3042,36338]],"size":[1,1,208],"rotations":[0]},{"id":27513,"name":"Chair","type":11,"category":0,"actions":[],"coordinates":[[3042,36326]],"size":[1,1,123],"rotations":[0]},{"id":1284,"name":"Dead tree","type":10,"category":189,"actions":["Chop down"],"coordinates":[[3044,36292],[3048,36264],[3048,36204],[3064,36268]],"size":[2,2,510],"rotations":[0,0,0,0]},{"id":31713,"name":"Throne","type":10,"category":0,"actions":[],"coordinates":[[3042,36130],[3042,36126]],"size":[1,1,201],"rotations":[0,0]},{"id":27527,"name":"Bed","type":10,"category":0,"actions":[],"coordinates":[[3048,36328]],"size":[2,2,110],"rotations":[0]},{"id":2721,"name":"Cabinet","type":10,"category":0,"actions":[],"coordinates":[[3046,36164]],"size":[1,2,119],"rotations":[2]},{"id":7419,"name":"Cabinet","type":10,"category":0,"actions":[],"coordinates":[[3046,36158]],"size":[1,1,272],"rotations":[0]},{"id":41426,"name":"Compost Bin","type":10,"category":0,"actions":[],"coordinates":[[3050,36306]],"size":[1,1,171],"rotations":[0]},{"id":27545,"name":"Drawers","type":10,"category":0,"actions":[],"coordinates":[[3054,36346]],"size":[1,1,141],"rotations":[0]},{"id":27517,"name":"Range","type":10,"category":687,"actions":["Cook"],"coordinates":[[3054,36330]],"size":[1,1,135],"rotations":[0]},{"id":27524,"name":"Onion basket","type":11,"category":0,"actions":[],"coordinates":[[3054,36326],[3062,36318]],"size":[1,1,106],"rotations":[0,0]},{"id":1279,"name":"Tree","type":10,"category":189,"actions":["Chop down"],"coordinates":[[3060,36224],[3064,36284]],"size":[2,2,372],"rotations":[0,0]},{"id":41427,"name":"Ladder","type":10,"category":0,"actions":["Climb-down"],"coordinates":[[3062,36346]],"size":[1,1,113],"rotations":[0]},{"id":27514,"name":"Table","type":10,"category":0,"actions":[],"coordinates":[[3066,36342]],"size":[3,1,108],"rotations":[1]},{"id":1763,"name":"Sink","type":10,"category":175,"actions":[],"coordinates":[[3062,36328]],"size":[1,2,203],"rotations":[2]}]