[{"id":1202,"name":"Jungle flower","type":10,"category":0,"actions":[],"coordinates":[[2930,36734],[2938,36766],[2942,36726],[2958,36774],[2958,36730],[2994,36778],[2998,36742],[3014,36758]],"size":[1,1,107],"rotations":[0,0,0,0,0,0,0,0]},{"id":1302,"name":"Leafy tree","type":10,"category":0,"actions":[],"coordinates":[[2940,36752],[2948,36732],[2972,36756],[2980,36772],[2984,36740],[3004,36764]],"size":[2,2,295],"rotations":[0,0,0,0,0,0]},{"id":1371,"name":"Tropical tree","type":10,"category":0,"actions":[],"coordinates":[[2938,36742],[2962,36766],[2994,36746]],"size":[1,1,240],"rotations":[0,0,0]},{"id":1372,"name":"Tropical tree","type":10,"category":0,"actions":[],"coordinates":[[2938,36742],[2962,36766],[2994,36746]],"size":[1,1,345],"rotations":[0,0,0]},{"id":27759,"name":"Rowboat","type":10,"category":0,"actions":[],"coordinates":[[3036,36766],[3040,36610]],"size":[2,3,92],"rotations":[0,1]}]