[{"id":611,"name":"Picnic bench","type":10,"category":154,"actions":[],"coordinates":[[2820,35804],[2840,35788]],"size":[2,2,104],"rotations":[0,0]},{"id":5331,"name":"Plant","type":10,"category":0,"actions":[],"coordinates":[[2820,35784],[2836,35812],[2844,35820],[2844,35764]],"size":[2,2,143],"rotations":[0,0,0,0]},{"id":10820,"name":"Oak tree","type":10,"category":279,"actions":["Chop down"],"coordinates":[[2822,35774],[2830,35662],[2834,35822],[2846,35702],[2854,35766],[2902,35686],[2910,35826],[2910,35782],[2926,35774],[2962,35774],[2970,35762],[3014,35758],[3018,35786],[3034,35778]],"size":[3,3,435],"rotations":[0,0,0,0,0,0,0,0,0,0,0,0,0,0]},{"id":1276,"name":"Tree","type":10,"category":189,"actions":["Chop down"],"coordinates":[[2820,35704],[2828,35672],[2832,35648],[2844,35692],[2852,35712],[2912,35684],[2932,35652],[2936,35636],[2952,35768],[2972,35772],[3024,35764],[3028,35792]],"size":[2,2,290],"rotations":[0,0,0,0,0,0,0,0,0,0,0,0]},{"id":5333,"name":"Plant","type":10,"category":0,"actions":[],"coordinates":[[2824,35828],[2824,35764],[2840,35832],[2852,35776],[2864,35760]],"size":[2,2,142],"rotations":[0,0,0,0,0]},{"id":1278,"name":"Tree","type":10,"category":189,"actions":["Chop down"],"coordinates":[[2824,35652],[2896,35676],[2896,35656],[2900,35832],[2908,35632],[2916,35816],[2928,35620],[2936,35768],[2956,35684],[2968,35784],[3008,35780],[3040,35760],[3044,35800],[3048,35836],[3060,35816]],"size":[2,2,372],"rotations":[0,0,0,0,0,0,0,0,0,0,0,0,0,0,0]},{"id":1282,"name":"Dead tree","type":10,"category":189,"actions":["Chop down"],"coordinates":[[2836,35604]],"size":[2,2,510],"rotations":[0]},{"id":10819,"name":"Willow tree","type":10,"category":286,"actions":["Chop down"],"coordinates":[[2852,35800],[2896,35780],[2900,35764]],"size":[2,2,323],"rotations":[0,0,0]},{"id":10829,"name":"Willow tree","type":10,"category":286,"actions":["Chop down"],"coordinates":[[2852,35684],[2860,35824],[2860,35788],[2864,35660],[2868,35644],[2872,35716],[2880,35692]],"size":[2,2,354],"rotations":[0,0,0,0,0,0,0]},{"id":10833,"name":"Willow tree","type":10,"category":286,"actions":["Chop down"],"coordinates":[[2868,35776],[2884,35808],[2884,35788]],"size":[2,2,305],"rotations":[0,0,0]},{"id":10831,"name":"Willow tree","type":10,"category":286,"actions":["Chop down"],"coordinates":[[2888,35704]],"size":[2,2,354],"rotations":[0]},{"id":1391,"name":"Plant","type":10,"category":0,"actions":[],"coordinates":[[2896,35816],[2904,35792],[2916,35836],[2924,35764],[2960,35752],[2976,35780],[3004,35788],[3004,35752],[3044,35776]],"size":[2,2,97],"rotations":[0,0,0,0,0,0,0,0,0]},{"id":1392,"name":"Plant","type":10,"category":0,"actions":[],"coordinates":[[2904,35812],[2908,35768],[2936,35776],[3028,35752],[3052,35796]],"size":[2,2,143],"rotations":[0,0,0,0,0]},{"id":17668,"name":"Bunk bed","type":10,"category":0,"actions":[],"coordinates":[[2922,35712]],"size":[1,2,207],"rotations":[3]},{"id":27220,"name":"Barrel","type":10,"category":0,"actions":[],"coordinates":[[2922,35710]],"size":[1,1,99],"rotations":[0]},{"id":27223,"name":"Crate","type":10,"category":0,"actions":[],"coordinates":[[2922,35706]],"size":[1,1,91],"rotations":[0]},{"id":17669,"name":"Bunk bed","type":10,"category":0,"actions":[],"coordinates":[[2922,35700]],"size":[1,2,207],"rotations":[3]},{"id":27224,"name":"Crates","type":10,"category":0,"actions":[],"coordinates":[[2934,35714]],"size":[1,1,180],"rotations":[0]},{"id":27222,"name":"Barrel","type":10,"category":241,"actions":[],"coordinates":[[2934,35702]],"size":[1,1,99],"rotations":[0]},{"id":25784,"name":"Chair","type":11,"category":0,"actions":[],"coordinates":[[2938,35706],[2938,35702],[2946,35710],[2946,35702]],"size":[1,1,156],"rotations":[0,0,0,0]},{"id":27337,"name":"Table","type":10,"category":0,"actions":[],"coordinates":[[2944,35706]],"size":[2,1,106],"rotations":[0]},{"id":7044,"name":"Buffers","type":10,"category":0,"actions":[],"coordinates":[[2946,35598]],"size":[1,1,104],"rotations":[0]},{"id":8887,"name":"Track","type":22,"category":0,"actions":[],"coordinates":[[2946,35594],[2946,35590],[2946,35586]],"size":[1,1,24],"rotations":[0,0,0]},{"id":28835,"name":"Minecart","type":10,"category":0,"actions":["Travel"],"coordinates":[[2946,35590]],"size":[1,1,104],"rotations":[0]},{"id":28837,"name":"Control panel","type":10,"category":0,"actions":[],"coordinates":[[2950,35598]],"size":[1,1,128],"rotations":[0]},{"id":11809,"name":"Wine barrel","type":10,"category":0,"actions":[],"coordinates":[[2972,35708]],"size":[2,2,203],"rotations":[0]},{"id":27531,"name":"Big beer barrel","type":10,"category":0,"actions":[],"coordinates":[[2972,35700]],"size":[2,2,203],"rotations":[0]},{"id":11808,"name":"Wine barrel","type":10,"category":0,"actions":[],"coordinates":[[2972,35692]],"size":[2,2,203],"rotations":[0]},{"id":27514,"name":"Table","type":10,"category":0,"actions":[],"coordinates":[[2978,35714]],"size":[3,1,108],"rotations":[0]},{"id":41424,"name":"Crate","type":10,"category":0,"actions":[],"coordinates":[[2974,35686],[2982,35710],[2982,35686]],"size":[1,1,38],"rotations":[0,0,0]},{"id":41425,"name":"Crates","type":10,"category":0,"actions":[],"coordinates":[[2978,35710],[2986,35710],[2986,35690]],"size":[1,1,89],"rotations":[0,0,0]},{"id":19048,"name":"Ladder","type":10,"category":0,"actions":[],"coordinates":[[2978,35702],[2978,35698]],"size":[1,1,240],"rotations":[0,0]},{"id":27533,"name":"Crates","type":10,"category":0,"actions":["Search"],"coordinates":[[2982,35626],[2986,35638],[2986,35618],[3002,35622],[3006,35802]],"size":[1,1,89],"rotations":[0,0,0,0,0]},{"id":27532,"name":"Crate","type":10,"category":0,"actions":["Search"],"coordinates":[[2982,35622],[2998,35618],[3002,35634]],"size":[1,1,38],"rotations":[0,0,0]},{"id":27519,"name":"Bar","type":10,"category":0,"actions":[],"coordinates":[[2992,35704]],"size":[4,2,189],"rotations":[3]},{"id":11790,"name":"Staircase","type":10,"category":0,"actions":["Climb-up"],"coordinates":[[2992,35628]],"size":[2,2,240],"rotations":[0]},{"id":41838,"name":"Pillar","type":10,"category":0,"actions":[],"coordinates":[[2994,35690]],"size":[1,1,294],"rotations":[0]},{"id":27544,"name":"Table","type":10,"category":157,"actions":[],"coordinates":[[3000,35700],[3004,35712],[3004,35688],[3008,35816]],"size":[2,2,111],"rotations":[0,0,0,0]},{"id":27512,"name":"Chair","type":10,"category":0,"actions":[],"coordinates":[[2998,35694],[3002,35706],[3006,35682],[3010,35714]],"size":[1,1,141],"rotations":[0,0,0,0]},{"id":27513,"name":"Chair","type":10,"category":0,"actions":[],"coordinates":[[2998,35690],[3002,35718],[3006,35698],[3010,35810],[3018,35818]],"size":[1,1,123],"rotations":[0,0,0,0,0]},{"id":7452,"name":"Door","type":0,"category":167,"actions":["Open"],"coordinates":[[3002,35810],[3014,35822]],"size":[1,1,239],"rotations":[0,0]},{"id":11794,"name":"Ladder","type":10,"category":664,"actions":["Climb-up"],"coordinates":[[3018,35802]],"size":[1,1,240],"rotations":[0]},{"id":13465,"name":"Kourend sigil","type":11,"category":0,"actions":[],"coordinates":[[3020,35632],[3044,35632]],"size":[2,2,694],"rotations":[0,0]},{"id":1763,"name":"Sink","type":10,"category":175,"actions":[],"coordinates":[[3022,35808]],"size":[1,2,203],"rotations":[2]},{"id":7141,"name":"Signpost","type":10,"category":556,"actions":["Read"],"coordinates":[[3048,35700]],"size":[2,2,304],"rotations":[0]},{"id":27766,"name":"Broken boat","type":10,"category":0,"actions":[],"coordinates":[[3068,35626]],"size":[2,3,128],"rotations":[2]}]