[{"id":24580,"name":"Machine","type":10,"category":0,"actions":[],"coordinates":[[2850,30604]],"size":[1,3],"rotations":[1]},{"id":24611,"name":"Plaque","type":10,"category":0,"actions":["Study"],"coordinates":[[2846,30600]],"size":[1,1],"rotations":[0]},{"id":24578,"name":"Machine","type":10,"category":0,"actions":[],"coordinates":[[2850,30548]],"size":[1,3],"rotations":[3]},{"id":24596,"name":"Button","type":10,"category":0,"actions":["Push"],"coordinates":[[2850,30600]],"size":[1,1],"rotations":[0]},{"id":24594,"name":"Button","type":10,"category":0,"actions":["Push"],"coordinates":[[2850,30576]],"size":[1,1],"rotations":[0]},{"id":24609,"name":"Plaque","type":10,"category":0,"actions":["Study"],"coordinates":[[2854,30576]],"size":[1,1],"rotations":[0]},{"id":24574,"name":"Machine","type":10,"category":0,"actions":[],"coordinates":[[2872,30480]],"size":[1,4],"rotations":[3]},{"id":24590,"name":"Button","type":10,"category":0,"actions":["Push"],"coordinates":[[2870,30516]],"size":[2,1],"rotations":[2]},{"id":24581,"name":"Machine","type":10,"category":0,"actions":[],"coordinates":[[2878,30604]],"size":[1,3],"rotations":[1]},{"id":24612,"name":"Plaque","type":10,"category":0,"actions":["Study"],"coordinates":[[2874,30600]],"size":[1,1],"rotations":[0]},{"id":24579,"name":"Machine","type":10,"category":0,"actions":[],"coordinates":[[2878,30548]],"size":[1,3],"rotations":[3]},{"id":24597,"name":"Button","type":10,"category":0,"actions":["Push"],"coordinates":[[2878,30600]],"size":[1,1],"rotations":[0]},{"id":24595,"name":"Button","type":10,"category":0,"actions":["Push"],"coordinates":[[2878,30576]],"size":[1,1],"rotations":[0]},{"id":24605,"name":"Plaque","type":10,"category":0,"actions":["Study"],"coordinates":[[2878,30516]],"size":[1,1],"rotations":[0]},{"id":24610,"name":"Plaque","type":10,"category":0,"actions":["Study"],"coordinates":[[2882,30576]],"size":[1,1],"rotations":[0]},{"id":24575,"name":"Machine","type":10,"category":0,"actions":[],"coordinates":[[2912,30476]],"size":[1,4],"rotations":[3]},{"id":24586,"name":"Machine","type":10,"category":0,"actions":[],"coordinates":[[2914,30664]],"size":[1,3],"rotations":[2]},{"id":24591,"name":"Button","type":10,"category":0,"actions":["Push"],"coordinates":[[2910,30516]],"size":[2,1],"rotations":[2]},{"id":24606,"name":"Plaque","type":10,"category":0,"actions":["Study"],"coordinates":[[2918,30516]],"size":[1,1],"rotations":[0]},{"id":24602,"name":"Button","type":10,"category":0,"actions":["Push"],"coordinates":[[2926,30672]],"size":[1,1],"rotations":[0]},{"id":24617,"name":"Plaque","type":10,"category":0,"actions":["Study"],"coordinates":[[2926,30668]],"size":[1,1],"rotations":[0]},{"id":24427,"name":"Stairs","type":10,"category":0,"actions":["Walk-up"],"coordinates":[[2942,30580]],"size":[3,3],"rotations":[0]},{"id":24428,"name":"Stairs","type":10,"category":0,"actions":["Walk-down"],"coordinates":[[2942,30564]],"size":[3,3],"rotations":[0]},{"id":24618,"name":"Plaque","type":10,"category":0,"actions":["Study"],"coordinates":[[2954,30676]],"size":[1,1],"rotations":[0]},{"id":24603,"name":"Button","type":10,"category":0,"actions":["Push"],"coordinates":[[2954,30672]],"size":[1,1],"rotations":[0]},{"id":15490,"name":"Kalphite Queen","type":10,"category":0,"actions":[],"coordinates":[[2966,30660]],"size":[5,5],"rotations":[0]},{"id":24576,"name":"Machine","type":10,"category":0,"actions":[],"coordinates":[[2972,30476]],"size":[1,4],"rotations":[3]},{"id":24592,"name":"Button","type":10,"category":0,"actions":["Push"],"coordinates":[[2970,30516]],"size":[2,1],"rotations":[2]},{"id":24587,"name":"Machine","type":10,"category":0,"actions":[],"coordinates":[[2982,30664]],"size":[1,3],"rotations":[0]},{"id":24607,"name":"Plaque","type":10,"category":0,"actions":["Study"],"coordinates":[[2978,30516]],"size":[1,1],"rotations":[0]},{"id":24584,"name":"Machine","type":10,"category":0,"actions":[],"coordinates":[[3006,30604]],"size":[1,3],"rotations":[1]},{"id":24615,"name":"Plaque","type":10,"category":0,"actions":["Study"],"coordinates":[[3002,30600]],"size":[1,1],"rotations":[0]},{"id":24582,"name":"Machine","type":10,"category":0,"actions":[],"coordinates":[[3006,30548]],"size":[1,3],"rotations":[3]},{"id":24600,"name":"Button","type":10,"category":0,"actions":["Push"],"coordinates":[[3006,30600]],"size":[1,1],"rotations":[0]},{"id":24598,"name":"Button","type":10,"category":0,"actions":["Push"],"coordinates":[[3006,30576]],"size":[1,1],"rotations":[0]},{"id":24577,"name":"Machine","type":10,"category":0,"actions":[],"coordinates":[[3012,30480]],"size":[1,4],"rotations":[3]},{"id":24613,"name":"Plaque","type":10,"category":0,"actions":["Study"],"coordinates":[[3010,30576]],"size":[1,1],"rotations":[0]},{"id":24593,"name":"Button","type":10,"category":0,"actions":["Push"],"coordinates":[[3010,30516]],"size":[2,1],"rotations":[2]},{"id":24608,"name":"Plaque","type":10,"category":0,"actions":["Study"],"coordinates":[[3018,30516]],"size":[1,1],"rotations":[0]},{"id":24585,"name":"Machine","type":10,"category":0,"actions":[],"coordinates":[[3034,30604]],"size":[1,3],"rotations":[1]},{"id":24616,"name":"Plaque","type":10,"category":0,"actions":["Study"],"coordinates":[[3030,30600]],"size":[1,1],"rotations":[0]},{"id":24569,"name":"Snake","type":10,"category":0,"actions":[],"coordinates":[[3034,30560]],"size":[3,3],"rotations":[0]},{"id":24583,"name":"Machine","type":10,"category":0,"actions":[],"coordinates":[[3034,30548]],"size":[1,3],"rotations":[3]},{"id":24601,"name":"Button","type":10,"category":0,"actions":["Push"],"coordinates":[[3034,30600]],"size":[1,1],"rotations":[0]},{"id":24599,"name":"Button","type":10,"category":0,"actions":["Push"],"coordinates":[[3034,30576]],"size":[1,1],"rotations":[0]},{"id":24614,"name":"Plaque","type":10,"category":0,"actions":["Study"],"coordinates":[[3038,30576]],"size":[1,1],"rotations":[0]}]