[{"id":34856,"name":"Torch","type":10,"category":0,"actions":[],"coordinates":[[3082,10728],[3086,10732],[3086,10724],[3090,10692],[3090,10656],[3118,10636],[3118,10616],[3126,10692],[3126,10656],[3138,10592],[3142,10624],[3150,10624],[3154,10592],[3178,10624],[3178,10608],[3178,10592],[3178,10576],[3178,10560],[3194,10624],[3194,10608],[3194,10592],[3194,10576],[3194,10560]],"size":[1,1],"rotations":[0,0,0,0,0,0,0,0,0,0,0,0,0,0,0,0,0,0,0,0,0,0,0]},{"id":34872,"name":"Broken sun altar","type":10,"category":0,"actions":["Pray-at"],"coordinates":[[3086,10632]],"size":[4,1],"rotations":[3]},{"id":34870,"name":"Stone Pile","type":10,"category":0,"actions":[],"coordinates":[[3086,10620],[3090,10636],[3118,10632],[3134,10580],[3134,10540],[3158,10564],[3158,10552],[3262,10716],[3290,10712],[3298,10656],[3318,10672]],"size":[1,1],"rotations":[0,0,0,0,0,0,0,0,0,0,0]},{"id":34849,"name":"Musty bookshelf","type":4,"category":0,"actions":["Search"],"coordinates":[[3090,10688],[3094,10692]],"size":[1,1],"rotations":[0,0]},{"id":34850,"name":"Musty bookshelf","type":4,"category":0,"actions":["Search"],"coordinates":[[3090,10660],[3094,10656]],"size":[1,1],"rotations":[0,0]},{"id":34840,"name":"Grubby Door","type":0,"category":0,"actions":["Pick-lock"],"coordinates":[[3098,10728]],"size":[1,1],"rotations":[0]},{"id":34864,"name":"Staircase","type":10,"category":0,"actions":["Climb-up"],"coordinates":[[3100,10556]],"size":[2,2],"rotations":[0]},{"id":34842,"name":"Temple Door","type":0,"category":0,"actions":["Open"],"coordinates":[[3114,10600]],"size":[1,1],"rotations":[0]},{"id":34871,"name":"Stone Pile","type":10,"category":0,"actions":[],"coordinates":[[3118,10620],[3134,10564],[3154,10580],[3158,10544],[3258,10708],[3282,10724],[3290,10708],[3290,10664],[3310,10656]],"size":[1,1],"rotations":[0,0,0,0,0,0,0,0,0]},{"id":34847,"name":"Musty bookshelf","type":4,"category":0,"actions":["Search"],"coordinates":[[3122,10692],[3126,10688]],"size":[1,1],"rotations":[0,0]},{"id":34848,"name":"Musty bookshelf","type":4,"category":0,"actions":["Search"],"coordinates":[[3122,10656],[3126,10660]],"size":[1,1],"rotations":[0,0]},{"id":1027,"name":"Tanning line","type":10,"category":0,"actions":[],"coordinates":[[3134,10628]],"size":[3,1],"rotations":[3]},{"id":1031,"name":"Mangle","type":10,"category":0,"actions":[],"coordinates":[[3138,10616]],"size":[1,1],"rotations":[0]},{"id":5499,"name":"Fire","type":10,"category":152,"actions":[],"coordinates":[[3142,10700],[3178,10656],[3198,10716],[3234,10688]],"size":[1,1],"rotations":[0,0,0,0]},{"id":1030,"name":"Mangle","type":10,"category":0,"actions":[],"coordinates":[[3142,10616]],"size":[1,1],"rotations":[0]},{"id":14703,"name":"Skeleton","type":10,"category":0,"actions":[],"coordinates":[[3146,10688],[3162,10700],[3198,10656]],"size":[1,1],"rotations":[0,0,0]},{"id":14705,"name":"Skeleton","type":10,"category":0,"actions":[],"coordinates":[[3146,10668]],"size":[2,1],"rotations":[0]},{"id":34844,"name":"Door","type":0,"category":0,"actions":["Open"],"coordinates":[[3146,10648]],"size":[1,1],"rotations":[0]},{"id":34874,"name":"Floor tile","type":22,"category":0,"actions":[],"coordinates":[[3146,10628],[3146,10572],[3146,10556]],"size":[1,1],"rotations":[0,0,0]},{"id":34855,"name":"Sacred Bone Burner","type":10,"category":0,"actions":["Check-Faith"],"coordinates":[[3146,10624]],"size":[1,1],"rotations":[0]},{"id":14704,"name":"Skeleton","type":10,"category":0,"actions":[],"coordinates":[[3166,10716],[3230,10692]],"size":[1,1],"rotations":[0,0]},{"id":34857,"name":"Dragon egg","type":10,"category":0,"actions":[],"coordinates":[[3166,10664],[3174,10696],[3190,10692],[3206,10708],[3218,10696],[3226,10708],[3226,10672]],"size":[1,1],"rotations":[0,0,0,0,0,0,0]},{"id":34834,"name":"Strange floor","type":10,"category":0,"actions":["Jump-over"],"coordinates":[[3186,10644]],"size":[1,1],"rotations":[0]},{"id":34843,"name":"Temple Door","type":0,"category":0,"actions":["Open"],"coordinates":[[3206,10536]],"size":[1,1],"rotations":[0]},{"id":34868,"name":"Empty sac","type":10,"category":0,"actions":[],"coordinates":[[3218,10576],[3230,10636],[3254,10644],[3258,10644],[3258,10612],[3270,10612],[3294,10572]],"size":[1,1],"rotations":[0,0,0,0,0,0,0]},{"id":34863,"name":"Ladder","type":10,"category":0,"actions":["Climb-up"],"coordinates":[[3226,10532]],"size":[1,1],"rotations":[0]},{"id":733,"name":"Web","type":0,"category":0,"actions":["Slash"],"coordinates":[[3238,10652],[3270,10696],[3274,10696],[3302,10692],[3306,10692]],"size":[1,1],"rotations":[0,0,0,0,0]},{"id":7485,"name":"Stone Pile","type":10,"category":0,"actions":[],"coordinates":[[3246,10604],[3246,10592],[3266,10612],[3266,10580],[3278,10612],[3278,10604]],"size":[1,1],"rotations":[0,0,0,0,0,0]},{"id":7484,"name":"Stone Pile","type":10,"category":0,"actions":[],"coordinates":[[3246,10580],[3278,10580]],"size":[1,1],"rotations":[0,0]},{"id":25443,"name":"Spiderwebs","type":10,"category":0,"actions":[],"coordinates":[[3262,10612],[3270,10580]],"size":[1,1],"rotations":[0,0]},{"id":34866,"name":"Cauldron","type":10,"category":0,"actions":[],"coordinates":[[3304,10656]],"size":[2,2],"rotations":[0]}]