[{"id":18894,"name":"Rockslide","type":10,"category":0,"actions":[],"coordinates":[[3076,37856],[3084,37848],[3108,37836],[3108,37828],[3124,37844],[3136,37856],[3144,37856],[3152,37844],[3160,37844],[3168,37852],[3168,37836],[3176,37840],[3200,37844],[3216,37860],[3216,37852],[3260,37860],[3264,37868],[3292,37876],[3304,37876]],"size":[2,2,43],"rotations":[0,0,0,0,0,0,0,0,0,0,0,0,0,0,0,0,0,0,0]},{"id":18893,"name":"Rockslide","type":10,"category":0,"actions":[],"coordinates":[[3076,37848],[3168,37844]],"size":[2,2,87],"rotations":[0,0]},{"id":53188,"name":"Tree","type":10,"category":189,"actions":["Chop down"],"coordinates":[[3080,37856],[3116,37836]],"size":[2,2,363],"rotations":[0,0]},{"id":42400,"name":"Plant","type":10,"category":0,"actions":[],"coordinates":[[3142,37846],[3190,37874],[3198,37870],[3218,37846],[3238,37878]],"size":[1,1,133],"rotations":[0,0,0,0,0]},{"id":42399,"name":"Plant","type":10,"category":0,"actions":[],"coordinates":[[3212,37872]],"size":[2,2,143],"rotations":[0]},{"id":53190,"name":"Skeleton","type":10,"category":0,"actions":[],"coordinates":[[3218,37870]],"size":[1,1,67],"rotations":[0]},{"id":42398,"name":"Plant","type":10,"category":0,"actions":[],"coordinates":[[3224,37872]],"size":[2,2,97],"rotations":[0]}]