[{"id":51762,"name":"Tree","type":10,"category":189,"actions":["Chop down"],"coordinates":[[3076,38168],[3124,38168],[3172,38176],[3212,38156],[3236,38168],[3280,38152]],"size":[2,2],"rotations":[0,0,0,0,0,0]},{"id":42399,"name":"Plant","type":10,"category":0,"actions":[],"coordinates":[[3080,38164],[3124,38184],[3144,38192],[3148,38144],[3172,38152],[3176,38188],[3180,38172],[3228,38172],[3272,38152]],"size":[2,2],"rotations":[0,0,0,0,0,0,0,0,0]},{"id":42400,"name":"Plant","type":10,"category":0,"actions":[],"coordinates":[[3090,38152],[3106,38160],[3130,38188],[3134,38168],[3150,38196],[3154,38148],[3158,38168],[3174,38160],[3178,38180],[3186,38176],[3206,38160],[3218,38160],[3242,38168],[3262,38148],[3286,38152]],"size":[1,1],"rotations":[0,0,0,0,0,0,0,0,0,0,0,0,0,0,0]},{"id":4349,"name":"Shell","type":22,"category":0,"actions":[],"coordinates":[[3110,38228]],"size":[1,1],"rotations":[0]},{"id":42398,"name":"Plant","type":10,"category":0,"actions":[],"coordinates":[[3112,38156],[3140,38168],[3152,38164],[3168,38192],[3232,38152]],"size":[2,2],"rotations":[0,0,0,0,0]},{"id":51764,"name":"Tree","type":10,"category":189,"actions":["Chop down"],"coordinates":[[3144,38176],[3220,38172],[3224,38152],[3240,38152],[3276,38140]],"size":[2,2],"rotations":[0,0,0,0,0]},{"id":51872,"name":"Cave","type":10,"category":0,"actions":["Enter"],"coordinates":[[3154,38168]],"size":[5,3],"rotations":[0]}]