[{"id":1394,"name":"Plant","type":10,"category":0,"actions":[],"coordinates":[[3076,36024],[3096,36064],[3096,36048],[3100,36076],[3108,36084],[3112,36072],[3140,36084]],"size":[2,2],"rotations":[0,0,0,0,0,0,0]},{"id":27512,"name":"Chair","type":11,"category":0,"actions":[],"coordinates":[[3074,36012]],"size":[1,1],"rotations":[0]},{"id":27513,"name":"Chair","type":11,"category":0,"actions":[],"coordinates":[[3074,35996],[3086,35980],[3118,35916]],"size":[1,1],"rotations":[0,0,0]},{"id":10820,"name":"Oak tree","type":10,"category":279,"actions":["Chop down"],"coordinates":[[3082,36080],[3126,36000]],"size":[3,3],"rotations":[0,0]},{"id":1393,"name":"Plant","type":10,"category":0,"actions":[],"coordinates":[[3078,36032],[3082,36060],[3082,36020],[3090,36048],[3094,36072],[3102,36048],[3106,36080],[3110,36068],[3114,36040],[3114,36020],[3118,36084],[3122,36092],[3134,36084],[3138,36092],[3146,36088]],"size":[1,1],"rotations":[0,0,0,0,0,0,0,0,0,0,0,0,0,0,0]},{"id":27533,"name":"Crates","type":11,"category":0,"actions":["Search"],"coordinates":[[3082,35988],[3102,35976],[3110,35992]],"size":[1,1],"rotations":[0,0,0]},{"id":27515,"name":"Table","type":10,"category":0,"actions":[],"coordinates":[[3082,35984]],"size":[3,1],"rotations":[1]},{"id":1391,"name":"Plant","type":10,"category":0,"actions":[],"coordinates":[[3084,35944],[3116,36064],[3116,35960]],"size":[2,2],"rotations":[0,0,0]},{"id":28823,"name":"Fruit Stall","type":10,"category":0,"actions":["Steal-from"],"coordinates":[[3086,36000],[3110,36000]],"size":[2,1],"rotations":[3,1]},{"id":27522,"name":"Apple basket","type":10,"category":0,"actions":["Search"],"coordinates":[[3086,35992],[3090,36004],[3106,36004]],"size":[1,1],"rotations":[0,0,0]},{"id":27532,"name":"Crate","type":11,"category":0,"actions":["Search"],"coordinates":[[3086,35988],[3086,35976],[3118,35924]],"size":[1,1],"rotations":[0,0,0]},{"id":1392,"name":"Plant","type":10,"category":0,"actions":[],"coordinates":[[3088,35936],[3100,36088],[3104,36068],[3128,35972]],"size":[2,2],"rotations":[0,0,0,0]},{"id":11113,"name":"Bush","type":10,"category":0,"actions":[],"coordinates":[[3088,35852],[3100,35904],[3116,35936],[3144,35996],[3152,36060]],"size":[2,2],"rotations":[0,0,0,0,0]},{"id":10834,"name":"Magic tree","type":10,"category":290,"actions":["Chop down"],"coordinates":[[3092,36020],[3104,36020]],"size":[2,2],"rotations":[0,0]},{"id":10829,"name":"Willow tree","type":10,"category":286,"actions":["Chop down"],"coordinates":[[3092,35908]],"size":[2,2],"rotations":[0]},{"id":27511,"name":"Bench","type":10,"category":0,"actions":[],"coordinates":[[3094,36040],[3102,36040]],"size":[2,1],"rotations":[1,3]},{"id":10833,"name":"Willow tree","type":10,"category":286,"actions":["Chop down"],"coordinates":[[3096,35916]],"size":[2,2],"rotations":[0]},{"id":10352,"name":"White roses","type":10,"category":0,"actions":[],"coordinates":[[3098,36040],[3098,36036]],"size":[1,1],"rotations":[0,0]},{"id":7452,"name":"Door","type":0,"category":167,"actions":["Open"],"coordinates":[[3098,36008],[3098,35984],[3106,35980]],"size":[1,1],"rotations":[0,0,0]},{"id":10831,"name":"Willow tree","type":10,"category":286,"actions":["Chop down"],"coordinates":[[3104,35924]],"size":[2,2],"rotations":[0]},{"id":11794,"name":"Ladder","type":10,"category":664,"actions":["Climb-up"],"coordinates":[[3110,35976]],"size":[1,1],"rotations":[0]},{"id":9684,"name":"Sink","type":10,"category":0,"actions":[],"coordinates":[[3116,35984]],"size":[1,2],"rotations":[2]},{"id":27517,"name":"Range","type":10,"category":687,"actions":["Cook"],"coordinates":[[3114,35980]],"size":[1,1],"rotations":[0]},{"id":30843,"name":"Driftwood","type":10,"category":0,"actions":[],"coordinates":[[3116,35864],[3128,35892],[3164,36044],[3164,35972],[3232,35948]],"size":[1,2],"rotations":[0,1,0,1,0]},{"id":18856,"name":"Parasol","type":10,"category":0,"actions":[],"coordinates":[[3118,35920]],"size":[1,1],"rotations":[0]},{"id":12588,"name":"Rock","type":10,"category":0,"actions":[],"coordinates":[[3216,35940],[3228,35872],[3240,35836],[3272,36000],[3276,35928],[3300,35856]],"size":[2,2],"rotations":[0,0,0,0,0,0]},{"id":12590,"name":"Rocks","type":10,"category":0,"actions":[],"coordinates":[[3216,35876],[3232,35860],[3284,35988],[3284,35840],[3288,35956],[3304,35884]],"size":[2,2],"rotations":[0,0,0,0,0,0]},{"id":12589,"name":"Rock","type":10,"category":0,"actions":[],"coordinates":[[3226,35896],[3278,36048],[3290,35908],[3294,36076]],"size":[1,1],"rotations":[0,0,0,0]}]