[{"id":1276,"name":"Tree","type":10,"category":189,"actions":["Chop down"],"coordinates":[[3076,36496],[3080,36432],[3080,36420],[3100,36508]],"size":[2,2,290],"rotations":[0,0,0,0]},{"id":1123,"name":"Bush","type":10,"category":0,"actions":[],"coordinates":[[3080,36512],[3096,36524],[3124,36532],[3144,36540],[3156,36552],[3192,36564],[3212,36560],[3240,36544],[3248,36520],[3264,36492],[3288,36468]],"size":[2,2,137],"rotations":[0,0,0,0,0,0,0,0,0,0,0]},{"id":5331,"name":"Plant","type":10,"category":0,"actions":[],"coordinates":[[3080,36404],[3088,36500],[3096,36388],[3112,36444],[3112,36408],[3120,36516],[3128,36464],[3128,36392],[3156,36504],[3160,36520],[3168,36504],[3176,36508],[3180,36536],[3200,36548],[3204,36492],[3228,36524],[3232,36492],[3252,36480],[3252,36456],[3252,36396],[3272,36440],[3272,36416]],"size":[2,2,143],"rotations":[0,0,0,0,0,0,0,0,0,0,0,0,0,0,0,0,0,0,0,0,0,0]},{"id":5332,"name":"Plant","type":10,"category":0,"actions":[],"coordinates":[[3086,36438],[3086,36434],[3086,36430],[3086,36422],[3086,36418],[3086,36414],[3086,36378],[3102,36382],[3122,36510],[3218,36498],[3226,36530],[3246,36454],[3250,36486],[3266,36474],[3266,36458],[3266,36454],[3274,36422]],"size":[1,1,133],"rotations":[0,0,0,0,0,0,0,0,0,0,0,0,0,0,0,0,0]},{"id":7453,"name":"Door","type":0,"category":168,"actions":["Close"],"coordinates":[[3086,36426]],"size":[1,1,239],"rotations":[0]},{"id":1278,"name":"Tree","type":10,"category":189,"actions":["Chop down"],"coordinates":[[3092,36492],[3108,36520]],"size":[2,2,372],"rotations":[0,0]},{"id":10820,"name":"Oak tree","type":10,"category":279,"actions":["Chop down"],"coordinates":[[3094,36378],[3142,36494],[3146,36526],[3162,36530],[3166,36510],[3186,36518]],"size":[3,3,435],"rotations":[0,0,0,0,0,0]},{"id":5334,"name":"Plant","type":10,"category":0,"actions":[],"coordinates":[[3094,36506],[3094,36478],[3102,36486],[3118,36442],[3118,36410],[3122,36390],[3130,36470],[3194,36546],[3202,36542],[3234,36522],[3250,36466],[3250,36382],[3250,36378],[3250,36374],[3258,36474],[3258,36398],[3258,36394],[3270,36434],[3270,36390],[3278,36474],[3278,36438],[3278,36418]],"size":[1,1,142],"rotations":[0,0,0,0,0,0,0,0,0,0,0,0,0,0,0,0,0,0,0,0,0,0]},{"id":5333,"name":"Plant","type":10,"category":0,"actions":[],"coordinates":[[3096,36500],[3100,36480],[3104,36408],[3104,36376],[3124,36500],[3124,36448],[3124,36384],[3152,36492],[3176,36492],[3196,36512],[3220,36532],[3232,36516],[3252,36472],[3252,36388],[3260,36456],[3272,36472],[3276,36432],[3280,36424]],"size":[2,2,142],"rotations":[0,0,0,0,0,0,0,0,0,0,0,0,0,0,0,0,0,0]},{"id":7482,"name":"Stool","type":10,"category":0,"actions":[],"coordinates":[[3094,36414]],"size":[1,1,52],"rotations":[0]},{"id":14853,"name":"Chair","type":11,"category":0,"actions":[],"coordinates":[[3098,36438]],"size":[1,1,131],"rotations":[0]},{"id":14852,"name":"Table","type":10,"category":157,"actions":[],"coordinates":[[3108,36436]],"size":[2,2,97],"rotations":[0]},{"id":11794,"name":"Ladder","type":10,"category":664,"actions":["Climb-up"],"coordinates":[[3106,36426]],"size":[1,1,240],"rotations":[0]},{"id":3017,"name":"Dishes","type":10,"category":0,"actions":[],"coordinates":[[3114,36438]],"size":[1,1,44],"rotations":[0]},{"id":27430,"name":"Seed table","type":10,"category":0,"actions":["Search"],"coordinates":[[3116,36416]],"size":[2,2,115],"rotations":[0]},{"id":3015,"name":"Dishes","type":10,"category":0,"actions":[],"coordinates":[[3118,36438]],"size":[1,1,38],"rotations":[0]},{"id":3016,"name":"Dishes","type":10,"category":0,"actions":[],"coordinates":[[3118,36434]],"size":[1,1,34],"rotations":[0]},{"id":27533,"name":"Crates","type":10,"category":0,"actions":["Search"],"coordinates":[[3122,36434],[3122,36418],[3134,36458],[3134,36418],[3246,36474],[3246,36394],[3246,36382],[3262,36438]],"size":[1,1,89],"rotations":[0,0,0,0,0,0,0,0]},{"id":27521,"name":"Empty basket","type":10,"category":0,"actions":[],"coordinates":[[3122,36430],[3122,36422],[3134,36462],[3134,36414],[3190,36422],[3246,36482]],"size":[1,1,106],"rotations":[0,0,0,0,0,0]},{"id":1391,"name":"Plant","type":10,"category":0,"actions":[],"coordinates":[[3124,36356]],"size":[2,2,97],"rotations":[0]},{"id":27445,"name":"Farm door","type":0,"category":0,"actions":["Open"],"coordinates":[[3126,36426]],"size":[1,1,239],"rotations":[0]},{"id":28837,"name":"Control panel","type":10,"category":0,"actions":[],"coordinates":[[3130,36514]],"size":[1,1,128],"rotations":[0]},{"id":7044,"name":"Buffers","type":10,"category":0,"actions":[],"coordinates":[[3130,36510]],"size":[1,1,104],"rotations":[0]},{"id":8887,"name":"Track","type":22,"category":0,"actions":[],"coordinates":[[3134,36510],[3138,36510],[3142,36510]],"size":[1,1,24],"rotations":[0,0,0]},{"id":27532,"name":"Crate","type":10,"category":0,"actions":["Search"],"coordinates":[[3134,36470],[3246,36378],[3250,36438],[3262,36418]],"size":[1,1,38],"rotations":[0,0,0,0]},{"id":27522,"name":"Apple basket","type":10,"category":0,"actions":["Search"],"coordinates":[[3134,36466],[3134,36374]],"size":[1,1,106],"rotations":[0,0]},{"id":7516,"name":"Tools","type":10,"category":0,"actions":[],"coordinates":[[3134,36410],[3186,36422],[3222,36486],[3242,36486],[3246,36398]],"size":[1,1,217],"rotations":[0,0,0,0,0]},{"id":27524,"name":"Onion basket","type":10,"category":0,"actions":[],"coordinates":[[3134,36378],[3246,36478],[3246,36390]],"size":[1,1,106],"rotations":[0,0,0]},{"id":28835,"name":"Minecart","type":10,"category":0,"actions":["Travel"],"coordinates":[[3138,36510]],"size":[1,1,104],"rotations":[0]},{"id":1324,"name":"Roots","type":10,"category":0,"actions":[],"coordinates":[[3142,36514]],"size":[1,1,73],"rotations":[0]},{"id":1286,"name":"Dead tree","type":10,"category":189,"actions":["Chop down"],"coordinates":[[3142,36506],[3146,36518],[3158,36510]],"size":[1,1,289],"rotations":[0,0,0]},{"id":5598,"name":"Water Barrel","type":10,"category":241,"actions":[],"coordinates":[[3142,36430],[3190,36366],[3198,36490],[3246,36422]],"size":[1,1,154],"rotations":[0,0,0,0]},{"id":27431,"name":"Sack","type":10,"category":903,"actions":["Deposit"],"coordinates":[[3142,36422],[3186,36430],[3246,36430]],"size":[1,1,107],"rotations":[0,0,0]},{"id":1323,"name":"Roots","type":10,"category":0,"actions":[],"coordinates":[[3146,36522],[3150,36518],[3154,36514]],"size":[1,1,81],"rotations":[0,0,0]},{"id":1325,"name":"Roots","type":10,"category":0,"actions":[],"coordinates":[[3146,36498],[3158,36498]],"size":[1,1,75],"rotations":[0,0]},{"id":27383,"name":"Tithe patch","type":10,"category":0,"actions":[],"coordinates":[[3150,36474],[3150,36462],[3150,36450],[3150,36438],[3150,36414],[3150,36402],[3150,36390],[3150,36378],[3170,36474],[3170,36462],[3170,36450],[3170,36438],[3170,36414],[3170,36402],[3170,36390],[3170,36378],[3190,36498],[3190,36474],[3190,36462],[3190,36450],[3190,36438],[3190,36414],[3190,36402],[3190,36390],[3190,36378],[3210,36474],[3210,36462],[3210,36450],[3210,36438],[3210,36414],[3210,36402],[3210,36390],[3210,36378],[3230,36474],[3230,36462],[3230,36450],[3230,36438],[3230,36414],[3230,36402],[3230,36390],[3230,36378]],"size":[3,3,0],"rotations":[0,0,0,0,0,0,0,0,0,0,0,0,0,0,0,0,0,0,0,0,0,0,0,0,0,0,0,0,0,0,0,0,0,0,0,0,0,0,0,0,0]},{"id":1279,"name":"Tree","type":10,"category":189,"actions":["Chop down"],"coordinates":[[3168,36524]],"size":[2,2,372],"rotations":[0]},{"id":1290,"name":"Dead tree","type":10,"category":189,"actions":["Chop down"],"coordinates":[[3208,36568],[3268,36500]],"size":[2,2,324],"rotations":[0,0]},{"id":18894,"name":"Rockslide","type":10,"category":0,"actions":[],"coordinates":[[3224,36560],[3232,36560],[3272,36484],[3280,36492],[3280,36476],[3288,36392],[3288,36384]],"size":[2,2,43],"rotations":[0,0,0,0,0,0,0]},{"id":18895,"name":"Rockslide","type":10,"category":0,"actions":[],"coordinates":[[3252,36536],[3252,36528]],"size":[2,2,43],"rotations":[0,0]},{"id":10313,"name":"Sacks","type":10,"category":0,"actions":[],"coordinates":[[3250,36434],[3262,36414]],"size":[1,1,67],"rotations":[0,0]},{"id":9532,"name":"Picnic bench","type":10,"category":154,"actions":[],"coordinates":[[3256,36436],[3256,36416]],"size":[2,2,104],"rotations":[0,0]},{"id":27429,"name":"Fruit cart","type":10,"category":0,"actions":[],"coordinates":[[3256,36406]],"size":[2,3,360],"rotations":[1]},{"id":18892,"name":"Rockslide","type":10,"category":0,"actions":[],"coordinates":[[3260,36532],[3280,36484]],"size":[2,2,87],"rotations":[0,0]}]