[{"id":13664,"name":"Infernal chart","type":5,"category":206,"actions":["Study","Remove"],"coordinates":[[3074,27608],[3074,27588],[3074,27480],[3074,27460],[3098,27612],[3098,27584],[3098,27484],[3098,27456]],"size":[1,1],"rotations":[0,0,0,0,0,0,0,0]},{"id":6770,"name":"Bookcase","type":10,"category":206,"actions":["Search","Remove"],"coordinates":[[3074,27600],[3074,27596],[3074,27472],[3074,27468]],"size":[1,1],"rotations":[0,0,0,0]},{"id":13658,"name":"Telescope","type":10,"category":206,"actions":["Observe","Remove"],"coordinates":[[3074,27592],[3074,27464]],"size":[1,1],"rotations":[0,0]},{"id":13696,"name":"Gilded bench","type":10,"category":206,"actions":["Sit-on","Remove"],"coordinates":[[3074,27540],[3074,27536],[3074,27532],[3074,27528],[3074,27524],[3074,27520],[3102,27540],[3102,27536],[3102,27532],[3102,27528],[3102,27524],[3102,27520]],"size":[1,1],"rotations":[0,0,0,0,0,0,0,0,0,0,0,0]},{"id":33419,"name":"Xeric's Talisman","type":5,"category":206,"actions":["Teleport menu","Configuration","Remove"],"coordinates":[[3078,27644],[3078,27516]],"size":[1,1],"rotations":[0,0]},{"id":13655,"name":"Large orrery","type":10,"category":206,"actions":["Remove"],"coordinates":[[3082,27596],[3082,27468]],"size":[3,3],"rotations":[0,0]},{"id":13673,"name":"Lever","type":10,"category":206,"actions":["Pull","Challenge-mode","Remove"],"coordinates":[[3078,27544]],"size":[1,1],"rotations":[0]},{"id":6779,"name":"Wall decoration","type":5,"category":206,"actions":["Remove"],"coordinates":[[3082,27616],[3082,27516],[3082,27488],[3094,27616],[3094,27516],[3094,27488]],"size":[1,1],"rotations":[0,0,0,0,0,0]},{"id":33410,"name":"Portal Nexus","type":10,"category":206,"actions":["Teleport Menu","Configuration","Remove"],"coordinates":[[3088,27628],[3088,27500]],"size":[2,2],"rotations":[0,0]},{"id":13794,"name":"Mahogany wall decoration","type":5,"category":206,"actions":["Remove"],"coordinates":[[3086,27548],[3090,27548]],"size":[1,1],"rotations":[0,0]},{"id":13668,"name":"Throne","type":10,"category":206,"actions":["Sit-on","Remove"],"coordinates":[[3086,27544],[3090,27544]],"size":[1,1],"rotations":[0,0]},{"id":37349,"name":"Lectern","type":10,"category":206,"actions":["Study","Remove"],"coordinates":[[3094,27604],[3094,27476]],"size":[1,1],"rotations":[0,0]},{"id":13661,"name":"Crystal of power","type":10,"category":206,"actions":["Remove"],"coordinates":[[3094,27592],[3094,27464]],"size":[1,1],"rotations":[0,0]},{"id":33420,"name":"Digsite Pendant","type":5,"category":206,"actions":["Teleport menu","Configuration","Remove"],"coordinates":[[3098,27644],[3098,27516]],"size":[1,1],"rotations":[0,0]},{"id":13677,"name":"Trapdoor","type":22,"category":206,"actions":["Open","Remove-room","Remove"],"coordinates":[[3098,27544]],"size":[1,1],"rotations":[0]},{"id":26868,"name":"Pet list","type":10,"category":206,"actions":["Read","Remove"],"coordinates":[[3110,27548]],"size":[1,1],"rotations":[0]},{"id":26835,"name":"Tree","type":10,"category":206,"actions":["Remove"],"coordinates":[[3112,27536]],"size":[2,2],"rotations":[0]},{"id":26863,"name":"Arena","type":3,"category":206,"actions":["Remove"],"coordinates":[[3110,27532],[3110,27528],[3110,27524],[3114,27532],[3114,27524],[3118,27532],[3118,27524],[3122,27532],[3122,27528],[3122,27524]],"size":[1,1],"rotations":[0,0,0,0,0,0,0,0,0,0]},{"id":26866,"name":"Arena","type":22,"category":206,"actions":["Remove"],"coordinates":[[3114,27528],[3118,27528]],"size":[1,1],"rotations":[0,0]},{"id":4525,"name":"Portal","type":10,"category":206,"actions":["Enter","Lock","Remove board advert","Remove"],"coordinates":[[3120,27628],[3120,27500]],"size":[2,2],"rotations":[0,0]},{"id":26832,"name":"Nature house","type":10,"category":206,"actions":["View","Remove"],"coordinates":[[3124,27536]],"size":[2,2],"rotations":[0]},{"id":26872,"name":"Mahogany feeder","type":10,"category":206,"actions":["Remove"],"coordinates":[[3132,27520]],"size":[2,2],"rotations":[0]},{"id":26860,"name":"Mahogany scratching post","type":10,"category":763,"actions":["Remove"],"coordinates":[[3134,27544]],"size":[1,1],"rotations":[0]},{"id":29253,"name":"Otherworldly theme","type":10,"category":206,"actions":["Remove"],"coordinates":[[3140,27640],[3140,27512]],"size":[2,2],"rotations":[0,0]},{"id":29262,"name":"Redwood fence","type":2,"category":206,"actions":["Remove"],"coordinates":[[3138,27644],[3138,27640],[3138,27620],[3138,27616],[3138,27516],[3138,27512],[3138,27492],[3138,27488],[3142,27644],[3142,27616],[3142,27516],[3142,27488],[3162,27644],[3162,27616],[3162,27516],[3162,27488],[3166,27644],[3166,27640],[3166,27620],[3166,27616],[3166,27516],[3166,27512],[3166,27492],[3166,27488]],"size":[1,1],"rotations":[0,0,0,0,0,0,0,0,0,0,0,0,0,0,0,0,0,0,0,0,0,0,0,0]},{"id":29264,"name":"Redwood fence post","type":0,"category":206,"actions":["Remove"],"coordinates":[[3138,27636],[3138,27508],[3146,27616],[3146,27488],[3158,27644],[3158,27516],[3166,27624],[3166,27496]],"size":[1,1],"rotations":[0,0,0,0,0,0,0,0]},{"id":29263,"name":"Redwood fence post","type":0,"category":206,"actions":["Remove"],"coordinates":[[3138,27624],[3138,27496],[3146,27644],[3146,27516],[3158,27616],[3158,27488],[3166,27636],[3166,27508]],"size":[1,1],"rotations":[0,0,0,0,0,0,0,0]},{"id":29241,"name":"Ornate pool of Rejuvenation","type":10,"category":206,"actions":["Drink","Remove"],"coordinates":[[3140,27616],[3140,27488]],"size":[2,2],"rotations":[0,0]},{"id":13272,"name":"Statue","type":11,"category":206,"actions":["Remove"],"coordinates":[[3138,27612],[3138,27484]],"size":[1,1],"rotations":[0,0]},{"id":13273,"name":"Statue","type":11,"category":206,"actions":["Remove"],"coordinates":[[3138,27584],[3138,27456]],"size":[1,1],"rotations":[0,0]},{"id":13258,"name":"Decorative window","type":0,"category":206,"actions":["Remove"],"coordinates":[[3146,27612],[3146,27584],[3158,27612],[3158,27584],[3166,27604],[3166,27592]],"size":[1,1],"rotations":[0,0,0,0,0,0]},{"id":13267,"name":"Decorative window","type":0,"category":206,"actions":["Remove"],"coordinates":[[3146,27484],[3146,27456],[3158,27484],[3158,27456],[3166,27476],[3166,27464]],"size":[1,1],"rotations":[0,0,0,0,0,0]},{"id":13216,"name":"Organ","type":10,"category":206,"actions":["Play","Remove"],"coordinates":[[3150,27612],[3150,27484]],"size":[2,1],"rotations":[2,2]},{"id":29272,"name":"Gnome bench","type":10,"category":206,"actions":["Sit-on","Remove"],"coordinates":[[3158,27616],[3158,27488],[3166,27620],[3166,27492]],"size":[1,1],"rotations":[0,0,0,0]},{"id":13213,"name":"Incense burner","type":10,"category":206,"actions":["Re-light","Remove"],"coordinates":[[3158,27608],[3158,27588],[3158,27480],[3158,27460]],"size":[1,1],"rotations":[0,0,0,0]},{"id":13197,"name":"Altar","type":10,"category":206,"actions":["Pray","Remove"],"coordinates":[[3158,27600],[3158,27472]],"size":[2,1],"rotations":[1,1]},{"id":29234,"name":"Cerberus Topiary","type":10,"category":206,"actions":["Clip","Remove"],"coordinates":[[3164,27640],[3164,27512]],"size":[2,2],"rotations":[0,0]},{"id":29273,"name":"Gnome bench","type":10,"category":206,"actions":["Sit-on","Remove"],"coordinates":[[3162,27616],[3162,27488],[3166,27624],[3166,27496]],"size":[1,1],"rotations":[0,0,0,0]},{"id":13175,"name":"Icon of Saradomin","type":10,"category":206,"actions":["Remove"],"coordinates":[[3166,27600],[3166,27472]],"size":[2,1],"rotations":[1,1]}]