[{"id":49357,"name":"Nerve","type":10,"category":0,"actions":[],"coordinates":[[3342,24814],[3406,24630],[3434,24626],[3466,24750],[3546,24818]],"size":[1,1,95],"rotations":[0,0,0,0,0]},{"id":49359,"name":"Nerve","type":10,"category":0,"actions":[],"coordinates":[[3342,24802],[3354,24762],[3382,24654],[3502,24762]],"size":[1,1,177],"rotations":[0,0,0,0]},{"id":49364,"name":"Nerves","type":10,"category":0,"actions":[],"coordinates":[[3344,24798],[3364,24618],[3388,24630],[3404,24590],[3408,24806],[3468,24654],[3512,24726],[3548,24778],[3556,24586]],"size":[2,1,234],"rotations":[3,0,2,0,2,3,0,0,0]},{"id":49366,"name":"Nerve formation","type":10,"category":0,"actions":[],"coordinates":[[3348,24604],[3384,24792],[3464,24604]],"size":[2,2,389],"rotations":[0,0,0]},{"id":49415,"name":"Neural Teleporter","type":10,"category":1835,"actions":["Enter"],"coordinates":[[3354,24790]],"size":[3,1,539],"rotations":[2]},{"id":49354,"name":"Brain matter","type":10,"category":0,"actions":[],"coordinates":[[3350,24758]],"size":[1,1,79],"rotations":[0]},{"id":49411,"name":"Passage","type":10,"category":1834,"actions":["Enter"],"coordinates":[[3356,24744],[3392,24664]],"size":[2,2,192],"rotations":[0,0]},{"id":49436,"name":"Damaged Growth","type":10,"category":0,"actions":["Repair"],"coordinates":[[3354,24702],[3382,24738],[3382,24670],[3410,24702]],"size":[1,1,82],"rotations":[0,0,0,0]},{"id":49355,"name":"Brain matter","type":10,"category":0,"actions":[],"coordinates":[[3366,24790],[3382,24758],[3390,24618],[3450,24654],[3478,24670],[3542,24754],[3546,24738],[3562,24802]],"size":[1,1,47],"rotations":[0,0,0,0,0,0,0,0]},{"id":49433,"name":"Chest","type":10,"category":0,"actions":["Search"],"coordinates":[[3366,24630],[3406,24794],[3410,24638],[3478,24682],[3574,24770]],"size":[1,1,89],"rotations":[0,0,0,0,0]},{"id":49439,"name":"Fleshy growth","type":10,"category":0,"actions":["Inspect"],"coordinates":[[3382,24634]],"size":[1,1,1008],"rotations":[0]},{"id":49388,"name":"Vent","type":11,"category":0,"actions":[],"coordinates":[[3384,24600],[3428,24736],[3476,24720]],"size":[2,2,89],"rotations":[0,0,0]},{"id":49356,"name":"Brain matter","type":10,"category":0,"actions":[],"coordinates":[[3386,24618],[3422,24594],[3426,24766],[3446,24658],[3462,24770],[3486,24658],[3558,24650],[3574,24818]],"size":[1,1,95],"rotations":[0,0,0,0,0,0,0,0]},{"id":49414,"name":"Neural Teleporter","type":10,"category":1835,"actions":["Enter"],"coordinates":[[3394,24590]],"size":[3,1,539],"rotations":[2]},{"id":49361,"name":"Nerve","type":10,"category":0,"actions":[],"coordinates":[[3398,24750],[3406,24594],[3442,24738],[3446,24638],[3466,24658],[3466,24618],[3486,24630],[3490,24770],[3514,24622],[3570,24726]],"size":[1,1,177],"rotations":[0,0,0,0,0,0,0,0,0,0]},{"id":49365,"name":"Nerves","type":10,"category":0,"actions":[],"coordinates":[[3412,24598],[3448,24806],[3464,24694],[3464,24614],[3544,24814],[3576,24730]],"size":[2,1,234],"rotations":[3,1,1,3,1,3]},{"id":49363,"name":"Nerves","type":10,"category":0,"actions":[],"coordinates":[[3420,24778],[3428,24638],[3428,24590],[3488,24602],[3512,24614]],"size":[2,1,234],"rotations":[2,2,2,0,3]},{"id":49409,"name":"Fleshy Strand","type":10,"category":1833,"actions":["Exit","Quick-exit"],"coordinates":[[3422,24684]],"size":[1,2,456],"rotations":[2]},{"id":49362,"name":"Nerve","type":10,"category":0,"actions":[],"coordinates":[[3442,24806]],"size":[1,1,177],"rotations":[0]},{"id":49430,"name":"Skeleton","type":11,"category":1837,"actions":["Search"],"coordinates":[[3442,24670]],"size":[1,1,56],"rotations":[0]},{"id":49438,"name":"Crate","type":11,"category":0,"actions":["Search"],"coordinates":[[3448,24776]],"size":[2,2,132],"rotations":[0]},{"id":49368,"name":"Nerve formation","type":10,"category":0,"actions":[],"coordinates":[[3448,24736]],"size":[2,2,389],"rotations":[0]},{"id":49416,"name":"Neural Teleporter","type":10,"category":1835,"actions":["Enter"],"coordinates":[[3474,24602]],"size":[3,1,539],"rotations":[2]},{"id":49360,"name":"Nerves","type":10,"category":0,"actions":[],"coordinates":[[3488,24730],[3564,24754]],"size":[2,1,177],"rotations":[0,0]},{"id":49410,"name":"Passage","type":10,"category":1834,"actions":["Enter"],"coordinates":[[3496,24684],[3556,24720]],"size":[2,2,192],"rotations":[0,0]},{"id":49419,"name":"Passage","type":10,"category":0,"actions":[],"coordinates":[[3504,24604]],"size":[2,2,192],"rotations":[0]},{"id":49391,"name":"Abyssal Growth","type":10,"category":1832,"actions":["Touch"],"coordinates":[[3506,24662],[3506,24650],[3514,24694],[3518,24706],[3530,24670],[3542,24666],[3562,24694],[3562,24682]],"size":[1,1,82],"rotations":[0,0,0,0,0,0,0,0]},{"id":49412,"name":"Passage","type":10,"category":1834,"actions":["Enter"],"coordinates":[[3516,24784],[3536,24804]],"size":[2,2,192],"rotations":[0,0]},{"id":49426,"name":"Skeleton","type":10,"category":1837,"actions":["Search"],"coordinates":[[3514,24594]],"size":[1,1,67],"rotations":[0]},{"id":49407,"name":"Neural Gateway","type":10,"category":0,"actions":[],"coordinates":[[3532,24818],[3532,24798]],"size":[2,1,539],"rotations":[3,3]},{"id":49394,"name":"Abyssal Stem","type":10,"category":0,"actions":["Touch"],"coordinates":[[3534,24686]],"size":[1,1,243],"rotations":[0]},{"id":49420,"name":"Chest","type":10,"category":1836,"actions":["Search"],"coordinates":[[3542,24634]],"size":[1,1,89],"rotations":[0]},{"id":49427,"name":"Skeleton","type":10,"category":1837,"actions":["Search"],"coordinates":[[3554,24646]],"size":[1,1,99],"rotations":[0]},{"id":49423,"name":"Shipwreck","type":10,"category":0,"actions":["Burn"],"coordinates":[[3564,24608]],"size":[6,4,366],"rotations":[0]},{"id":49425,"name":"Crate","type":10,"category":0,"actions":["Search"],"coordinates":[[3568,24588]],"size":[2,2,132],"rotations":[0]},{"id":49367,"name":"Nerve formation","type":10,"category":0,"actions":[],"coordinates":[[3572,24756]],"size":[2,2,389],"rotations":[0]},{"id":49413,"name":"Neural Teleporter","type":10,"category":1835,"actions":["Enter"],"coordinates":[[3578,24814]],"size":[3,1,539],"rotations":[3]}]