[{"id":7398,"name":"Leafy tree","type":10,"category":0,"actions":[],"coordinates":[[3352,36468],[3368,36464]],"size":[2,2],"rotations":[0,0]},{"id":1371,"name":"Tropical tree","type":10,"category":0,"actions":[],"coordinates":[[3358,36460]],"size":[1,1],"rotations":[0]},{"id":1372,"name":"Tropical tree","type":10,"category":0,"actions":[],"coordinates":[[3358,36460]],"size":[1,1],"rotations":[0]},{"id":1375,"name":"Tropical tree","type":10,"category":0,"actions":[],"coordinates":[[3362,36476]],"size":[1,1],"rotations":[0]},{"id":1376,"name":"Tropical tree","type":10,"category":0,"actions":[],"coordinates":[[3362,36476]],"size":[1,1],"rotations":[0]}]