[{"id":817,"name":"Suit of armour","type":10,"category":0,"actions":[],"coordinates":[[3342,29160],[3342,29108],[3342,29064],[3342,29012],[3378,29148],[3378,29124],[3378,29052],[3378,29028]],"size":[1,1],"rotations":[0,0,0,0,0,0,0,0]},{"id":5555,"name":"Hanging tapestry","type":5,"category":0,"actions":[],"coordinates":[[3342,29144],[3342,29128],[3342,29048],[3342,29032],[3354,29104],[3354,29008],[3366,29104],[3366,29008]],"size":[1,1],"rotations":[0,0,0,0,0,0,0,0]},{"id":5791,"name":"Statue","type":10,"category":0,"actions":[],"coordinates":[[3342,29144],[3342,29128],[3342,29048],[3342,29032]],"size":[1,1],"rotations":[0,0,0,0]},{"id":24970,"name":"Fireplace","type":10,"category":152,"actions":[],"coordinates":[[3346,29128],[3346,29032]],"size":[1,3],"rotations":[0,0]},{"id":891,"name":"Landscape","type":5,"category":0,"actions":[],"coordinates":[[3346,29104],[3346,29008]],"size":[1,1],"rotations":[0,0]},{"id":12348,"name":"Door","type":0,"category":0,"actions":["Open"],"coordinates":[[3350,29164]],"size":[1,1],"rotations":[0]},{"id":12351,"name":"Barrier","type":10,"category":0,"actions":["Pass-through"],"coordinates":[[3350,29164]],"size":[1,1],"rotations":[0]},{"id":1543,"name":"Door","type":0,"category":0,"actions":["Open"],"coordinates":[[3350,29068]],"size":[1,1],"rotations":[0]},{"id":12318,"name":"Chair","type":10,"category":0,"actions":[],"coordinates":[[3354,29152]],"size":[1,1],"rotations":[0]},{"id":12330,"name":"Dwarf","type":10,"category":0,"actions":["Inspect"],"coordinates":[[3354,29144]],"size":[1,1],"rotations":[0]},{"id":12337,"name":"Pirate Pete","type":10,"category":0,"actions":["Inspect"],"coordinates":[[3354,29136]],"size":[1,1],"rotations":[0]},{"id":12332,"name":"General Bentnoze","type":10,"category":0,"actions":["Inspect"],"coordinates":[[3354,29128]],"size":[1,1],"rotations":[0]},{"id":12334,"name":"General Wartface","type":10,"category":0,"actions":["Inspect"],"coordinates":[[3354,29120]],"size":[1,1],"rotations":[0]},{"id":12313,"name":"Chair","type":10,"category":0,"actions":[],"coordinates":[[3354,29028]],"size":[1,1],"rotations":[0]},{"id":12317,"name":"Banquet table","type":10,"category":0,"actions":[],"coordinates":[[3360,29148],[3360,29052]],"size":[2,2],"rotations":[0,0]},{"id":12316,"name":"Banquet table","type":10,"category":0,"actions":[],"coordinates":[[3360,29140],[3360,29044]],"size":[2,2],"rotations":[0,0]},{"id":12315,"name":"Banquet table","type":10,"category":0,"actions":[],"coordinates":[[3360,29132],[3360,29036]],"size":[3,2],"rotations":[1,1]},{"id":12314,"name":"Banquet table","type":10,"category":0,"actions":[],"coordinates":[[3360,29120],[3360,29024]],"size":[2,2],"rotations":[0,0]},{"id":12343,"name":"Skrach Uglogwee","type":10,"category":0,"actions":["Inspect"],"coordinates":[[3360,29112]],"size":[2,2],"rotations":[0]},{"id":12347,"name":"Awowogei","type":10,"category":0,"actions":["Inspect"],"coordinates":[[3366,29152]],"size":[1,1],"rotations":[0]},{"id":12345,"name":"Sir Amik Varze","type":10,"category":0,"actions":["Inspect"],"coordinates":[[3366,29144]],"size":[1,1],"rotations":[0]},{"id":12341,"name":"Evil Dave","type":10,"category":0,"actions":["Inspect"],"coordinates":[[3366,29136]],"size":[1,1],"rotations":[0]},{"id":12339,"name":"Lumbridge Guide","type":10,"category":0,"actions":["Inspect"],"coordinates":[[3366,29128]],"size":[1,1],"rotations":[0]},{"id":12353,"name":"Barrier","type":10,"category":0,"actions":["Pass-through"],"coordinates":[[3374,29136]],"size":[1,1],"rotations":[0]},{"id":12352,"name":"Barrier","type":10,"category":0,"actions":["Pass-through"],"coordinates":[[3374,29132]],"size":[1,1],"rotations":[0]},{"id":890,"name":"Portrait","type":5,"category":0,"actions":[],"coordinates":[[3374,29104],[3374,29008]],"size":[1,1],"rotations":[0,0]},{"id":202,"name":"Candles","type":10,"category":0,"actions":[],"coordinates":[[3378,29160],[3378,29112],[3378,29064],[3378,29016]],"size":[1,1],"rotations":[0,0,0,0]},{"id":5556,"name":"Hanging tapestry","type":5,"category":0,"actions":[],"coordinates":[[3378,29152],[3378,29120],[3378,29056],[3378,29024]],"size":[1,1],"rotations":[0,0,0,0]},{"id":12350,"name":"Large door","type":0,"category":0,"actions":["Open"],"coordinates":[[3378,29136]],"size":[1,1],"rotations":[0]},{"id":12349,"name":"Large door","type":0,"category":0,"actions":["Open"],"coordinates":[[3378,29132]],"size":[1,1],"rotations":[0]},{"id":1524,"name":"Large door","type":0,"category":0,"actions":["Open"],"coordinates":[[3378,29040]],"size":[1,1],"rotations":[0]},{"id":1521,"name":"Large door","type":0,"category":0,"actions":["Open"],"coordinates":[[3378,29036]],"size":[1,1],"rotations":[0]}]