[{"id":892,"name":"Painting","type":4,"category":0,"actions":[],"coordinates":[[3342,29880]],"size":[1,1],"rotations":[0]},{"id":891,"name":"Landscape","type":4,"category":0,"actions":[],"coordinates":[[3350,29892],[3350,29872]],"size":[1,1],"rotations":[0,0]},{"id":20817,"name":"Door","type":0,"category":167,"actions":["Open"],"coordinates":[[3362,29920],[3362,29880]],"size":[1,1],"rotations":[0,0]},{"id":890,"name":"Portrait","type":5,"category":0,"actions":[],"coordinates":[[3362,29888]],"size":[1,1],"rotations":[0]},{"id":20827,"name":"Barrel","type":10,"category":0,"actions":[],"coordinates":[[3366,29892],[3374,29872],[3386,29936],[3394,29872],[3406,29876]],"size":[1,1],"rotations":[0,0,0,0,0]},{"id":20834,"name":"Sack Pile","type":10,"category":0,"actions":[],"coordinates":[[3366,29888],[3386,29872]],"size":[2,1],"rotations":[1,2]},{"id":20826,"name":"Rack of barrels","type":10,"category":0,"actions":[],"coordinates":[[3366,29872],[3370,29872],[3398,29872],[3402,29872],[3406,29872]],"size":[1,1],"rotations":[0,0,0,0,0]},{"id":20820,"name":"Crates","type":10,"category":0,"actions":[],"coordinates":[[3378,29936],[3382,29936],[3402,29936],[3406,29936]],"size":[1,1],"rotations":[0,0,0,0]},{"id":20835,"name":"Sack Pile","type":10,"category":0,"actions":[],"coordinates":[[3378,29872]],"size":[1,1],"rotations":[0]},{"id":20825,"name":"Junk","type":10,"category":0,"actions":[],"coordinates":[[3382,29872],[3406,29884]],"size":[1,1],"rotations":[0,0]},{"id":20811,"name":"Evil claw","type":10,"category":0,"actions":[],"coordinates":[[3386,29900]],"size":[1,1],"rotations":[0]},{"id":20813,"name":"Control panel","type":10,"category":0,"actions":["Use"],"coordinates":[[3386,29888]],"size":[1,1],"rotations":[0]},{"id":20828,"name":"Barrow","type":10,"category":0,"actions":[],"coordinates":[[3390,29936]],"size":[2,1],"rotations":[2]},{"id":20823,"name":"Crates","type":11,"category":0,"actions":[],"coordinates":[[3398,29936]],"size":[1,1],"rotations":[0]},{"id":20824,"name":"Cogs","type":10,"category":0,"actions":[],"coordinates":[[3402,29892],[3406,29888]],"size":[1,1],"rotations":[0,0]},{"id":20821,"name":"Crate","type":10,"category":0,"actions":[],"coordinates":[[3406,29880]],"size":[1,1],"rotations":[0]}]