[{"id":9766,"name":"Slave","type":10,"category":0,"actions":["Search"],"coordinates":[[3588,31872],[3596,31904],[3632,31868]],"size":[1,2],"rotations":[3,2,0]},{"id":8828,"name":"Rocks","type":10,"category":0,"actions":[],"coordinates":[[3590,31912],[3674,31892],[3714,31836],[3726,31828],[3734,31808],[3746,31836],[3750,31820],[3754,31832],[3754,31812]],"size":[1,1],"rotations":[0,0,0,0,0,0,0,0,0]},{"id":9764,"name":"Guard","type":10,"category":0,"actions":["Search"],"coordinates":[[3604,31868]],"size":[1,2],"rotations":[2]},{"id":9765,"name":"Guard","type":10,"category":0,"actions":["Search"],"coordinates":[[3608,31892]],"size":[1,2],"rotations":[0]},{"id":34963,"name":"Guard","type":10,"category":0,"actions":["Search"],"coordinates":[[3606,31860]],"size":[1,1],"rotations":[0]},{"id":9767,"name":"Slave","type":10,"category":0,"actions":["Search"],"coordinates":[[3612,31888]],"size":[1,2],"rotations":[0]},{"id":8830,"name":"Rocks","type":10,"category":0,"actions":[],"coordinates":[[3710,31816],[3722,31820],[3734,31812],[3742,31836],[3742,31812],[3750,31828],[3754,31828]],"size":[1,1],"rotations":[0,0,0,0,0,0,0]},{"id":8829,"name":"Rocks","type":10,"category":0,"actions":[],"coordinates":[[3718,31812],[3730,31816],[3734,31832],[3742,31824]],"size":[1,1],"rotations":[0,0,0,0]}]