[{"id":6203,"name":"Lamp","type":10,"category":0,"actions":[],"coordinates":[[3650,30600],[3650,30536],[3730,30600],[3730,30536]],"size":[1,1],"rotations":[0,0,0,0]},{"id":9141,"name":"Gate","type":0,"category":0,"actions":["Open"],"coordinates":[[3654,30552]],"size":[1,1],"rotations":[0]},{"id":6150,"name":"Anvil","type":10,"category":772,"actions":["Smith"],"coordinates":[[3658,30544],[3666,30544],[3674,30544]],"size":[1,1],"rotations":[0,0,0]},{"id":9138,"name":"Stairs","type":10,"category":0,"actions":["Climb-up"],"coordinates":[[3664,30600]],"size":[2,2],"rotations":[0]},{"id":9143,"name":"Sink","type":10,"category":0,"actions":["Fill-bucket"],"coordinates":[[3676,30600]],"size":[1,2],"rotations":[0]},{"id":9098,"name":"Melting Pot","type":10,"category":0,"actions":["Check"],"coordinates":[[3676,30572]],"size":[3,2],"rotations":[0]},{"id":9099,"name":"Smoke","type":10,"category":0,"actions":[],"coordinates":[[3676,30572]],"size":[3,2],"rotations":[0]},{"id":9116,"name":"Pipes","type":10,"category":0,"actions":[],"coordinates":[[3678,30584]],"size":[1,1],"rotations":[0]},{"id":9115,"name":"Smoke","type":10,"category":0,"actions":[],"coordinates":[[3678,30580]],"size":[2,1],"rotations":[0]},{"id":9101,"name":"Conveyor belt","type":10,"category":0,"actions":[],"coordinates":[[3678,30568],[3678,30564]],"size":[1,1],"rotations":[0,0]},{"id":9100,"name":"Conveyor belt","type":10,"category":0,"actions":["Put-ore-on"],"coordinates":[[3678,30560]],"size":[1,1],"rotations":[0]},{"id":9107,"name":"Drive belt","type":10,"category":0,"actions":[],"coordinates":[[3682,30568]],"size":[1,1],"rotations":[0]},{"id":9102,"name":"Drive belt","type":10,"category":0,"actions":[],"coordinates":[[3682,30560]],"size":[1,1],"rotations":[0]},{"id":6176,"name":"Boxes","type":10,"category":0,"actions":["Search"],"coordinates":[[3682,30540],[3686,30536],[3690,30532],[3734,30564]],"size":[1,1],"rotations":[0,0,0,0]},{"id":14395,"name":"Boxes","type":10,"category":0,"actions":[],"coordinates":[[3686,30604],[3686,30600],[3694,30604]],"size":[1,1],"rotations":[0,0,0]},{"id":9089,"name":"Temperature gauge","type":10,"category":0,"actions":["Read"],"coordinates":[[3686,30584]],"size":[1,1],"rotations":[0]},{"id":9108,"name":"Cogs","type":10,"category":0,"actions":[],"coordinates":[[3686,30568]],"size":[1,1],"rotations":[0]},{"id":9106,"name":"Gear box","type":10,"category":0,"actions":[],"coordinates":[[3686,30564]],"size":[2,1],"rotations":[0]},{"id":9104,"name":"Cogs","type":10,"category":0,"actions":[],"coordinates":[[3686,30560]],"size":[1,1],"rotations":[0]},{"id":6178,"name":"Crates","type":10,"category":0,"actions":[],"coordinates":[[3690,30604],[3734,30560]],"size":[1,1],"rotations":[0,0]},{"id":9120,"name":"Pipes","type":10,"category":0,"actions":[],"coordinates":[[3694,30584]],"size":[1,1],"rotations":[0]},{"id":9097,"name":"Pedals","type":10,"category":0,"actions":["Pedal"],"coordinates":[[3694,30564]],"size":[1,1],"rotations":[0]},{"id":26707,"name":"Bank chest","type":10,"category":237,"actions":["Use","Collect"],"coordinates":[[3698,30604]],"size":[1,1],"rotations":[0]},{"id":9123,"name":"Smoke","type":10,"category":0,"actions":[],"coordinates":[[3698,30584]],"size":[1,1],"rotations":[0]},{"id":9085,"name":"Stove","type":10,"category":1591,"actions":["Refuel"],"coordinates":[[3698,30576]],"size":[2,1],"rotations":[0]},{"id":6154,"name":"Shelves","type":10,"category":0,"actions":[],"coordinates":[[3698,30544],[3702,30540],[3710,30544],[3714,30540],[3722,30544],[3726,30596],[3726,30584],[3726,30540]],"size":[1,1],"rotations":[0,0,0,0,0,0,0,0]},{"id":6157,"name":"Shelves","type":10,"category":0,"actions":[],"coordinates":[[3698,30540],[3702,30544],[3722,30596],[3722,30572],[3726,30580]],"size":[1,1],"rotations":[0,0,0,0,0]},{"id":10529,"name":"Bank Deposit Box","type":11,"category":276,"actions":["Deposit"],"coordinates":[[3706,30604]],"size":[1,1],"rotations":[0]},{"id":9088,"name":"Coke","type":10,"category":0,"actions":["Collect"],"coordinates":[[3706,30572]],"size":[1,1],"rotations":[0]},{"id":6156,"name":"Shelves","type":10,"category":0,"actions":[],"coordinates":[[3710,30540],[3722,30592],[3722,30580],[3726,30568],[3726,30544]],"size":[1,1],"rotations":[0,0,0,0,0]},{"id":6155,"name":"Shelves","type":10,"category":0,"actions":[],"coordinates":[[3714,30544],[3722,30584],[3722,30568],[3722,30540],[3726,30592],[3726,30572]],"size":[1,1],"rotations":[0,0,0,0,0,0]},{"id":6196,"name":"Table","type":10,"category":155,"actions":[],"coordinates":[[3718,30532]],"size":[1,1],"rotations":[0]}]