[{"id":29141,"name":"Adventure log space","type":10,"category":207,"actions":["Build"],"coordinates":[[3620,27384]],"size":[2,2],"rotations":[0]},{"id":29143,"name":"Boss lair space","type":10,"category":207,"actions":["Build"],"coordinates":[[3622,27356]],"size":[3,3],"rotations":[0]},{"id":29144,"name":"Display space","type":10,"category":207,"actions":["Build"],"coordinates":[[3644,27360]],"size":[2,2],"rotations":[0]},{"id":13830,"name":"Window","type":0,"category":0,"actions":[],"coordinates":[[3682,27380],[3682,27368],[3690,27388],[3690,27360],[3702,27388],[3702,27360],[3710,27380],[3710,27368]],"size":[1,1],"rotations":[0,0,0,0,0,0,0,0]},{"id":33351,"name":"Curtain space","type":5,"category":207,"actions":["Build"],"coordinates":[[3682,27380],[3682,27368],[3690,27388],[3690,27360],[3702,27388],[3702,27360],[3710,27380],[3710,27368]],"size":[1,1],"rotations":[0,0,0,0,0,0,0,0]},{"id":33346,"name":"Portal Nexus space","type":10,"category":207,"actions":["Build"],"coordinates":[[3696,27372]],"size":[2,2],"rotations":[0]},{"id":41030,"name":"Statue space","type":11,"category":207,"actions":["Build"],"coordinates":[[3748,27384]],"size":[2,2],"rotations":[0]},{"id":41028,"name":"Banner stand space","type":11,"category":207,"actions":["Build"],"coordinates":[[3746,27360]],"size":[1,1],"rotations":[0]},{"id":41024,"name":"Pedestal space","type":10,"category":207,"actions":["Build"],"coordinates":[[3752,27360]],"size":[2,2],"rotations":[0]},{"id":41025,"name":"Pedestal space","type":10,"category":207,"actions":["Build"],"coordinates":[[3760,27360]],"size":[2,2],"rotations":[0]},{"id":41026,"name":"Pedestal space","type":10,"category":207,"actions":["Build"],"coordinates":[[3768,27360]],"size":[2,2],"rotations":[0]},{"id":41027,"name":"Trophy case space","type":11,"category":207,"actions":["Build"],"coordinates":[[3772,27384]],"size":[2,2],"rotations":[0]},{"id":41029,"name":"Outfit stand space","type":11,"category":207,"actions":["Build"],"coordinates":[[3774,27360]],"size":[1,1],"rotations":[0]}]