[{"id":9519,"name":"Barrel","type":10,"category":0,"actions":[],"coordinates":[[3946,31136],[3954,31132],[3954,31128],[3990,31128],[3998,31120]],"size":[1,1],"rotations":[0,0,0,0,0]},{"id":252,"name":"Ship's wheel","type":10,"category":0,"actions":[],"coordinates":[[3946,31128]],"size":[1,1],"rotations":[0]},{"id":4060,"name":"Ship's ladder","type":10,"category":0,"actions":["Climb-up"],"coordinates":[[3954,31124],[3990,31132]],"size":[1,1],"rotations":[0,0]},{"id":969,"name":"Fishing net","type":4,"category":0,"actions":[],"coordinates":[[3954,31116],[3958,31140],[3958,31116],[3962,31116],[3970,31140],[3974,31140],[3974,31116],[3978,31140],[3978,31116],[3986,31140]],"size":[1,1],"rotations":[0,0,0,0,0,0,0,0,0,0]},{"id":255,"name":"Winch","type":10,"category":0,"actions":["Operate"],"coordinates":[[3990,31124]],"size":[1,1],"rotations":[0]},{"id":41410,"name":"Axes","type":10,"category":0,"actions":["Take"],"coordinates":[[3994,31120]],"size":[1,1],"rotations":[0]},{"id":41408,"name":"Bailing buckets","type":10,"category":0,"actions":["Take","Take-5","Take-10","Take-X"],"coordinates":[[3998,31136]],"size":[1,1],"rotations":[0]},{"id":41409,"name":"Hammers","type":10,"category":0,"actions":["Take"],"coordinates":[[4002,31136]],"size":[1,1],"rotations":[0]}]