[{"id":49362,"name":"Nerve","type":10,"category":0,"actions":[],"coordinates":[[4098,24692],[4138,24672]],"size":[1,1],"rotations":[0,0]},{"id":49355,"name":"Brain matter","type":11,"category":0,"actions":[],"coordinates":[[4098,24660],[4126,24704]],"size":[1,1],"rotations":[0,0]},{"id":49361,"name":"Nerve","type":11,"category":0,"actions":[],"coordinates":[[4102,24692]],"size":[1,1],"rotations":[0]},{"id":49342,"name":"Fire","type":10,"category":152,"actions":[],"coordinates":[[4104,24664]],"size":[2,2],"rotations":[0]},{"id":49363,"name":"Nerves","type":10,"category":0,"actions":[],"coordinates":[[4114,24680]],"size":[2,1],"rotations":[3]},{"id":49360,"name":"Nerves","type":11,"category":0,"actions":[],"coordinates":[[4118,24676],[4142,24692],[4142,24680]],"size":[2,1],"rotations":[2,1,2]},{"id":49343,"name":"Broken Pillar","type":11,"category":0,"actions":[],"coordinates":[[4118,24672]],"size":[1,1],"rotations":[0]},{"id":49365,"name":"Nerves","type":10,"category":0,"actions":[],"coordinates":[[4118,24652]],"size":[2,1],"rotations":[2]},{"id":49364,"name":"Nerves","type":11,"category":0,"actions":[],"coordinates":[[4122,24700]],"size":[2,1],"rotations":[0]},{"id":49358,"name":"Nerve","type":10,"category":0,"actions":[],"coordinates":[[4122,24696],[4142,24672]],"size":[1,1],"rotations":[0,0]},{"id":49356,"name":"Brain matter","type":10,"category":0,"actions":[],"coordinates":[[4122,24692],[4134,24660],[4150,24680]],"size":[1,1],"rotations":[0,0,0]},{"id":49388,"name":"Vent","type":10,"category":0,"actions":[],"coordinates":[[4128,24704],[4136,24664]],"size":[2,2],"rotations":[0,0]},{"id":49354,"name":"Brain matter","type":11,"category":0,"actions":[],"coordinates":[[4130,24712],[4130,24660]],"size":[1,1],"rotations":[0,0]},{"id":49368,"name":"Nerve formation","type":10,"category":0,"actions":[],"coordinates":[[4144,24672]],"size":[2,2],"rotations":[0]},{"id":49357,"name":"Nerve","type":10,"category":0,"actions":[],"coordinates":[[4146,24700]],"size":[1,1],"rotations":[0]},{"id":49212,"name":"Rowboat","type":10,"category":0,"actions":["Travel"],"coordinates":[[4170,24676]],"size":[2,3],"rotations":[2]}]