[{"id":13873,"name":"Signpost","type":11,"category":0,"actions":["Read"],"coordinates":[[4118,30256]],"size":[1,1],"rotations":[0]},{"id":13842,"name":"Ripples","type":10,"category":0,"actions":[],"coordinates":[[4158,30276]],"size":[4,5],"rotations":[0]},{"id":13840,"name":"Spiny bush","type":10,"category":0,"actions":[],"coordinates":[[4156,30416]],"size":[2,2],"rotations":[0]},{"id":13850,"name":"Swamp tree","type":10,"category":0,"actions":[],"coordinates":[[4234,30372],[4246,30368]],"size":[3,3],"rotations":[0,0]},{"id":1365,"name":"Dead tree","type":10,"category":189,"actions":["Chop down"],"coordinates":[[4230,30284],[4234,30276],[4238,30288]],"size":[1,1],"rotations":[0,0,0]},{"id":13843,"name":"Swamp tree","type":10,"category":0,"actions":[],"coordinates":[[4238,30360],[4286,30364]],"size":[3,3],"rotations":[0,0]},{"id":13844,"name":"Swamp tree","type":10,"category":0,"actions":[],"coordinates":[[4238,30360],[4286,30364]],"size":[3,3],"rotations":[0,0]},{"id":1364,"name":"Roots","type":10,"category":0,"actions":[],"coordinates":[[4246,30408],[4258,30284]],"size":[3,3],"rotations":[0,0]},{"id":1367,"name":"Roots","type":10,"category":0,"actions":[],"coordinates":[[4242,30288],[4254,30408],[4266,30248]],"size":[1,1],"rotations":[0,0,0]},{"id":5331,"name":"Plant","type":10,"category":0,"actions":[],"coordinates":[[4248,30396]],"size":[2,2],"rotations":[0]},{"id":13845,"name":"Swamp tree branch","type":10,"category":0,"actions":[],"coordinates":[[4248,30368],[4280,30368]],"size":[1,2],"rotations":[0,2]},{"id":1368,"name":"Roots","type":10,"category":0,"actions":[],"coordinates":[[4246,30292]],"size":[1,1],"rotations":[0]},{"id":5334,"name":"Plant","type":10,"category":0,"actions":[],"coordinates":[[4250,30404],[4258,30384],[4282,30400]],"size":[1,1],"rotations":[0,0,0]},{"id":5332,"name":"Plant","type":10,"category":0,"actions":[],"coordinates":[[4254,30400]],"size":[1,1],"rotations":[0]},{"id":1366,"name":"Roots","type":10,"category":0,"actions":[],"coordinates":[[4258,30404],[4270,30288],[4274,30244]],"size":[1,1],"rotations":[0,0,0]},{"id":13847,"name":"Swamp tree","type":10,"category":0,"actions":["Cut-vine"],"coordinates":[[4290,30376]],"size":[3,3],"rotations":[0]}]