[{"id":1122,"name":"Bush","type":10,"category":0,"actions":[],"coordinates":[[4504,36868]],"size":[2,2],"rotations":[0]},{"id":260,"name":"Figurehead","type":10,"category":0,"actions":[],"coordinates":[[4510,37092]],"size":[2,1],"rotations":[0]},{"id":1391,"name":"Plant","type":10,"category":0,"actions":[],"coordinates":[[4532,36876],[4576,36908],[4596,36940]],"size":[2,2],"rotations":[0,0,0]},{"id":1393,"name":"Plant","type":10,"category":0,"actions":[],"coordinates":[[4530,36868],[4534,36884],[4550,36884],[4578,36944]],"size":[1,1],"rotations":[0,0,0,0]},{"id":34948,"name":"Gangplank","type":10,"category":0,"actions":["Cross"],"coordinates":[[4534,37104]],"size":[1,1],"rotations":[0]},{"id":36672,"name":"Tree","type":10,"category":189,"actions":["Chop down"],"coordinates":[[4536,36864],[4560,36904],[4560,36868],[4564,36980],[4572,37024],[4572,36964],[4576,37044],[4576,37004],[4576,36992],[4576,36920],[4576,36880],[4576,36864],[4580,37092],[4580,37068],[4592,37012],[4592,36972],[4592,36892],[4596,37048],[4596,36932],[4600,37076],[4600,36908],[4600,36872]],"size":[2,2],"rotations":[0,0,0,0,0,0,0,0,0,0,0,0,0,0,0,0,0,0,0,0,0,0]},{"id":36674,"name":"Tree","type":10,"category":189,"actions":["Chop down"],"coordinates":[[4542,36876],[4558,36888],[4574,37008],[4574,36884],[4578,37052],[4578,36928],[4590,36952],[4594,37028],[4594,36856],[4598,37080],[4598,36916],[4602,36880]],"size":[3,3],"rotations":[0,0,0,0,0,0,0,0,0,0,0,0]},{"id":3917,"name":"Mushroom","type":10,"category":0,"actions":[],"coordinates":[[4538,36876],[4546,36864],[4558,36888],[4562,36876],[4578,36916],[4578,36888],[4590,36928],[4590,36888],[4598,36896]],"size":[1,1],"rotations":[0,0,0,0,0,0,0,0,0]},{"id":3886,"name":"Tree","type":10,"category":0,"actions":[],"coordinates":[[4542,36892],[4542,36864],[4558,36864],[4570,36884],[4570,36868],[4574,36876],[4578,36872],[4582,36864],[4586,36864],[4590,36872],[4594,36888],[4594,36876],[4602,36868]],"size":[1,1],"rotations":[0,0,0,0,0,0,0,0,0,0,0,0,0]},{"id":33638,"name":"Bush","type":10,"category":0,"actions":[],"coordinates":[[4546,36868],[4554,36904],[4554,36888],[4566,36880],[4574,36916],[4590,36920],[4590,36880],[4602,36916]],"size":[1,1],"rotations":[0,0,0,0,0,0,0,0]},{"id":1392,"name":"Plant","type":10,"category":0,"actions":[],"coordinates":[[4552,36868]],"size":[2,2],"rotations":[0]},{"id":1394,"name":"Plant","type":10,"category":0,"actions":[],"coordinates":[[4572,36984],[4576,36956],[4584,37084]],"size":[2,2],"rotations":[0,0,0]},{"id":3915,"name":"Mushroom","type":10,"category":0,"actions":[],"coordinates":[[4574,36900],[4578,36900]],"size":[1,1],"rotations":[0,0]},{"id":36595,"name":"Statue","type":10,"category":0,"actions":[],"coordinates":[[4578,36876]],"size":[1,1],"rotations":[0]},{"id":36593,"name":"Cenotaph","type":10,"category":0,"actions":[],"coordinates":[[4584,36868]],"size":[2,2],"rotations":[0]},{"id":36596,"name":"Statue","type":10,"category":0,"actions":[],"coordinates":[[4590,36876]],"size":[1,1],"rotations":[0]},{"id":11933,"name":"Rockslide","type":10,"category":0,"actions":[],"coordinates":[[4596,36996],[4600,36960],[4600,36952],[4604,37104],[4604,37092],[4604,37072],[4604,37064],[4604,37036],[4604,37028],[4604,37000],[4604,36992]],"size":[2,2],"rotations":[0,0,0,0,0,0,0,0,0,0,0]},{"id":11934,"name":"Rockslide","type":10,"category":0,"actions":[],"coordinates":[[4600,36984],[4604,37020],[4604,36976],[4608,36984]],"size":[2,2],"rotations":[0,0,0,0]},{"id":3916,"name":"Mushrooms","type":10,"category":0,"actions":[],"coordinates":[[4606,36908]],"size":[1,1],"rotations":[0]}]