[{"id":12590,"name":"Rocks","type":10,"category":0,"actions":[],"coordinates":[[4360,30116],[4436,30184],[4580,30160]],"size":[2,2],"rotations":[0,0,0]},{"id":12588,"name":"Rock","type":10,"category":0,"actions":[],"coordinates":[[4368,30080],[4384,30140],[4476,30192],[4532,30176],[4600,30140]],"size":[2,2],"rotations":[0,0,0,0,0]},{"id":12589,"name":"Rock","type":10,"category":0,"actions":[],"coordinates":[[4370,30072],[4394,30140],[4434,30180],[4538,30180],[4574,30164]],"size":[1,1],"rotations":[0,0,0,0,0]},{"id":5604,"name":"Rock","type":10,"category":0,"actions":[],"coordinates":[[4376,29964],[4416,30016],[4424,29976],[4504,29960],[4584,30000],[4588,30036]],"size":[2,2],"rotations":[0,0,0,0,0,0]},{"id":5605,"name":"Rock","type":10,"category":0,"actions":[],"coordinates":[[4378,30016],[4390,29976],[4398,30036],[4422,30012],[4426,29972],[4466,29964],[4494,29960],[4566,29968],[4586,29992]],"size":[1,1],"rotations":[0,0,0,0,0,0,0,0,0]},{"id":10139,"name":"Palm tree","type":10,"category":0,"actions":[],"coordinates":[[4384,30108],[4404,30108],[4432,30112],[4448,30128],[4456,30144],[4460,30164],[4576,30120]],"size":[2,2],"rotations":[0,0,0,0,0,0,0]},{"id":1392,"name":"Plant","type":10,"category":0,"actions":[],"coordinates":[[4384,30096],[4464,30112],[4552,30164],[4568,30096],[4592,30124]],"size":[2,2],"rotations":[0,0,0,0,0]},{"id":10140,"name":"Palm tree","type":10,"category":0,"actions":[],"coordinates":[[4384,30076],[4420,30096],[4448,30112],[4464,30128],[4484,30168],[4588,30112]],"size":[2,2],"rotations":[0,0,0,0,0,0]},{"id":10174,"name":"Pirate Sign","type":11,"category":0,"actions":[],"coordinates":[[4382,30040],[4478,30152],[4478,30136],[4486,30148],[4490,30140],[4502,30144],[4534,30148],[4542,30148],[4546,30136]],"size":[1,1],"rotations":[0,0,0,0,0,0,0,0,0]},{"id":10161,"name":"Boxes","type":10,"category":0,"actions":[],"coordinates":[[4382,30036],[4470,30024],[4490,30060],[4490,30052],[4514,30032],[4522,30060],[4526,30060],[4558,30008],[4562,30012],[4562,30004]],"size":[1,1],"rotations":[0,0,0,0,0,0,0,0,0,0]},{"id":10160,"name":"Crates","type":10,"category":0,"actions":[],"coordinates":[[4382,30032],[4486,30060],[4518,30032],[4526,30056],[4562,30008]],"size":[1,1],"rotations":[0,0,0,0,0]},{"id":10172,"name":"Gate","type":0,"category":0,"actions":["Open"],"coordinates":[[4386,30036]],"size":[1,1],"rotations":[0]},{"id":10158,"name":"Brewer's Barrel","type":10,"category":0,"actions":[],"coordinates":[[4390,30036],[4462,30044],[4462,30040],[4466,30044],[4466,30040],[4490,30056],[4498,30004],[4506,30004],[4522,30056],[4522,30044],[4538,30040],[4554,30028],[4558,30024]],"size":[1,1],"rotations":[0,0,0,0,0,0,0,0,0,0,0,0,0]},{"id":10159,"name":"Crate","type":10,"category":0,"actions":[],"coordinates":[[4390,30032],[4482,30060],[4514,30036],[4518,30036],[4530,30056],[4558,30004]],"size":[1,1],"rotations":[0,0,0,0,0,0]},{"id":10141,"name":"Palm tree","type":10,"category":0,"actions":[],"coordinates":[[4396,30092],[4396,30072],[4416,30080],[4440,30088],[4504,30168],[4580,30132]],"size":[2,2],"rotations":[0,0,0,0,0,0]},{"id":1391,"name":"Plant","type":10,"category":0,"actions":[],"coordinates":[[4404,30056],[4472,30160],[4588,30096]],"size":[2,2],"rotations":[0,0,0]},{"id":1393,"name":"Plant","type":10,"category":0,"actions":[],"coordinates":[[4414,30120],[4430,30100],[4462,30156],[4566,30132],[4578,30112],[4598,30116]],"size":[1,1],"rotations":[0,0,0,0,0,0]},{"id":10136,"name":"Wooden Stair","type":10,"category":0,"actions":["Climb-up"],"coordinates":[[4426,30040],[4458,30064],[4506,30064],[4514,29980],[4562,30064]],"size":[1,3],"rotations":[2,1,1,3,1]},{"id":5606,"name":"Rock","type":10,"category":0,"actions":[],"coordinates":[[4424,30000],[4472,29960],[4544,29968],[4588,29980]],"size":[2,2],"rotations":[0,0,0,0]},{"id":1394,"name":"Plant","type":10,"category":0,"actions":[],"coordinates":[[4436,30128],[4456,30100],[4572,30144]],"size":[2,2],"rotations":[0,0,0]},{"id":10167,"name":"Ladder","type":10,"category":0,"actions":["Climb-up"],"coordinates":[[4462,30008]],"size":[1,1],"rotations":[0]},{"id":10103,"name":"Trashed Patch","type":10,"category":0,"actions":["Inspect"],"coordinates":[[4476,30148],[4476,30136],[4488,30148],[4488,30136],[4500,30148],[4500,30136],[4532,30148],[4532,30136],[4544,30148],[4544,30136],[4556,30136]],"size":[2,2],"rotations":[0,0,0,0,0,0,0,0,0,0,0]},{"id":327,"name":"Broken cart wheel","type":10,"category":0,"actions":[],"coordinates":[[4478,30140]],"size":[1,1],"rotations":[0]},{"id":10162,"name":"Cupboard","type":10,"category":0,"actions":["Open"],"coordinates":[[4536,30052]],"size":[1,2],"rotations":[1]},{"id":10138,"name":"Row boat","type":10,"category":0,"actions":[],"coordinates":[[4554,29952]],"size":[3,3],"rotations":[0]}]