[{"id":1286,"name":"Dead tree","type":11,"category":189,"actions":["Chop down"],"coordinates":[[4422,30372],[4426,30308],[4430,30380],[4438,30368],[4454,30416],[4462,30416],[4466,30408],[4470,30368],[4494,30404],[4494,30332]],"size":[1,1],"rotations":[0,0,0,0,0,0,0,0,0,0]},{"id":1289,"name":"Dead tree","type":11,"category":189,"actions":["Chop down"],"coordinates":[[4422,30360],[4426,30356],[4486,30412],[4494,30424],[4518,30408],[4522,30356]],"size":[1,1],"rotations":[0,0,0,0,0,0]},{"id":3794,"name":"Grass","type":11,"category":0,"actions":[],"coordinates":[[4426,30376],[4430,30412],[4438,30364],[4458,30340],[4458,30320],[4462,30408],[4474,30384],[4478,30352],[4498,30400],[4522,30380]],"size":[1,1],"rotations":[0,0,0,0,0,0,0,0,0,0]},{"id":1283,"name":"Dead tree","type":11,"category":189,"actions":["Chop down"],"coordinates":[[4432,30348],[4460,30340],[4472,30332],[4484,30344],[4500,30380],[4504,30368],[4504,30352],[4520,30344],[4524,30396],[4524,30360],[4524,30348]],"size":[2,2],"rotations":[0,0,0,0,0,0,0,0,0,0,0]},{"id":1661,"name":"Bricks","type":10,"category":0,"actions":[],"coordinates":[[4434,30372],[4502,30396]],"size":[1,1],"rotations":[0,0]},{"id":1282,"name":"Dead tree","type":11,"category":189,"actions":["Chop down"],"coordinates":[[4448,30396],[4456,30372],[4464,30392],[4484,30320],[4492,30340],[4500,30388]],"size":[2,2],"rotations":[0,0,0,0,0,0]},{"id":1662,"name":"Bricks","type":11,"category":0,"actions":[],"coordinates":[[4446,30380],[4466,30400],[4490,30392],[4490,30388]],"size":[1,1],"rotations":[0,0,0,0]},{"id":1284,"name":"Dead tree","type":11,"category":189,"actions":["Chop down"],"coordinates":[[4452,30348],[4472,30324],[4496,30356],[4508,30412]],"size":[2,2],"rotations":[0,0,0,0]},{"id":4062,"name":"Shelf","type":4,"category":0,"actions":["Search"],"coordinates":[[4454,30400]],"size":[1,1],"rotations":[0]},{"id":1089,"name":"Smashed chair","type":10,"category":0,"actions":[],"coordinates":[[4458,30408]],"size":[1,1],"rotations":[0]},{"id":4064,"name":"Smashed table","type":10,"category":0,"actions":["Search"],"coordinates":[[4458,30404]],"size":[1,1],"rotations":[0]},{"id":422,"name":"Bed","type":10,"category":0,"actions":[],"coordinates":[[4464,30360],[4480,30328]],"size":[1,2],"rotations":[1,0]},{"id":1535,"name":"Door","type":9,"category":0,"actions":["Open"],"coordinates":[[4466,30356],[4482,30340],[4506,30360]],"size":[1,1],"rotations":[0,0,0]},{"id":1365,"name":"Dead tree","type":11,"category":189,"actions":["Chop down"],"coordinates":[[4486,30428],[4494,30416],[4530,30412]],"size":[1,1],"rotations":[0,0,0]},{"id":356,"name":"Crate","type":11,"category":0,"actions":["Search"],"coordinates":[[4486,30336]],"size":[1,1],"rotations":[0]},{"id":1663,"name":"Bricks","type":10,"category":0,"actions":[],"coordinates":[[4502,30404]],"size":[1,1],"rotations":[0]},{"id":4063,"name":"Sink","type":10,"category":175,"actions":[],"coordinates":[[4512,30360]],"size":[1,2],"rotations":[3]},{"id":423,"name":"Bed","type":10,"category":0,"actions":[],"coordinates":[[4514,30344]],"size":[2,3],"rotations":[1]},{"id":355,"name":"Crate","type":11,"category":0,"actions":["Search"],"coordinates":[[4518,30364]],"size":[1,1],"rotations":[0]},{"id":1088,"name":"Chair","type":11,"category":0,"actions":[],"coordinates":[[4518,30360]],"size":[1,1],"rotations":[0]}]