[{"id":49408,"name":"Passage","type":10,"category":1833,"actions":["Exit","Quick-exit"],"coordinates":[[4616,24588]],"size":[1,2],"rotations":[2]},{"id":49416,"name":"Neural Teleporter","type":10,"category":1835,"actions":["Enter"],"coordinates":[[4618,24820]],"size":[3,1],"rotations":[1]},{"id":49433,"name":"Chest","type":10,"category":0,"actions":["Search"],"coordinates":[[4618,24612],[4630,24756],[4754,24712],[4794,24584],[4854,24636]],"size":[1,1],"rotations":[0,0,0,0,0]},{"id":49361,"name":"Nerve","type":10,"category":0,"actions":[],"coordinates":[[4618,24584],[4622,24648],[4630,24640],[4638,24740],[4682,24724],[4738,24812],[4826,24596],[4838,24760],[4842,24652]],"size":[1,1],"rotations":[0,0,0,0,0,0,0,0,0]},{"id":49367,"name":"Nerve formation","type":10,"category":0,"actions":[],"coordinates":[[4624,24780],[4632,24736]],"size":[2,2],"rotations":[0,0]},{"id":49365,"name":"Nerves","type":10,"category":0,"actions":[],"coordinates":[[4622,24600],[4626,24656],[4678,24800],[4742,24812],[4798,24600]],"size":[2,1],"rotations":[0,3,1,1,0]},{"id":49362,"name":"Nerve","type":10,"category":0,"actions":[],"coordinates":[[4626,24788],[4646,24816],[4778,24796]],"size":[1,1],"rotations":[0,0,0]},{"id":49366,"name":"Nerve formation","type":10,"category":0,"actions":[],"coordinates":[[4628,24644],[4632,24596],[4684,24800],[4736,24728],[4804,24592]],"size":[2,2],"rotations":[0,0,0,0,0]},{"id":49355,"name":"Brain matter","type":10,"category":0,"actions":[],"coordinates":[[4630,24820],[4642,24792],[4646,24764],[4666,24628],[4714,24736],[4718,24600],[4786,24620],[4822,24760]],"size":[1,1],"rotations":[0,0,0,0,0,0,0,0]},{"id":49414,"name":"Neural Teleporter","type":10,"category":1835,"actions":["Enter"],"coordinates":[[4630,24732]],"size":[3,1],"rotations":[1]},{"id":49364,"name":"Nerves","type":10,"category":0,"actions":[],"coordinates":[[4642,24820],[4742,24728],[4770,24628],[4790,24788]],"size":[2,1],"rotations":[2,0,3,3]},{"id":49363,"name":"Nerves","type":10,"category":0,"actions":[],"coordinates":[[4646,24704],[4686,24728],[4774,24720],[4854,24600]],"size":[2,1],"rotations":[2,1,3,3]},{"id":49357,"name":"Nerve","type":10,"category":0,"actions":[],"coordinates":[[4646,24684],[4654,24804],[4662,24608],[4734,24620],[4798,24632]],"size":[1,1],"rotations":[0,0,0,0,0]},{"id":49368,"name":"Nerve formation","type":10,"category":0,"actions":[],"coordinates":[[4652,24816]],"size":[2,2],"rotations":[0]},{"id":49220,"name":"Debris","type":11,"category":0,"actions":[],"coordinates":[[4650,24644],[4658,24624],[4666,24632]],"size":[1,1],"rotations":[0,0,0]},{"id":49432,"name":"Skeleton","type":11,"category":0,"actions":[],"coordinates":[[4650,24636],[4734,24796],[4770,24808]],"size":[1,1],"rotations":[0,0,0]},{"id":49356,"name":"Brain matter","type":10,"category":0,"actions":[],"coordinates":[[4650,24584],[4654,24668],[4802,24668],[4854,24812]],"size":[1,1],"rotations":[0,0,0,0]},{"id":49360,"name":"Nerves","type":10,"category":0,"actions":[],"coordinates":[[4654,24728],[4654,24708],[4762,24784],[4794,24648],[4834,24772],[4838,24656]],"size":[2,1],"rotations":[0,1,1,3,0,0]},{"id":49222,"name":"Tent","type":11,"category":0,"actions":[],"coordinates":[[4660,24628]],"size":[4,4],"rotations":[0]},{"id":49388,"name":"Vent","type":11,"category":0,"actions":[],"coordinates":[[4664,24728],[4792,24800],[4820,24596]],"size":[2,2],"rotations":[0,0,0]},{"id":49438,"name":"Crate","type":11,"category":0,"actions":["Search"],"coordinates":[[4664,24620]],"size":[2,2],"rotations":[0]},{"id":49411,"name":"Passage","type":10,"category":1834,"actions":["Enter"],"coordinates":[[4668,24776],[4740,24776]],"size":[2,2],"rotations":[0,0]},{"id":49359,"name":"Nerve","type":10,"category":0,"actions":[],"coordinates":[[4674,24796],[4690,24800],[4750,24600],[4794,24604]],"size":[1,1],"rotations":[0,0,0,0]},{"id":49185,"name":"Nerve Ending (Fire)","type":10,"category":1807,"actions":["Break"],"coordinates":[[4678,24768],[4706,24800]],"size":[1,1],"rotations":[0,0]},{"id":49186,"name":"Nerve Ending (Mind)","type":10,"category":1807,"actions":["Break"],"coordinates":[[4682,24788],[4726,24796],[4726,24784]],"size":[1,1],"rotations":[0,0,0]},{"id":49183,"name":"Nerve Ending (Air)","type":10,"category":1807,"actions":["Break"],"coordinates":[[4686,24756],[4730,24764]],"size":[1,1],"rotations":[0,0]},{"id":49410,"name":"Passage","type":10,"category":1834,"actions":["Enter"],"coordinates":[[4692,24608]],"size":[2,2],"rotations":[0]},{"id":49182,"name":"Nerve Ending (Earth)","type":10,"category":1807,"actions":["Break"],"coordinates":[[4698,24784],[4722,24752]],"size":[1,1],"rotations":[0,0]},{"id":49184,"name":"Nerve Ending (Water)","type":10,"category":1807,"actions":["Break"],"coordinates":[[4714,24788],[4722,24772]],"size":[1,1],"rotations":[0,0]},{"id":49201,"name":"Crate","type":10,"category":0,"actions":["Search"],"coordinates":[[4720,24804]],"size":[2,2],"rotations":[0]},{"id":49354,"name":"Brain matter","type":10,"category":0,"actions":[],"coordinates":[[4746,24760],[4758,24808],[4774,24820],[4838,24608]],"size":[1,1],"rotations":[0,0,0,0]},{"id":49179,"name":"Abyssal Tether","type":10,"category":0,"actions":["Destroy"],"coordinates":[[4746,24696]],"size":[1,1],"rotations":[0]},{"id":49436,"name":"Damaged Growth","type":10,"category":0,"actions":["Repair"],"coordinates":[[4782,24688],[4786,24736],[4830,24736],[4834,24688]],"size":[1,1],"rotations":[0,0,0,0]},{"id":49419,"name":"Passage","type":10,"category":0,"actions":[],"coordinates":[[4788,24816]],"size":[2,2],"rotations":[0]},{"id":49426,"name":"Skeleton","type":10,"category":1837,"actions":["Search"],"coordinates":[[4790,24772]],"size":[1,1],"rotations":[0]},{"id":49427,"name":"Skeleton","type":10,"category":1837,"actions":["Search"],"coordinates":[[4798,24820]],"size":[1,1],"rotations":[0]},{"id":49412,"name":"Passage","type":10,"category":1834,"actions":["Enter"],"coordinates":[[4808,24740]],"size":[2,2],"rotations":[0]},{"id":49430,"name":"Skeleton","type":10,"category":1837,"actions":["Search"],"coordinates":[[4814,24644]],"size":[1,1],"rotations":[0]},{"id":49439,"name":"Fleshy growth","type":10,"category":0,"actions":["Inspect"],"coordinates":[[4818,24668]],"size":[1,1],"rotations":[0]},{"id":49420,"name":"Chest","type":11,"category":1836,"actions":["Search"],"coordinates":[[4830,24776]],"size":[1,1],"rotations":[0]},{"id":49415,"name":"Neural Teleporter","type":10,"category":1835,"actions":["Enter"],"coordinates":[[4838,24584]],"size":[3,1],"rotations":[2]},{"id":49423,"name":"Shipwreck","type":10,"category":0,"actions":["Burn"],"coordinates":[[4848,24784]],"size":[6,4],"rotations":[3]},{"id":49425,"name":"Crate","type":10,"category":0,"actions":["Search"],"coordinates":[[4852,24816]],"size":[2,2],"rotations":[0]},{"id":49216,"name":"Rowboat","type":10,"category":0,"actions":[],"coordinates":[[4854,24620]],"size":[2,3],"rotations":[0]},{"id":49413,"name":"Neural Teleporter","type":10,"category":1835,"actions":["Enter"],"coordinates":[[4854,24656]],"size":[3,1],"rotations":[3]}]