[{"id":10783,"name":"Rock","type":10,"category":0,"actions":[],"coordinates":[[4922,31600],[4926,31688],[4926,31612],[4966,31580],[5030,31712],[5034,31716],[5042,31716],[5046,31712],[5058,31708]],"size":[1,1],"rotations":[0,0,0,0,0,0,0,0,0]},{"id":10784,"name":"Rock","type":10,"category":0,"actions":[],"coordinates":[[4926,31692],[4926,31608],[4926,31596],[4958,31580],[4970,31580],[5058,31672],[5062,31704]],"size":[1,1],"rotations":[0,0,0,0,0,0,0]},{"id":10785,"name":"Rock","type":10,"category":0,"actions":[],"coordinates":[[4926,31684],[4926,31604],[4926,31600],[4962,31576],[4974,31580],[5038,31716],[5058,31668],[5058,31616]],"size":[1,1],"rotations":[0,0,0,0,0,0,0,0]},{"id":666,"name":"Corpse","type":10,"category":0,"actions":[],"coordinates":[[4926,31636],[5034,31712],[5058,31612]],"size":[2,1],"rotations":[3,0,1]},{"id":375,"name":"Closed chest","type":10,"category":0,"actions":["Open"],"coordinates":[[4926,31628],[5058,31664],[5058,31656],[5058,31620]],"size":[1,1],"rotations":[0,0,0,0]},{"id":12576,"name":"Stalagmite","type":10,"category":0,"actions":[],"coordinates":[[4938,31580],[5010,31712]],"size":[1,1],"rotations":[0,0]},{"id":10782,"name":"Rock","type":10,"category":0,"actions":[],"coordinates":[[4962,31580],[4970,31712],[5042,31712],[5058,31704],[5058,31676],[5066,31696]],"size":[1,1],"rotations":[0,0,0,0,0,0]},{"id":1817,"name":"Lever","type":4,"category":0,"actions":["Pull"],"coordinates":[[4990,31708]],"size":[1,1],"rotations":[0]},{"id":12584,"name":"Rockslide","type":10,"category":0,"actions":[],"coordinates":[[5060,31696],[5060,31680]],"size":[2,2],"rotations":[0,0]},{"id":12585,"name":"Rockslide","type":10,"category":0,"actions":[],"coordinates":[[5060,31688]],"size":[2,2],"rotations":[0]},{"id":378,"name":"Open chest","type":10,"category":0,"actions":["Search","Shut"],"coordinates":[[5058,31660]],"size":[1,1],"rotations":[0]}]