[{"id":21634,"name":"Fremennik boat","type":10,"category":0,"actions":[],"coordinates":[[5158,35308]],"size":[6,3],"rotations":[1]},{"id":3037,"name":"Arctic pine tree","type":10,"category":195,"actions":["Cut down"],"coordinates":[[5160,35220],[5168,35272],[5168,35244],[5180,35156],[5184,35276],[5184,35096],[5196,35280],[5208,35272],[5220,35264],[5236,35112],[5244,35256],[5256,35180],[5260,35260],[5284,35152],[5300,35252],[5312,35204],[5328,35116],[5332,35092],[5344,35252],[5348,35096],[5352,35216]],"size":[2,2],"rotations":[0,0,0,0,0,0,0,0,0,0,0,0,0,0,0,0,0,0,0,0,0]},{"id":21509,"name":"Rope bridge","type":3,"category":0,"actions":[],"coordinates":[[5158,35072],[5166,35072],[5170,35136],[5170,35100],[5174,35128],[5174,35124],[5174,35120],[5174,35116],[5174,35112],[5174,35108],[5178,35136],[5178,35100],[5274,35148],[5274,35112],[5278,35140],[5278,35136],[5278,35132],[5278,35128],[5278,35124],[5278,35120],[5282,35148],[5282,35112],[5322,35072],[5330,35072]],"size":[1,1],"rotations":[0,0,0,0,0,0,0,0,0,0,0,0,0,0,0,0,0,0,0,0,0,0,0,0]},{"id":21359,"name":"Table","type":10,"category":0,"actions":[],"coordinates":[[5168,35200]],"size":[1,2],"rotations":[2]},{"id":21361,"name":"Smashed chair","type":10,"category":0,"actions":[],"coordinates":[[5174,35204],[5198,35188]],"size":[1,1],"rotations":[0,0]},{"id":21306,"name":"Rope bridge","type":22,"category":0,"actions":["Walk-across"],"coordinates":[[5174,35132]],"size":[1,1],"rotations":[0]},{"id":21307,"name":"Rope bridge","type":22,"category":0,"actions":["Walk-across"],"coordinates":[[5174,35104]],"size":[1,1],"rotations":[0]},{"id":21600,"name":"Gate","type":0,"category":167,"actions":["Open"],"coordinates":[[5210,35220]],"size":[1,1],"rotations":[0]},{"id":21635,"name":"Standard","type":10,"category":0,"actions":[],"coordinates":[[5214,35216],[5214,35204]],"size":[1,1],"rotations":[0,0]},{"id":21505,"name":"Door","type":0,"category":0,"actions":["Open"],"coordinates":[[5218,35212]],"size":[1,1],"rotations":[0]},{"id":21507,"name":"Door","type":0,"category":0,"actions":["Open"],"coordinates":[[5218,35208]],"size":[1,1],"rotations":[0]},{"id":21514,"name":"Ladder","type":10,"category":0,"actions":["Climb-up"],"coordinates":[[5226,35220],[5226,35188]],"size":[1,1],"rotations":[0,0]},{"id":21393,"name":"Throne","type":10,"category":0,"actions":[],"coordinates":[[5242,35232]],"size":[1,1],"rotations":[0]},{"id":21301,"name":"Bank chest","type":10,"category":237,"actions":["Use","Collect"],"coordinates":[[5242,35196],[5246,35196],[5258,35196],[5262,35196]],"size":[1,1],"rotations":[0,0,0,0]},{"id":21636,"name":"Standard","type":10,"category":0,"actions":[],"coordinates":[[5246,35224],[5270,35224]],"size":[1,1],"rotations":[0,0]},{"id":21356,"name":"Small Geyser","type":10,"category":0,"actions":[],"coordinates":[[5250,35256],[5298,35180],[5306,35256]],"size":[1,1],"rotations":[0,0,0]},{"id":21343,"name":"Door","type":0,"category":168,"actions":["Close"],"coordinates":[[5250,35208],[5278,35180],[5322,35252]],"size":[1,1],"rotations":[0,0,0]},{"id":21340,"name":"Door","type":0,"category":167,"actions":["Open"],"coordinates":[[5262,35224]],"size":[1,1],"rotations":[0]},{"id":21603,"name":"Broken barrel","type":10,"category":0,"actions":[],"coordinates":[[5266,35204]],"size":[1,1],"rotations":[0]},{"id":309,"name":"Log pile","type":10,"category":0,"actions":[],"coordinates":[[5266,35200],[5266,35196],[5270,35180],[5270,35172],[5274,35180],[5274,35172],[5282,35180],[5282,35176],[5286,35204],[5314,35248]],"size":[1,1],"rotations":[0,0,0,0,0,0,0,0,0,0]},{"id":21362,"name":"Bed","type":10,"category":0,"actions":[],"coordinates":[[5272,35224],[5292,35232],[5296,35204],[5324,35224],[5332,35256]],"size":[1,2],"rotations":[1,2,1,1,2]},{"id":5582,"name":"Logs","type":10,"category":0,"actions":[],"coordinates":[[5270,35184]],"size":[1,1],"rotations":[0]},{"id":21354,"name":"Chair","type":11,"category":0,"actions":[],"coordinates":[[5274,35236],[5298,35196],[5302,35228],[5314,35256]],"size":[1,1],"rotations":[0,0,0,0]},{"id":21355,"name":"Large Geyser","type":10,"category":0,"actions":[],"coordinates":[[5276,35212]],"size":[2,2],"rotations":[0]},{"id":21305,"name":"Woodcutting stump","type":10,"category":0,"actions":["Cut-wood"],"coordinates":[[5274,35200],[5282,35192]],"size":[1,1],"rotations":[0,0]},{"id":21302,"name":"Clay oven","type":10,"category":0,"actions":["Cook"],"coordinates":[[5274,35184]],"size":[1,1],"rotations":[0]},{"id":21308,"name":"Rope bridge","type":22,"category":0,"actions":["Walk-across"],"coordinates":[[5278,35144]],"size":[1,1],"rotations":[0]},{"id":21309,"name":"Rope bridge","type":22,"category":0,"actions":["Walk-across"],"coordinates":[[5278,35116]],"size":[1,1],"rotations":[0]},{"id":21303,"name":"Clay forge","type":10,"category":215,"actions":["Smelt"],"coordinates":[[5282,35184]],"size":[1,1],"rotations":[0]},{"id":21341,"name":"Door","type":0,"category":167,"actions":["Open"],"coordinates":[[5286,35200],[5294,35224],[5314,35224]],"size":[1,1],"rotations":[0,0,0]},{"id":21389,"name":"Table","type":10,"category":0,"actions":[],"coordinates":[[5314,35260]],"size":[2,1],"rotations":[2]},{"id":21304,"name":"Spinning wheel","type":10,"category":971,"actions":["Spin"],"coordinates":[[5314,35252]],"size":[1,1],"rotations":[0]},{"id":21388,"name":"Table","type":10,"category":0,"actions":[],"coordinates":[[5322,35220]],"size":[2,1],"rotations":[0]},{"id":21512,"name":"Ladder","type":10,"category":0,"actions":["Climb-up"],"coordinates":[[5358,35232]],"size":[1,1],"rotations":[0]}]