[{"id":3892,"name":"Tree","type":10,"category":0,"actions":[],"coordinates":[[5126,37072]],"size":[6,3],"rotations":[3]},{"id":33638,"name":"Bush","type":10,"category":0,"actions":[],"coordinates":[[5122,36912]],"size":[1,1],"rotations":[0]},{"id":36672,"name":"Tree","type":10,"category":189,"actions":["Chop down"],"coordinates":[[5124,36904],[5132,36904]],"size":[2,2],"rotations":[0,0]},{"id":36674,"name":"Tree","type":10,"category":189,"actions":["Chop down"],"coordinates":[[5126,36888],[5130,36908]],"size":[3,3],"rotations":[0,0]},{"id":36679,"name":"Tree","type":10,"category":189,"actions":["Chop down"],"coordinates":[[5130,37048]],"size":[3,3],"rotations":[0]},{"id":11933,"name":"Rockslide","type":10,"category":0,"actions":[],"coordinates":[[5128,36924],[5140,36912],[5140,36904],[5332,36872],[5356,36956]],"size":[2,2],"rotations":[0,0,0,0,0]},{"id":1282,"name":"Dead tree","type":10,"category":189,"actions":["Chop down"],"coordinates":[[5128,36868],[5148,36880],[5152,36904],[5160,36924],[5164,36936],[5168,36928],[5176,36944],[5180,36916],[5188,36920],[5192,36928],[5196,36968],[5200,36960],[5200,36948],[5204,37008],[5212,37000],[5224,37044],[5224,36896],[5232,36908],[5236,36924],[5244,36980],[5244,36944],[5244,36932],[5244,36912],[5248,36924],[5248,36912],[5248,36904],[5252,36976],[5252,36872],[5256,37016],[5256,36960],[5260,37028],[5260,36968],[5260,36912],[5260,36896],[5260,36876],[5264,37020],[5264,36904],[5264,36884],[5272,36896],[5272,36868],[5276,37008],[5288,37048],[5288,36888],[5292,37012],[5292,36876],[5296,37040],[5296,36940],[5296,36876],[5312,36968]],"size":[2,2],"rotations":[0,0,0,0,0,0,0,0,0,0,0,0,0,0,0,0,0,0,0,0,0,0,0,0,0,0,0,0,0,0,0,0,0,0,0,0,0,0,0,0,0,0,0,0,0,0,0,0,0]},{"id":3886,"name":"Tree","type":10,"category":0,"actions":[],"coordinates":[[5130,37088],[5134,36900],[5142,37056]],"size":[1,1],"rotations":[0,0,0]},{"id":3887,"name":"Tree","type":10,"category":0,"actions":[],"coordinates":[[5162,37076]],"size":[3,3],"rotations":[0]},{"id":11932,"name":"Rockslide","type":10,"category":0,"actions":[],"coordinates":[[5336,36920],[5340,36892]],"size":[2,2],"rotations":[0,0]},{"id":11931,"name":"Rockslide","type":10,"category":0,"actions":[],"coordinates":[[5344,36944]],"size":[2,2],"rotations":[0]},{"id":1276,"name":"Tree","type":10,"category":189,"actions":["Chop down"],"coordinates":[[5348,36896],[5352,36872],[5360,36876],[5364,36908],[5372,36924],[5372,36880],[5372,36868]],"size":[2,2],"rotations":[0,0,0,0,0,0,0]},{"id":11934,"name":"Rockslide","type":10,"category":0,"actions":[],"coordinates":[[5364,36972]],"size":[2,2],"rotations":[0]}]