[{"id":12133,"name":"Juliet","type":10,"category":0,"actions":[],"coordinates":[[5196,31856]],"size":[1,2],"rotations":[3]},{"id":208,"name":"Candles","type":10,"category":0,"actions":[],"coordinates":[[5198,31884],[5202,31848],[5222,31840]],"size":[1,1],"rotations":[0,0,0]},{"id":1111,"name":"Chair","type":10,"category":0,"actions":[],"coordinates":[[5206,31884],[5206,31840],[5234,31840],[5246,31840]],"size":[1,1],"rotations":[0,0,0,0]},{"id":12132,"name":"Tomb","type":10,"category":0,"actions":[],"coordinates":[[5212,31860],[5216,31840],[5228,31840]],"size":[1,2],"rotations":[2,0,0]},{"id":12134,"name":"Coffin","type":10,"category":0,"actions":[],"coordinates":[[5220,31876],[5248,31860]],"size":[1,2],"rotations":[1,2]},{"id":12135,"name":"Coffin","type":10,"category":0,"actions":[],"coordinates":[[5218,31872],[5222,31852],[5250,31880]],"size":[1,1],"rotations":[0,0,0]},{"id":9159,"name":"Candles","type":10,"category":0,"actions":[],"coordinates":[[5230,31864]],"size":[1,1],"rotations":[0]},{"id":9160,"name":"Candles","type":10,"category":0,"actions":[],"coordinates":[[5230,31860]],"size":[1,1],"rotations":[0]},{"id":616,"name":"Table","type":10,"category":155,"actions":[],"coordinates":[[5234,31884]],"size":[1,1],"rotations":[0]},{"id":12131,"name":"Stairs","type":10,"category":0,"actions":[],"coordinates":[[5246,31836]],"size":[2,3],"rotations":[1]}]