[{"id":11933,"name":"Rockslide","type":10,"category":0,"actions":[],"coordinates":[[5480,11336],[5488,11272],[5520,11316]],"size":[2,2],"rotations":[0,0,0]},{"id":11934,"name":"Rockslide","type":10,"category":0,"actions":[],"coordinates":[[5496,11268],[5576,11328]],"size":[2,2],"rotations":[0,0]},{"id":11192,"name":"Rockslide","type":10,"category":0,"actions":[],"coordinates":[[5620,11352],[5620,11300]],"size":[2,2],"rotations":[0,0]},{"id":11191,"name":"Rockslide","type":10,"category":0,"actions":[],"coordinates":[[5628,11300]],"size":[2,2],"rotations":[0]}]