[{"id":355,"name":"Crate","type":10,"category":0,"actions":["Search"],"coordinates":[[5438,10812],[5478,10912],[5494,10820]],"size":[1,1],"rotations":[0,0,0]},{"id":354,"name":"Crate","type":10,"category":0,"actions":["Search"],"coordinates":[[5438,10808],[5486,10796]],"size":[1,1],"rotations":[0,0]},{"id":3394,"name":"Crate","type":10,"category":0,"actions":["Search"],"coordinates":[[5442,10904]],"size":[1,1],"rotations":[0]},{"id":4866,"name":"Gnome Glider","type":10,"category":0,"actions":[],"coordinates":[[5448,10868],[5448,10852],[5448,10836],[5448,10804]],"size":[4,4],"rotations":[0,0,0,0]},{"id":2634,"name":"Rock slide","type":10,"category":0,"actions":["Investigate","Mine"],"coordinates":[[5448,10932]],"size":[2,2],"rotations":[0]},{"id":366,"name":"Crate","type":10,"category":0,"actions":["Search"],"coordinates":[[5454,10916]],"size":[1,1],"rotations":[0]},{"id":4867,"name":"Gnome Glider","type":11,"category":0,"actions":[],"coordinates":[[5460,10888],[5496,10792]],"size":[4,4],"rotations":[0,0]},{"id":11192,"name":"Rockslide","type":10,"category":0,"actions":[],"coordinates":[[5456,10792]],"size":[2,2],"rotations":[0]},{"id":4873,"name":"Lever","type":10,"category":0,"actions":[],"coordinates":[[5458,10884],[5458,10868],[5458,10852],[5458,10836],[5458,10820]],"size":[1,1],"rotations":[0,0,0,0,0]},{"id":824,"name":"Wooden defence","type":10,"category":0,"actions":[],"coordinates":[[5462,10800],[5482,10800]],"size":[1,1],"rotations":[0,0]},{"id":4871,"name":"Reinitialisation Panel","type":10,"category":0,"actions":["Operate"],"coordinates":[[5482,10896]],"size":[1,1],"rotations":[0]},{"id":4746,"name":"Crate","type":10,"category":0,"actions":["Search"],"coordinates":[[5490,10892]],"size":[1,1],"rotations":[0]},{"id":188,"name":"Crashed glider","type":10,"category":0,"actions":[],"coordinates":[[5500,10848],[5500,10828]],"size":[4,4],"rotations":[0,0]},{"id":11193,"name":"Rockslide","type":10,"category":0,"actions":[],"coordinates":[[5504,10816],[5516,10948]],"size":[2,2],"rotations":[0,0]},{"id":4872,"name":"Exit Sign","type":11,"category":0,"actions":[],"coordinates":[[5506,10948]],"size":[1,1],"rotations":[0]},{"id":661,"name":"Corpse","type":10,"category":0,"actions":[],"coordinates":[[5558,10784]],"size":[1,1],"rotations":[0]},{"id":5793,"name":"Crack","type":0,"category":0,"actions":["Enter"],"coordinates":[[5566,10800]],"size":[1,1],"rotations":[0]},{"id":662,"name":"Corpse","type":10,"category":0,"actions":[],"coordinates":[[5574,10784]],"size":[2,1],"rotations":[1]}]