[{"id":2023,"name":"Achey Tree","type":10,"category":189,"actions":["Chop"],"coordinates":[[5380,38124],[5384,38132],[5392,38136],[5400,38128],[5404,38136]],"size":[2,2],"rotations":[0,0,0,0,0]},{"id":4482,"name":"Tap","type":5,"category":0,"actions":[],"coordinates":[[5378,37908],[5630,38120]],"size":[1,1],"rotations":[0,0]},{"id":358,"name":"Crate","type":10,"category":0,"actions":["Search"],"coordinates":[[5382,37944],[5382,37940],[5390,37924],[5422,37932],[5422,37908]],"size":[1,1],"rotations":[0,0,0,0,0]},{"id":4912,"name":"Ladder","type":10,"category":0,"actions":["Climb-down"],"coordinates":[[5382,37928],[5626,38100]],"size":[1,1],"rotations":[0,0]},{"id":11426,"name":"Rockslide","type":10,"category":0,"actions":[],"coordinates":[[5388,38036],[5512,37904]],"size":[2,2],"rotations":[0,0]},{"id":848,"name":"Spear wall","type":10,"category":0,"actions":[],"coordinates":[[5386,37976],[5394,37976],[5398,37992],[5402,37976],[5406,37992],[5414,37992],[5422,37992],[5422,37976],[5430,37976],[5446,38024],[5446,38008],[5454,37976],[5458,37972],[5462,37968],[5466,37952],[5466,37944],[5466,37936],[5466,37916],[5466,37908],[5466,37900],[5482,37932],[5482,37924],[5482,37916],[5514,38120],[5514,38112],[5514,38104],[5534,38132],[5534,38124],[5534,38116],[5534,38100],[5534,38092],[5534,38084],[5538,38068],[5542,38064],[5546,38060],[5550,38056],[5562,38024],[5562,38008],[5570,38048],[5578,38048],[5586,38048],[5586,38036],[5594,38036],[5602,38048],[5602,38036],[5610,38048],[5618,38048]],"size":[2,1],"rotations":[0,0,0,0,0,0,0,0,0,3,3,3,3,3,3,3,3,3,3,3,3,3,3,1,1,1,1,1,1,1,1,1,1,1,1,1,1,1,2,2,2,2,2,2,2,2,2]},{"id":4459,"name":"Table","type":10,"category":0,"actions":["Take-from","Take-5"],"coordinates":[[5386,37904],[5622,38128]],"size":[2,1],"rotations":[1,3]},{"id":4461,"name":"Table","type":10,"category":0,"actions":["Take-from","Take-5"],"coordinates":[[5386,37896],[5622,38136]],"size":[2,1],"rotations":[3,1]},{"id":11431,"name":"Rockslide","type":10,"category":0,"actions":[],"coordinates":[[5396,38036],[5396,38028],[5500,37908],[5520,37912]],"size":[2,2],"rotations":[0,0,0,0]},{"id":4428,"name":"Large door","type":0,"category":0,"actions":["Open","Attack"],"coordinates":[[5394,37952]],"size":[1,1],"rotations":[0]},{"id":356,"name":"Crate","type":10,"category":0,"actions":["Search"],"coordinates":[[5394,37920],[5450,37944],[5602,38104],[5618,38104]],"size":[1,1],"rotations":[0,0,0,0]},{"id":4427,"name":"Large door","type":0,"category":0,"actions":["Open","Attack"],"coordinates":[[5398,37952]],"size":[1,1],"rotations":[0]},{"id":4463,"name":"Table","type":10,"category":0,"actions":["Take-from","Take-5"],"coordinates":[[5398,37904],[5610,38128]],"size":[2,1],"rotations":[1,3]},{"id":4462,"name":"Table","type":10,"category":0,"actions":["Take-from","Take-5"],"coordinates":[[5398,37896],[5610,38136]],"size":[2,1],"rotations":[3,1]},{"id":4910,"name":"Barrel","type":10,"category":0,"actions":[],"coordinates":[[5402,37956],[5402,37952],[5402,37948],[5606,38080],[5606,38076],[5606,38072],[5618,38080],[5618,38076],[5618,38072]],"size":[1,1],"rotations":[0,0,0,0,0,0,0,0,0]},{"id":11434,"name":"Rockslide","type":10,"category":0,"actions":[],"coordinates":[[5408,38084],[5420,38080]],"size":[2,2],"rotations":[0,0]},{"id":4447,"name":"Battlements","type":0,"category":0,"actions":[],"coordinates":[[5406,37956],[5410,37956],[5414,37956],[5418,37956],[5422,37956],[5426,37956],[5438,37964],[5442,37964],[5446,37964],[5446,37936],[5446,37932],[5446,37928],[5446,37924],[5446,37920],[5446,37916],[5446,37912],[5446,37908],[5446,37904],[5446,37900],[5454,37956],[5454,37952],[5454,37948]],"size":[1,1],"rotations":[0,0,0,0,0,0,0,0,0,0,0,0,0,0,0,0,0,0,0,0,0,0]},{"id":40432,"name":"Table","type":10,"category":0,"actions":["Take-from","Take-5"],"coordinates":[[5406,37912],[5598,38116]],"size":[2,1],"rotations":[0,2]},{"id":4460,"name":"Table","type":10,"category":0,"actions":["Take-from","Take-5"],"coordinates":[[5410,37904],[5598,38128]],"size":[2,1],"rotations":[1,3]},{"id":4464,"name":"Table","type":10,"category":0,"actions":["Take-from","Take-5"],"coordinates":[[5410,37896],[5598,38136]],"size":[2,1],"rotations":[3,1]},{"id":4411,"name":"Stepping stone","type":22,"category":0,"actions":["Jump-to"],"coordinates":[[5414,38088],[5414,38084],[5414,38080],[5414,38076],[5418,38092],[5418,38088],[5578,37928],[5582,37936],[5582,37932],[5582,37928],[5586,37936]],"size":[1,1],"rotations":[0,0,0,0,0,0,0,0,0,0,0]},{"id":16683,"name":"Ladder","type":10,"category":0,"actions":["Climb-up"],"coordinates":[[5418,37892],[5590,38136]],"size":[1,1],"rotations":[0,0]},{"id":11435,"name":"Rockslide","type":10,"category":0,"actions":[],"coordinates":[[5428,38072],[5456,38104],[5568,37940],[5576,37932],[5592,37924],[5612,37956]],"size":[2,2],"rotations":[0,0,0,0,0,0]},{"id":4418,"name":"Staircase","type":10,"category":0,"actions":["Climb"],"coordinates":[[5430,37908]],"size":[1,3],"rotations":[0]},{"id":4420,"name":"Staircase","type":10,"category":0,"actions":["Climb"],"coordinates":[[5438,37892]],"size":[1,3],"rotations":[2]},{"id":11433,"name":"Rockslide","type":10,"category":0,"actions":[],"coordinates":[[5440,38100]],"size":[2,2],"rotations":[0]},{"id":4381,"name":"Catapult","type":11,"category":0,"actions":["Operate"],"coordinates":[[5446,37948]],"size":[3,3],"rotations":[0]},{"id":4467,"name":"Door","type":0,"category":0,"actions":["Unlock"],"coordinates":[[5442,37892]],"size":[1,1],"rotations":[0]},{"id":359,"name":"Boxes","type":10,"category":0,"actions":["Search"],"coordinates":[[5442,37892]],"size":[1,1],"rotations":[0]},{"id":11432,"name":"Rockslide","type":10,"category":0,"actions":[],"coordinates":[[5452,38116]],"size":[2,2],"rotations":[0]},{"id":306,"name":"Broken cart","type":10,"category":0,"actions":[],"coordinates":[[5482,38104],[5486,37888]],"size":[3,3],"rotations":[0,0]},{"id":1579,"name":"Trapdoor","type":22,"category":0,"actions":["Open"],"coordinates":[[5502,38032],[5506,37996]],"size":[1,1],"rotations":[0,0]},{"id":4446,"name":"Battlements","type":0,"category":0,"actions":[],"coordinates":[[5554,38080],[5554,38076],[5554,38072],[5562,38128],[5562,38124],[5562,38120],[5562,38116],[5562,38112],[5562,38108],[5562,38104],[5562,38100],[5562,38096],[5562,38092],[5562,38064],[5566,38064],[5570,38064],[5582,38072],[5586,38072],[5590,38072],[5594,38072],[5598,38072],[5602,38072]],"size":[1,1],"rotations":[0,0,0,0,0,0,0,0,0,0,0,0,0,0,0,0,0,0,0,0,0,0]},{"id":4382,"name":"Catapult","type":11,"category":0,"actions":["Operate"],"coordinates":[[5562,38064]],"size":[3,3],"rotations":[0]},{"id":366,"name":"Crate","type":10,"category":0,"actions":["Search"],"coordinates":[[5562,38084],[5626,38084]],"size":[1,1],"rotations":[0,0]},{"id":4465,"name":"Door","type":0,"category":0,"actions":["Unlock"],"coordinates":[[5566,38136]],"size":[1,1],"rotations":[0]},{"id":354,"name":"Crate","type":10,"category":0,"actions":["Search"],"coordinates":[[5566,38136],[5570,38136],[5626,38076]],"size":[1,1],"rotations":[0,0,0]},{"id":4419,"name":"Staircase","type":10,"category":0,"actions":["Climb"],"coordinates":[[5578,38120]],"size":[1,3],"rotations":[0]},{"id":355,"name":"Crate","type":10,"category":0,"actions":["Search"],"coordinates":[[5574,38068],[5626,38088]],"size":[1,1],"rotations":[0,0]},{"id":4417,"name":"Staircase","type":10,"category":0,"actions":["Climb"],"coordinates":[[5586,38104]],"size":[1,3],"rotations":[2]},{"id":357,"name":"Crate","type":10,"category":0,"actions":["Search"],"coordinates":[[5606,38104]],"size":[1,1],"rotations":[0]},{"id":4423,"name":"Large door","type":0,"category":0,"actions":["Open","Attack"],"coordinates":[[5610,38076]],"size":[1,1],"rotations":[0]},{"id":4424,"name":"Large door","type":0,"category":0,"actions":["Open","Attack"],"coordinates":[[5614,38076]],"size":[1,1],"rotations":[0]}]