[{"id":11851,"name":"Sulphur vent","type":22,"category":152,"actions":[],"coordinates":[[5418,29836],[5418,29804],[5422,29824],[5430,29876],[5430,29864],[5454,29756],[5462,29900],[5466,29764],[5470,29800],[5478,29900],[5478,29892],[5478,29852],[5486,29816],[5514,29880],[5514,29800],[5518,29904],[5518,29768],[5530,29836],[5534,29852],[5538,29912],[5542,29768],[5546,29788],[5566,29808],[5570,29844],[5574,29876],[5578,29844]],"size":[1,1],"rotations":[0,0,0,0,0,0,0,0,0,0,0,0,0,0,0,0,0,0,0,0,0,0,0,0,0,0]},{"id":11968,"name":"TzHaar statue","type":10,"category":0,"actions":[],"coordinates":[[5500,29908]],"size":[2,2],"rotations":[0]},{"id":11845,"name":"Hot vent door","type":10,"category":0,"actions":["Pass"],"coordinates":[[5502,29756]],"size":[1,1],"rotations":[0]},{"id":11979,"name":"Viewing orb","type":10,"category":0,"actions":["Look-into"],"coordinates":[[5502,29740]],"size":[1,1],"rotations":[0]},{"id":11846,"name":"Hot vent door","type":10,"category":0,"actions":["Pass"],"coordinates":[[5502,29724]],"size":[1,1],"rotations":[0]}]