[{"id":6896,"name":"Standing torch","type":10,"category":0,"actions":[],"coordinates":[[5662,12768],[5666,12748],[5678,12724],[5690,12684],[5694,12772],[5698,12744],[5710,12756],[5718,12636],[5722,12716],[5730,12708],[5746,12680],[5750,12620],[5766,12692],[5786,12600],[5798,12700],[5814,12612],[5834,12696],[5854,12608],[5858,12664],[5858,12640]],"size":[1,1],"rotations":[0,0,0,0,0,0,0,0,0,0,0,0,0,0,0,0,0,0,0,0]},{"id":6842,"name":"Stairs","type":10,"category":0,"actions":["Climb-up"],"coordinates":[[5682,12748]],"size":[2,3],"rotations":[1]},{"id":6865,"name":"An ogre standard","type":10,"category":0,"actions":[],"coordinates":[[5824,12608],[5828,12696],[5856,12668],[5856,12628]],"size":[1,2],"rotations":[3,1,0,0]},{"id":6897,"name":"Stand","type":10,"category":0,"actions":["Search"],"coordinates":[[5838,12648]],"size":[1,1],"rotations":[0]}]