[{"id":11192,"name":"Rockslide","type":10,"category":0,"actions":[],"coordinates":[[5648,10900],[5788,10792],[5788,10776],[5796,10776]],"size":[2,2],"rotations":[0,0,0,0]},{"id":11364,"name":"Iron rocks","type":10,"category":218,"actions":["Mine"],"coordinates":[[5646,10812],[5646,10804],[5650,10820],[5650,10816],[5654,10828],[5662,10836],[5666,10816]],"size":[1,1],"rotations":[0,0,0,0,0,0,0]},{"id":11372,"name":"Mithril rocks","type":10,"category":252,"actions":["Mine"],"coordinates":[[5646,10796],[5650,10792],[5878,10764]],"size":[1,1],"rotations":[0,0,0]},{"id":11190,"name":"Rockslide","type":10,"category":0,"actions":[],"coordinates":[[5652,10768],[5684,10800],[5748,10756],[5796,10784],[5880,10876]],"size":[2,2],"rotations":[0,0,0,0,0]},{"id":1986,"name":"Root","type":10,"category":0,"actions":["Search"],"coordinates":[[5666,10892],[5686,10844],[5730,10920],[5738,10892],[5770,10852],[5778,10928],[5782,10856],[5834,10800]],"size":[3,3],"rotations":[0,0,0,0,0,0,0,0]},{"id":1985,"name":"Root","type":10,"category":0,"actions":["Search"],"coordinates":[[5682,10904],[5718,10844],[5734,10872],[5778,10832],[5802,10828],[5850,10876],[5870,10860]],"size":[3,3],"rotations":[0,0,0,0,0,0,0]},{"id":11368,"name":"Silver rocks","type":10,"category":285,"actions":["Mine"],"coordinates":[[5686,10768],[5694,10772],[5698,10776],[5706,10772]],"size":[1,1],"rotations":[0,0,0,0]},{"id":11193,"name":"Rockslide","type":10,"category":0,"actions":[],"coordinates":[[5692,10912],[5696,10848],[5748,10924],[5748,10764],[5752,10964],[5780,10784],[5788,10836],[5792,10880],[5796,10792],[5804,10788],[5872,10876]],"size":[2,2],"rotations":[0,0,0,0,0,0,0,0,0,0,0]},{"id":11363,"name":"Clay rocks","type":10,"category":201,"actions":["Mine"],"coordinates":[[5694,10820],[5854,10768],[5866,10764],[5870,10780]],"size":[1,1],"rotations":[0,0,0,0]},{"id":11362,"name":"Clay rocks","type":10,"category":201,"actions":["Mine"],"coordinates":[[5702,10800],[5710,10804],[5710,10796],[5718,10808],[5866,10760]],"size":[1,1],"rotations":[0,0,0,0,0]},{"id":17385,"name":"Ladder","type":10,"category":0,"actions":["Climb-up"],"coordinates":[[5758,10840]],"size":[1,1],"rotations":[0]},{"id":2451,"name":"Roots","type":10,"category":0,"actions":["Push"],"coordinates":[[5770,10812]],"size":[4,1],"rotations":[0]},{"id":11191,"name":"Rockslide","type":10,"category":0,"actions":[],"coordinates":[[5788,10784],[5820,10868],[5852,10836]],"size":[2,2],"rotations":[0,0,0]},{"id":11367,"name":"Coal rocks","type":10,"category":200,"actions":["Mine"],"coordinates":[[5794,10808],[5850,10788]],"size":[1,1],"rotations":[0,0]},{"id":11366,"name":"Coal rocks","type":10,"category":200,"actions":["Mine"],"coordinates":[[5834,10764],[5842,10764],[5846,10772],[5850,10760],[5854,10776],[5858,10764],[5862,10772],[5866,10784],[5874,10772]],"size":[1,1],"rotations":[0,0,0,0,0,0,0,0,0]},{"id":2450,"name":"Daconia rocks","type":10,"category":0,"actions":[],"coordinates":[[5846,10948],[5850,10992],[5858,10996],[5862,10992]],"size":[1,1],"rotations":[0,0,0,0]},{"id":2449,"name":"Daconia rocks","type":10,"category":0,"actions":[],"coordinates":[[5850,10952],[5854,10988],[5866,10960],[5870,10984],[5870,10980],[5870,10964]],"size":[1,1],"rotations":[0,0,0,0,0,0]},{"id":11370,"name":"Gold rocks","type":10,"category":199,"actions":["Mine"],"coordinates":[[5854,10788],[5858,10792],[5866,10792],[5870,10800]],"size":[1,1],"rotations":[0,0,0,0]},{"id":11365,"name":"Iron rocks","type":11,"category":218,"actions":["Mine"],"coordinates":[[5858,10796]],"size":[1,1],"rotations":[0]},{"id":17028,"name":"Ladder","type":10,"category":0,"actions":["Climb-up"],"coordinates":[[5874,10972]],"size":[1,1],"rotations":[0]},{"id":11373,"name":"Mithril rocks","type":10,"category":252,"actions":["Mine"],"coordinates":[[5874,10764]],"size":[1,1],"rotations":[0]},{"id":11375,"name":"Adamantite rocks","type":10,"category":197,"actions":["Mine"],"coordinates":[[5878,10796],[5878,10788],[5882,10764]],"size":[1,1],"rotations":[0,0,0]}]