[{"id":7321,"name":"Portal","type":10,"category":0,"actions":["Use"],"coordinates":[[5662,30604]],"size":[1,1],"rotations":[0]},{"id":7323,"name":"Door","type":0,"category":0,"actions":["Open"],"coordinates":[[5690,30604]],"size":[1,1],"rotations":[0]},{"id":7289,"name":"Portal","type":10,"category":1002,"actions":["Use"],"coordinates":[[5690,30512]],"size":[1,1],"rotations":[0]},{"id":7322,"name":"Portal","type":10,"category":1002,"actions":["Use"],"coordinates":[[5694,30604]],"size":[1,1],"rotations":[0]},{"id":7302,"name":"Door","type":0,"category":0,"actions":["Open"],"coordinates":[[5694,30512]],"size":[1,1],"rotations":[0]},{"id":7352,"name":"Portal","type":10,"category":0,"actions":["Use"],"coordinates":[[5710,30688]],"size":[1,1],"rotations":[0]},{"id":7354,"name":"Door","type":0,"category":0,"actions":["Open"],"coordinates":[[5714,30656]],"size":[1,1],"rotations":[0]},{"id":7353,"name":"Portal","type":10,"category":1002,"actions":["Use"],"coordinates":[[5714,30652]],"size":[1,1],"rotations":[0]},{"id":7315,"name":"Portal","type":10,"category":0,"actions":["Use"],"coordinates":[[5726,30572]],"size":[1,1],"rotations":[0]},{"id":7331,"name":"Table","type":10,"category":169,"actions":[],"coordinates":[[5740,30556],[5748,30556],[5796,30660],[5808,30600]],"size":[1,2],"rotations":[1,1,1,1]},{"id":7288,"name":"Portal","type":10,"category":0,"actions":["Use"],"coordinates":[[5746,30512]],"size":[1,1],"rotations":[0]},{"id":7317,"name":"Door","type":0,"category":0,"actions":["Open"],"coordinates":[[5758,30576]],"size":[1,1],"rotations":[0]},{"id":7316,"name":"Portal","type":10,"category":1002,"actions":["Use"],"coordinates":[[5762,30576]],"size":[1,1],"rotations":[0]},{"id":7324,"name":"Portal","type":10,"category":0,"actions":["Use"],"coordinates":[[5774,30668]],"size":[1,1],"rotations":[0]},{"id":7329,"name":"Old Bookshelf","type":10,"category":0,"actions":["Search"],"coordinates":[[5778,30680]],"size":[1,1],"rotations":[0]},{"id":7327,"name":"Old Bookshelf","type":10,"category":0,"actions":["Search"],"coordinates":[[5778,30656]],"size":[1,1],"rotations":[0]},{"id":7330,"name":"Old Bookshelf","type":10,"category":0,"actions":["Search"],"coordinates":[[5782,30680]],"size":[1,1],"rotations":[0]},{"id":7328,"name":"Old Bookshelf","type":10,"category":0,"actions":["Search"],"coordinates":[[5782,30656]],"size":[1,1],"rotations":[0]},{"id":7340,"name":"Shelves","type":10,"category":0,"actions":["Search"],"coordinates":[[5790,30684]],"size":[1,1],"rotations":[0]},{"id":7385,"name":"Chair","type":11,"category":0,"actions":[],"coordinates":[[5790,30668],[5790,30664],[5802,30668],[5802,30664],[5802,30604],[5814,30604]],"size":[1,1],"rotations":[0,0,0,0,0,0]},{"id":7333,"name":"Shelves","type":10,"category":0,"actions":["Search"],"coordinates":[[5790,30652]],"size":[1,1],"rotations":[0]},{"id":7318,"name":"Portal","type":10,"category":0,"actions":["Use"],"coordinates":[[5790,30604]],"size":[1,1],"rotations":[0]},{"id":7273,"name":"Portal","type":10,"category":1002,"actions":["Use"],"coordinates":[[5790,30540]],"size":[1,1],"rotations":[0]},{"id":7339,"name":"Shelves","type":10,"category":0,"actions":["Search"],"coordinates":[[5794,30684]],"size":[1,1],"rotations":[0]},{"id":7332,"name":"Bunsen burner","type":10,"category":0,"actions":[],"coordinates":[[5796,30664]],"size":[1,2],"rotations":[3]},{"id":7334,"name":"Shelves","type":10,"category":0,"actions":["Search"],"coordinates":[[5794,30652]],"size":[1,1],"rotations":[0]},{"id":7274,"name":"Door","type":0,"category":0,"actions":["Open"],"coordinates":[[5794,30540]],"size":[1,1],"rotations":[0]},{"id":7338,"name":"Shelves","type":10,"category":0,"actions":["Search"],"coordinates":[[5798,30684]],"size":[1,1],"rotations":[0]},{"id":7335,"name":"Shelves","type":10,"category":0,"actions":["Search"],"coordinates":[[5798,30652]],"size":[1,1],"rotations":[0]},{"id":7337,"name":"Shelves","type":10,"category":0,"actions":["Search"],"coordinates":[[5802,30684]],"size":[1,1],"rotations":[0]},{"id":7336,"name":"Shelves","type":10,"category":0,"actions":["Search"],"coordinates":[[5802,30652]],"size":[1,1],"rotations":[0]},{"id":7349,"name":"Crate","type":10,"category":0,"actions":["Search"],"coordinates":[[5806,30656],[5810,30676]],"size":[1,1],"rotations":[0,0]},{"id":7348,"name":"Crate","type":10,"category":0,"actions":["Search"],"coordinates":[[5810,30680],[5814,30680],[5814,30656]],"size":[1,1],"rotations":[0,0,0]},{"id":7347,"name":"Crate","type":11,"category":0,"actions":["Search"],"coordinates":[[5810,30656],[5814,30676]],"size":[1,1],"rotations":[0,0]},{"id":7350,"name":"Closed chest","type":10,"category":0,"actions":["Open"],"coordinates":[[5814,30660]],"size":[1,1],"rotations":[0]},{"id":7287,"name":"Precarious bridge","type":10,"category":0,"actions":["Cross"],"coordinates":[[5814,30540]],"size":[1,1],"rotations":[0]},{"id":7326,"name":"Door","type":0,"category":0,"actions":["Open"],"coordinates":[[5818,30668]],"size":[1,1],"rotations":[0]},{"id":7325,"name":"Portal","type":10,"category":1002,"actions":["Use"],"coordinates":[[5822,30668]],"size":[1,1],"rotations":[0]},{"id":7320,"name":"Door","type":0,"category":0,"actions":["Open"],"coordinates":[[5826,30604]],"size":[1,1],"rotations":[0]},{"id":7319,"name":"Portal","type":10,"category":1002,"actions":["Use"],"coordinates":[[5830,30604]],"size":[1,1],"rotations":[0]},{"id":7355,"name":"Warning Sign","type":11,"category":0,"actions":[],"coordinates":[[5838,30548]],"size":[1,1],"rotations":[0]},{"id":7286,"name":"Precarious bridge","type":10,"category":0,"actions":["Cross"],"coordinates":[[5838,30540]],"size":[1,1],"rotations":[0]},{"id":7272,"name":"Portal","type":10,"category":0,"actions":["Use"],"coordinates":[[5866,30540]],"size":[1,1],"rotations":[0]}]