[
  {
    "id": 103,
    "name": "Rocks",
    "category": -1,
    "minimapdot": false,
    "level": 0,
    "actions": [
      [
        1199,
        3562
      ],
      [
        1200,
        3579
      ],
      [
        1201,
        3553
      ],
      [
        1202,
        3562
      ],
      [
        1202,
        3577
      ],
      [
        1202,
        3581
      ],
      [
        1203,
        3546
      ],
      [
        1203,
        3554
      ],
      [
        1204,
        3557
      ],
      [
        1208,
        3541
      ],
      [
        1210,
        3535
      ],
      [
        1211,
        3538
      ],
      [
        1212,
        3532
      ],
      [
        1214,
        3535
      ]
    ],
    "coordinates": [
      [
        1199,
        3562
      ],
      [
        1200,
        3579
      ],
      [
        1201,
        3553
      ],
      [
        1202,
        3562
      ],
      [
        1202,
        3577
      ],
      [
        1202,
        3581
      ],
      [
        1203,
        3546
      ],
      [
        1203,
        3554
      ],
      [
        1204,
        3557
      ],
      [
        1208,
        3541
      ],
      [
        1210,
        3535
      ],
      [
        1211,
        3538
      ],
      [
        1212,
        3532
      ],
      [
        1214,
        3535
      ]
    ],
    "models": [
      4399,
      4400
    ]
  },
  {
    "id": 101,
    "name": "Rocks",
    "category": -1,
    "minimapdot": false,
    "level": 0,
    "actions": [
      [
        1200,
        3565
      ],
      [
        1201,
        3559
      ],
      [
        1203,
        3551
      ],
      [
        1204,
        3563
      ],
      [
        1205,
        3544
      ],
      [
        1207,
        3538
      ],
      [
        1209,
        3533
      ],
      [
        1210,
        3543
      ],
      [
        1213,
        3539
      ]
    ],
    "coordinates": [
      [
        1200,
        3565
      ],
      [
        1201,
        3559
      ],
      [
        1203,
        3551
      ],
      [
        1204,
        3563
      ],
      [
        1205,
        3544
      ],
      [
        1207,
        3538
      ],
      [
        1209,
        3533
      ],
      [
        1210,
        3543
      ],
      [
        1213,
        3539
      ]
    ],
    "models": [
      4399,
      4400
    ]
  }
]