[
  {
    "id": 8610,
    "name": "Wyrm",
    "category": -1,
    "minimapdot": false,
    "level": 99,
    "actions": ["Attack"],
    "coordinates": [
      [
        1252,
        10159
      ],
      [
        1255,
        10147
      ],
      [
        1259,
        10154
      ],
      [
        1259,
        10159
      ],
      [
        1266,
        10152
      ],
      [
        1267,
        10157
      ],
      [
        1273,
        10158
      ]
    ],
    "models": [
      36166,
      7768
    ]
  },
  {
    "id": 8607,
    "name": "Garbek\u0020quo\u0020Maten",
    "category": 922,
    "minimapdot": false,
    "level": 0,
    "actions": ["Talk-to"],
    "coordinates": [[
      1276,
      10162
    ]],
    "models": [36175]
  }
]