[
  {
    "id": 3908,
    "name": "Bear\u0020Cub",
    "category": 438,
    "minimapdot": false,
    "level": 15,
    "actions": ["Attack"],
    "coordinates": [[
      1216,
      3680
    ]],
    "models": [
      18883,
      18885
    ]
  },
  {
    "id": 2838,
    "name": "Grizzly\u0020bear",
    "category": 438,
    "minimapdot": false,
    "level": 21,
    "actions": ["Attack"],
    "coordinates": [[
      1219,
      3679
    ]],
    "models": [
      18884,
      18886
    ]
  },
  {
    "id": 8597,
    "name": "Mary",
    "category": -1,
    "minimapdot": false,
    "level": 1,
    "actions": [[
      1238,
      3679
    ]],
    "coordinates": [[
      1238,
      3679
    ]],
    "models": []
  },
  {
    "id": 2855,
    "name": "Rat",
    "category": 262,
    "minimapdot": false,
    "level": 1,
    "actions": ["Attack"],
    "coordinates": [
      [
        1244,
        3696
      ],
      [
        1257,
        3688
      ]
    ],
    "models": [9610]
  },
  {
    "id": 10500,
    "name": "Gordon",
    "category": -1,
    "minimapdot": false,
    "level": 0,
    "actions": ["Talk-to"],
    "coordinates": [[
      1248,
      3686
    ]],
    "models": [
      215,
      250,
      292,
      151,
      176,
      254,
      185,
      7365
    ]
  },
  {
    "id": 2804,
    "name": "Chicken",
    "category": 444,
    "minimapdot": false,
    "level": 1,
    "actions": ["Attack"],
    "coordinates": [[
      1250,
      3688
    ]],
    "models": [23905]
  },
  {
    "id": 2805,
    "name": "Chicken",
    "category": 444,
    "minimapdot": false,
    "level": 1,
    "actions": ["Attack"],
    "coordinates": [[
      1250,
      3692
    ]],
    "models": [23905]
  },
  {
    "id": 8599,
    "name": "Soldier",
    "category": -1,
    "minimapdot": false,
    "level": 0,
    "actions": [
      [
        1251,
        3681
      ],
      [
        1253,
        3678
      ]
    ],
    "coordinates": [
      [
        1251,
        3681
      ],
      [
        1253,
        3678
      ]
    ],
    "models": [
      29693,
      29775,
      29767,
      29702,
      29709,
      29780,
      490,
      486
    ]
  },
  {
    "id": 10495,
    "name": "Chicken",
    "category": 444,
    "minimapdot": false,
    "level": 1,
    "actions": ["Attack"],
    "coordinates": [
      [
        1251,
        3689
      ],
      [
        1254,
        3690
      ]
    ],
    "models": [23905]
  },
  {
    "id": 10494,
    "name": "Chicken",
    "category": 444,
    "minimapdot": false,
    "level": 1,
    "actions": ["Attack"],
    "coordinates": [[
      1252,
      3687
    ]],
    "models": [23905]
  },
  {
    "id": 10497,
    "name": "Chicken",
    "category": 444,
    "minimapdot": false,
    "level": 1,
    "actions": ["Attack"],
    "coordinates": [[
      1252,
      3692
    ]],
    "models": [23905]
  },
  {
    "id": 10496,
    "name": "Chicken",
    "category": 444,
    "minimapdot": false,
    "level": 1,
    "actions": ["Attack"],
    "coordinates": [
      [
        1253,
        3693
      ],
      [
        1255,
        3692
      ]
    ],
    "models": [23905]
  },
  {
    "id": 10505,
    "name": "Sergeant",
    "category": -1,
    "minimapdot": false,
    "level": 0,
    "actions": ["Talk-to"],
    "coordinates": [[
      1254,
      3680
    ]],
    "models": [
      29690,
      29777,
      29738,
      29700,
      29704,
      29779,
      490,
      486
    ]
  },
  {
    "id": 8601,
    "name": "Ranger",
    "category": -1,
    "minimapdot": false,
    "level": 0,
    "actions": [[
      1254,
      3683
    ]],
    "coordinates": [[
      1254,
      3683
    ]],
    "models": [
      29693,
      29775,
      29767,
      29702,
      29709,
      29780,
      563
    ]
  },
  {
    "id": 2792,
    "name": "Cow\u0020calf",
    "category": 508,
    "minimapdot": false,
    "level": 2,
    "actions": ["Attack"],
    "coordinates": [[
      1257,
      3691
    ]],
    "models": [23890]
  },
  {
    "id": 2790,
    "name": "Cow",
    "category": 365,
    "minimapdot": false,
    "level": 2,
    "actions": ["Attack"],
    "coordinates": [[
      1261,
      3692
    ]],
    "models": [23889]
  },
  {
    "id": 2793,
    "name": "Cow",
    "category": 365,
    "minimapdot": false,
    "level": 2,
    "actions": ["Attack"],
    "coordinates": [[
      1262,
      3689
    ]],
    "models": [23893]
  },
  {
    "id": 1172,
    "name": "",
    "category": -1,
    "minimapdot": false,
    "level": 0,
    "actions": [[
      1265,
      3688
    ]],
    "coordinates": [[
      1265,
      3688
    ]],
    "models": [8236]
  },
  {
    "id": 8524,
    "name": "Rod\u0020Fishing\u0020spot",
    "category": 280,
    "minimapdot": false,
    "level": 0,
    "actions": [
      "Lure",
      "Bait"
    ],
    "coordinates": [
      [
        1271,
        3707
      ],
      [
        1273,
        3707
      ]
    ],
    "models": [1491]
  }
]