[
  {
    "id": 5007,
    "name": "Imp",
    "category": 748,
    "minimapdot": false,
    "level": 2,
    "actions": ["Attack"],
    "coordinates": [[
      1283,
      3720
    ]],
    "models": [19982]
  },
  {
    "id": 1418,
    "name": "Squirrel",
    "category": -1,
    "minimapdot": false,
    "level": 0,
    "actions": [
      [
        1290,
        3758
      ],
      [
        1291,
        3753
      ],
      [
        1295,
        3751
      ],
      [
        1295,
        3758
      ]
    ],
    "coordinates": [
      [
        1290,
        3758
      ],
      [
        1291,
        3753
      ],
      [
        1295,
        3751
      ],
      [
        1295,
        3758
      ]
    ],
    "models": [11723]
  },
  {
    "id": 8596,
    "name": "Keith",
    "category": -1,
    "minimapdot": false,
    "level": 0,
    "actions": ["Talk-to"],
    "coordinates": [[
      1296,
      3723
    ]],
    "models": [
      217,
      246,
      292,
      326,
      170,
      176,
      5218
    ]
  },
  {
    "id": 2791,
    "name": "Cow",
    "category": 365,
    "minimapdot": false,
    "level": 2,
    "actions": ["Attack"],
    "coordinates": [[
      1306,
      3713
    ]],
    "models": [23895]
  },
  {
    "id": 2792,
    "name": "Cow\u0020calf",
    "category": 508,
    "minimapdot": false,
    "level": 2,
    "actions": ["Attack"],
    "coordinates": [[
      1309,
      3714
    ]],
    "models": [23890]
  },
  {
    "id": 2793,
    "name": "Cow",
    "category": 365,
    "minimapdot": false,
    "level": 2,
    "actions": ["Attack"],
    "coordinates": [[
      1310,
      3717
    ]],
    "models": [23893]
  },
  {
    "id": 2839,
    "name": "Black\u0020bear",
    "category": 438,
    "minimapdot": false,
    "level": 19,
    "actions": ["Attack"],
    "coordinates": [[
      1322,
      3713
    ]],
    "models": [
      18882,
      18886
    ]
  }
]