[
  {
    "id": 6919,
    "name": "Lizardman\u0020brute",
    "category": 929,
    "minimapdot": false,
    "level": 75,
    "actions": ["Attack"],
    "coordinates": [
      [
        1280,
        3615
      ],
      [
        1298,
        3630
      ],
      [
        1318,
        3632
      ],
      [
        1323,
        3586
      ],
      [
        1323,
        3602
      ],
      [
        1316,
        3603
      ],
      [
        1323,
        3596
      ]
    ],
    "models": [29853]
  },
  {
    "id": 6915,
    "name": "Lizardman",
    "category": 929,
    "minimapdot": false,
    "level": 53,
    "actions": ["Attack"],
    "coordinates": [
      [
        1280,
        3619
      ],
      [
        1285,
        3599
      ],
      [
        1292,
        3616
      ],
      [
        1294,
        3632
      ]
    ],
    "models": [29853]
  },
  {
    "id": 6917,
    "name": "Lizardman",
    "category": 929,
    "minimapdot": false,
    "level": 62,
    "actions": ["Attack"],
    "coordinates": [
      [
        1281,
        3617
      ],
      [
        1296,
        3630
      ],
      [
        1314,
        3633
      ]
    ],
    "models": [29853]
  },
  {
    "id": 7601,
    "name": "Swamp\u0020Priest",
    "category": -1,
    "minimapdot": false,
    "level": 0,
    "actions": ["Talk-to"],
    "coordinates": [[
      1305,
      3618
    ]],
    "models": [
      32651,
      32660,
      32656,
      32652,
      32654,
      32661,
      3711
    ]
  }
]