[
  {
    "id": 6919,
    "name": "Lizardman\u0020brute",
    "category": 929,
    "minimapdot": false,
    "level": 75,
    "actions": ["Attack"],
    "coordinates": [
      [
        1306,
        3555
      ],
      [
        1317,
        3562
      ],
      [
        1325,
        3583
      ],
      [
        1326,
        3554
      ],
      [
        1340,
        3541
      ],
      [
        1342,
        3553
      ]
    ],
    "models": [29853]
  },
  {
    "id": 478,
    "name": "Big\u0020frog",
    "category": -1,
    "minimapdot": false,
    "level": 24,
    "actions": ["Attack"],
    "coordinates": [[
      1307,
      3529
    ]],
    "models": [6947]
  },
  {
    "id": 6915,
    "name": "Lizardman",
    "category": 929,
    "minimapdot": false,
    "level": 53,
    "actions": ["Attack"],
    "coordinates": [
      [
        1307,
        3538
      ],
      [
        1312,
        3553
      ]
    ],
    "models": [29853]
  },
  {
    "id": 6917,
    "name": "Lizardman",
    "category": 929,
    "minimapdot": false,
    "level": 62,
    "actions": ["Attack"],
    "coordinates": [
      [
        1315,
        3543
      ],
      [
        1321,
        3555
      ]
    ],
    "models": [29853]
  }
]