[
  {
    "id": 8563,
    "name": "Lizardman",
    "category": 929,
    "minimapdot": false,
    "level": 62,
    "actions": ["Attack"],
    "coordinates": [
      [
        1344,
        3702
      ],
      [
        1346,
        3696
      ],
      [
        1348,
        3705
      ],
      [
        1350,
        3699
      ],
      [
        1353,
        3704
      ],
      [
        1355,
        3708
      ],
      [
        1359,
        3696
      ],
      [
        1367,
        3705
      ],
      [
        1369,
        3709
      ],
      [
        1372,
        3707
      ]
    ],
    "models": [29853]
  },
  {
    "id": 8564,
    "name": "Lizardman\u0020brute",
    "category": 929,
    "minimapdot": false,
    "level": 75,
    "actions": ["Attack"],
    "coordinates": [
      [
        1346,
        3704
      ],
      [
        1349,
        3697
      ],
      [
        1354,
        3710
      ],
      [
        1358,
        3708
      ],
      [
        1359,
        3703
      ],
      [
        1363,
        3706
      ]
    ],
    "models": [
      36346,
      36349,
      36350
    ]
  },
  {
    "id": 8568,
    "name": "Soldier",
    "category": 923,
    "minimapdot": false,
    "level": 0,
    "actions": [
      [
        1365,
        3695
      ],
      [
        1368,
        3700
      ],
      [
        1370,
        3690
      ],
      [
        1372,
        3692
      ],
      [
        1379,
        3692
      ],
      [
        1381,
        3707
      ],
      [
        1384,
        3697
      ],
      [
        1385,
        3703
      ],
      [
        1386,
        3687
      ],
      [
        1386,
        3694
      ],
      [
        1389,
        3689
      ]
    ],
    "coordinates": [
      [
        1365,
        3695
      ],
      [
        1368,
        3700
      ],
      [
        1370,
        3690
      ],
      [
        1372,
        3692
      ],
      [
        1379,
        3692
      ],
      [
        1381,
        3707
      ],
      [
        1384,
        3697
      ],
      [
        1385,
        3703
      ],
      [
        1386,
        3687
      ],
      [
        1386,
        3694
      ],
      [
        1389,
        3689
      ]
    ],
    "models": [
      29693,
      29775,
      29767,
      29702,
      29709,
      29780,
      490,
      523
    ]
  },
  {
    "id": 8566,
    "name": "Ranger",
    "category": 923,
    "minimapdot": false,
    "level": 0,
    "actions": [
      [
        1365,
        3697
      ],
      [
        1368,
        3701
      ],
      [
        1371,
        3700
      ],
      [
        1379,
        3706
      ],
      [
        1384,
        3707
      ],
      [
        1385,
        3701
      ]
    ],
    "coordinates": [
      [
        1365,
        3697
      ],
      [
        1368,
        3701
      ],
      [
        1371,
        3700
      ],
      [
        1379,
        3706
      ],
      [
        1384,
        3707
      ],
      [
        1385,
        3701
      ]
    ],
    "models": [
      29693,
      29775,
      29767,
      29702,
      29709,
      29780,
      563,
      32321
    ]
  },
  {
    "id": 8567,
    "name": "Soldier",
    "category": 923,
    "minimapdot": false,
    "level": 0,
    "actions": [
      [
        1365,
        3700
      ],
      [
        1369,
        3701
      ],
      [
        1370,
        3692
      ],
      [
        1373,
        3689
      ],
      [
        1378,
        3707
      ],
      [
        1383,
        3707
      ],
      [
        1384,
        3676
      ],
      [
        1385,
        3705
      ],
      [
        1388,
        3692
      ],
      [
        1389,
        3684
      ],
      [
        1391,
        3678
      ],
      [
        1392,
        3689
      ],
      [
        1397,
        3673
      ],
      [
        1397,
        3678
      ]
    ],
    "coordinates": [
      [
        1365,
        3700
      ],
      [
        1369,
        3701
      ],
      [
        1370,
        3692
      ],
      [
        1373,
        3689
      ],
      [
        1378,
        3707
      ],
      [
        1383,
        3707
      ],
      [
        1384,
        3676
      ],
      [
        1385,
        3705
      ],
      [
        1388,
        3692
      ],
      [
        1389,
        3684
      ],
      [
        1391,
        3678
      ],
      [
        1392,
        3689
      ],
      [
        1397,
        3673
      ],
      [
        1397,
        3678
      ]
    ],
    "models": [
      29786,
      29808,
      29802,
      29792,
      29799,
      29816,
      540
    ]
  },
  {
    "id": 8570,
    "name": "Doyen",
    "category": 923,
    "minimapdot": false,
    "level": 0,
    "actions": [
      [
        1371,
        3693
      ],
      [
        1393,
        3682
      ]
    ],
    "coordinates": [
      [
        1371,
        3693
      ],
      [
        1393,
        3682
      ]
    ],
    "models": [
      29787,
      29811,
      29804,
      29789,
      29797,
      29812,
      564,
      565,
      36331
    ]
  },
  {
    "id": 8576,
    "name": "Lovakengj\u0020Engineer",
    "category": 352,
    "minimapdot": false,
    "level": 0,
    "actions": [[
      1378,
      3700
    ]],
    "coordinates": [[
      1378,
      3700
    ]],
    "models": [
      2970,
      2980,
      2978,
      2984,
      2985,
      6021
    ]
  },
  {
    "id": 8569,
    "name": "Doyen",
    "category": 923,
    "minimapdot": false,
    "level": 0,
    "actions": [[
      1380,
      3691
    ]],
    "coordinates": [[
      1380,
      3691
    ]],
    "models": [
      29690,
      29777,
      29738,
      29700,
      29704,
      29779,
      36313,
      565,
      36322
    ]
  }
]