[
  {
    "id": 2854,
    "name": "Rat",
    "category": 262,
    "minimapdot": false,
    "level": 1,
    "actions": ["Attack"],
    "coordinates": [
      [
        1344,
        3492
      ],
      [
        1345,
        3486
      ],
      [
        1346,
        3483
      ],
      [
        1347,
        3492
      ],
      [
        1349,
        3490
      ],
      [
        1350,
        3487
      ],
      [
        1351,
        3496
      ],
      [
        1352,
        3490
      ],
      [
        1353,
        3492
      ],
      [
        1354,
        3488
      ],
      [
        1354,
        3495
      ],
      [
        1355,
        3484
      ],
      [
        1358,
        3490
      ],
      [
        1358,
        3495
      ],
      [
        1359,
        3498
      ],
      [
        1360,
        3487
      ],
      [
        1364,
        3485
      ]
    ],
    "models": [9610]
  },
  {
    "id": 6915,
    "name": "Lizardman",
    "category": 929,
    "minimapdot": false,
    "level": 53,
    "actions": ["Attack"],
    "coordinates": [
      [
        1378,
        3518
      ],
      [
        1381,
        3519
      ],
      [
        1398,
        3499
      ]
    ],
    "models": [29853]
  },
  {
    "id": 7522,
    "name": "Soldier",
    "category": 923,
    "minimapdot": false,
    "level": 0,
    "actions": [
      [
        1381,
        3501
      ],
      [
        1384,
        3500
      ]
    ],
    "coordinates": [
      [
        1381,
        3501
      ],
      [
        1384,
        3500
      ]
    ],
    "models": [
      29787,
      29811,
      29804,
      29789,
      29797,
      29812,
      548
    ]
  },
  {
    "id": 6914,
    "name": "Lizardman",
    "category": 929,
    "minimapdot": false,
    "level": 53,
    "actions": ["Attack"],
    "coordinates": [[
      1381,
      3503
    ]],
    "models": [29853]
  },
  {
    "id": 6916,
    "name": "Lizardman",
    "category": 929,
    "minimapdot": false,
    "level": 62,
    "actions": ["Attack"],
    "coordinates": [[
      1382,
      3499
    ]],
    "models": [29853]
  },
  {
    "id": 7524,
    "name": "Soldier",
    "category": 923,
    "minimapdot": false,
    "level": 0,
    "actions": [[
      1383,
      3503
    ]],
    "coordinates": [[
      1383,
      3503
    ]],
    "models": [
      29787,
      29811,
      29804,
      29789,
      29797,
      29812,
      540
    ]
  },
  {
    "id": 6918,
    "name": "Lizardman\u0020brute",
    "category": 929,
    "minimapdot": false,
    "level": 75,
    "actions": ["Attack"],
    "coordinates": [[
      1385,
      3502
    ]],
    "models": [29853]
  },
  {
    "id": 7521,
    "name": "Soldier",
    "category": 923,
    "minimapdot": false,
    "level": 0,
    "actions": [[
      1387,
      3503
    ]],
    "coordinates": [[
      1387,
      3503
    ]],
    "models": [
      29692,
      29772,
      29766,
      29699,
      29711,
      29781,
      546
    ]
  },
  {
    "id": 6919,
    "name": "Lizardman\u0020brute",
    "category": 929,
    "minimapdot": false,
    "level": 75,
    "actions": ["Attack"],
    "coordinates": [[
      1393,
      3497
    ]],
    "models": [29853]
  },
  {
    "id": 6917,
    "name": "Lizardman",
    "category": 929,
    "minimapdot": false,
    "level": 62,
    "actions": ["Attack"],
    "coordinates": [[
      1396,
      3496
    ]],
    "models": [29853]
  }
]