[
  {
    "id": 6919,
    "name": "Lizardman\u0020brute",
    "category": 929,
    "minimapdot": false,
    "level": 75,
    "actions": ["Attack"],
    "coordinates": [
      [
        1369,
        3527
      ],
      [
        1378,
        3581
      ],
      [
        1380,
        3574
      ],
      [
        1392,
        3570
      ]
    ],
    "models": [29853]
  },
  {
    "id": 6916,
    "name": "Lizardman",
    "category": 929,
    "minimapdot": false,
    "level": 62,
    "actions": ["Attack"],
    "coordinates": [
      [
        1369,
        3563
      ],
      [
        1370,
        3582
      ],
      [
        1375,
        3567
      ]
    ],
    "models": [29853]
  },
  {
    "id": 6914,
    "name": "Lizardman",
    "category": 929,
    "minimapdot": false,
    "level": 53,
    "actions": ["Attack"],
    "coordinates": [
      [
        1369,
        3580
      ],
      [
        1375,
        3563
      ],
      [
        1376,
        3574
      ],
      [
        1388,
        3568
      ]
    ],
    "models": [29853]
  },
  {
    "id": 7524,
    "name": "Soldier",
    "category": 923,
    "minimapdot": false,
    "level": 0,
    "actions": [[
      1371,
      3574
    ]],
    "coordinates": [[
      1371,
      3574
    ]],
    "models": [
      29787,
      29811,
      29804,
      29789,
      29797,
      29812,
      540
    ]
  },
  {
    "id": 6915,
    "name": "Lizardman",
    "category": 929,
    "minimapdot": false,
    "level": 53,
    "actions": ["Attack"],
    "coordinates": [
      [
        1372,
        3532
      ],
      [
        1399,
        3563
      ]
    ],
    "models": [29853]
  },
  {
    "id": 7523,
    "name": "Soldier",
    "category": 923,
    "minimapdot": false,
    "level": 0,
    "actions": [
      [
        1372,
        3561
      ],
      [
        1378,
        3576
      ]
    ],
    "coordinates": [
      [
        1372,
        3561
      ],
      [
        1378,
        3576
      ]
    ],
    "models": [
      29690,
      29777,
      29738,
      29700,
      29704,
      29779,
      502
    ]
  },
  {
    "id": 7522,
    "name": "Soldier",
    "category": 923,
    "minimapdot": false,
    "level": 0,
    "actions": [
      [
        1372,
        3567
      ],
      [
        1387,
        3569
      ]
    ],
    "coordinates": [
      [
        1372,
        3567
      ],
      [
        1387,
        3569
      ]
    ],
    "models": [
      29787,
      29811,
      29804,
      29789,
      29797,
      29812,
      548
    ]
  },
  {
    "id": 7521,
    "name": "Soldier",
    "category": 923,
    "minimapdot": false,
    "level": 0,
    "actions": [
      [
        1372,
        3581
      ],
      [
        1374,
        3571
      ],
      [
        1383,
        3573
      ]
    ],
    "coordinates": [
      [
        1372,
        3581
      ],
      [
        1374,
        3571
      ],
      [
        1383,
        3573
      ]
    ],
    "models": [
      29692,
      29772,
      29766,
      29699,
      29711,
      29781,
      546
    ]
  },
  {
    "id": 6917,
    "name": "Lizardman",
    "category": 929,
    "minimapdot": false,
    "level": 62,
    "actions": ["Attack"],
    "coordinates": [[
      1373,
      3526
    ]],
    "models": [29853]
  },
  {
    "id": 7618,
    "name": "Mountain\u0020Guide",
    "category": -1,
    "minimapdot": false,
    "level": 0,
    "actions": [[
      1401,
      3538
    ]],
    "coordinates": [[
      1401,
      3538
    ]],
    "models": []
  }
]