[
  {
    "id": 78,
    "name": "Skeleton",
    "category": 257,
    "minimapdot": false,
    "level": 25,
    "actions": ["Attack"],
    "coordinates": [[
      1425,
      3515
    ]],
    "models": [
      21173,
      21179,
      21160,
      21156,
      21182,
      21200,
      21186
    ]
  },
  {
    "id": 77,
    "name": "Skeleton",
    "category": 257,
    "minimapdot": false,
    "level": 25,
    "actions": ["Attack"],
    "coordinates": [[
      1427,
      3517
    ]],
    "models": [
      21170,
      21178,
      21159,
      21156,
      21180,
      21202,
      21187
    ]
  },
  {
    "id": 79,
    "name": "Skeleton",
    "category": 257,
    "minimapdot": false,
    "level": 25,
    "actions": ["Attack"],
    "coordinates": [[
      1428,
      3513
    ]],
    "models": [
      21175,
      21179,
      21161,
      21156,
      21181,
      21205,
      21187
    ]
  },
  {
    "id": 81,
    "name": "Skeleton",
    "category": 257,
    "minimapdot": false,
    "level": 25,
    "actions": ["Attack"],
    "coordinates": [[
      1431,
      3515
    ]],
    "models": [
      21169,
      21161,
      21157,
      21181,
      21204,
      21188
    ]
  },
  {
    "id": 80,
    "name": "Skeleton",
    "category": 257,
    "minimapdot": false,
    "level": 25,
    "actions": ["Attack"],
    "coordinates": [[
      1431,
      3517
    ]],
    "models": [
      21174,
      21179,
      21161,
      21156,
      21182,
      21199,
      21186
    ]
  }
]