[
  {
    "id": 7075,
    "name": "Mine\u0020supervisor",
    "category": -1,
    "minimapdot": false,
    "level": 0,
    "actions": [[
      1426,
      3848
    ]],
    "coordinates": [[
      1426,
      3848
    ]],
    "models": [
      2972,
      10825,
      2978,
      23875,
      6018
    ]
  },
  {
    "id": 3019,
    "name": "Spider",
    "category": 384,
    "minimapdot": false,
    "level": 1,
    "actions": ["Attack"],
    "coordinates": [
      [
        1428,
        3861
      ],
      [
        1432,
        3877
      ],
      [
        1433,
        3853
      ],
      [
        1447,
        3849
      ],
      [
        1447,
        3881
      ]
    ],
    "models": [24613]
  },
  {
    "id": 7076,
    "name": "Mine\u0020supervisor",
    "category": -1,
    "minimapdot": false,
    "level": 0,
    "actions": [[
      1442,
      3843
    ]],
    "coordinates": [[
      1442,
      3843
    ]],
    "models": [
      2973,
      10825,
      2978,
      23875,
      6018
    ]
  },
  {
    "id": 7071,
    "name": "Toothy",
    "category": -1,
    "minimapdot": false,
    "level": 0,
    "actions": [
      "Talk-to",
      "Trade"
    ],
    "coordinates": [[
      1452,
      3858
    ]],
    "models": [
      8637,
      10825,
      2979,
      23875,
      6018
    ]
  }
]