[
  {
    "id": 4289,
    "name": "Gull",
    "category": 255,
    "minimapdot": false,
    "level": 0,
    "actions": [
      [
        1474,
        3463
      ],
      [
        1483,
        3464
      ],
      [
        1485,
        3458
      ]
    ],
    "coordinates": [
      [
        1474,
        3463
      ],
      [
        1483,
        3464
      ],
      [
        1485,
        3458
      ]
    ],
    "models": [
      26841,
      26844
    ]
  },
  {
    "id": 2802,
    "name": "Sheepdog",
    "category": -1,
    "minimapdot": false,
    "level": 0,
    "actions": [[
      1474,
      3473
    ]],
    "coordinates": [[
      1474,
      3473
    ]],
    "models": [7755]
  },
  {
    "id": 2910,
    "name": "Chinchompa",
    "category": 374,
    "minimapdot": false,
    "level": 1,
    "actions": ["Attack"],
    "coordinates": [
      [
        1480,
        3503
      ],
      [
        1483,
        3508
      ],
      [
        1487,
        3501
      ],
      [
        1487,
        3506
      ]
    ],
    "models": [19371]
  },
  {
    "id": 2863,
    "name": "Giant\u0020rat",
    "category": 262,
    "minimapdot": false,
    "level": 6,
    "actions": ["Attack"],
    "coordinates": [
      [
        1492,
        3461
      ],
      [
        1498,
        3456
      ]
    ],
    "models": [
      18892,
      18890,
      18895,
      18888
    ]
  },
  {
    "id": 2856,
    "name": "Giant\u0020rat",
    "category": 262,
    "minimapdot": false,
    "level": 3,
    "actions": ["Attack"],
    "coordinates": [
      [
        1494,
        3458
      ],
      [
        1494,
        3465
      ]
    ],
    "models": [
      18891,
      18889,
      18894,
      18888
    ]
  },
  {
    "id": 2864,
    "name": "Giant\u0020rat",
    "category": 262,
    "minimapdot": false,
    "level": 6,
    "actions": ["Attack"],
    "coordinates": [
      [
        1497,
        3461
      ],
      [
        1501,
        3459
      ]
    ],
    "models": [
      18893,
      18889,
      18896,
      18888
    ]
  },
  {
    "id": 1418,
    "name": "Squirrel",
    "category": -1,
    "minimapdot": false,
    "level": 0,
    "actions": [
      [
        1499,
        3484
      ],
      [
        1503,
        3479
      ],
      [
        1509,
        3484
      ]
    ],
    "coordinates": [
      [
        1499,
        3484
      ],
      [
        1503,
        3479
      ],
      [
        1509,
        3484
      ]
    ],
    "models": [11723]
  },
  {
    "id": 1173,
    "name": "Chicken",
    "category": 444,
    "minimapdot": false,
    "level": 1,
    "actions": ["Attack"],
    "coordinates": [
      [
        1502,
        3469
      ],
      [
        1504,
        3465
      ],
      [
        1508,
        3465
      ],
      [
        1508,
        3470
      ],
      [
        1511,
        3468
      ]
    ],
    "models": [23905]
  },
  {
    "id": 5556,
    "name": "Ruby\u0020harvest",
    "category": -1,
    "minimapdot": false,
    "level": 0,
    "actions": ["Catch"],
    "coordinates": [
      [
        1503,
        3484
      ],
      [
        1506,
        3475
      ],
      [
        1517,
        3480
      ],
      [
        1524,
        3473
      ],
      [
        1525,
        3480
      ]
    ],
    "models": [3022]
  },
  {
    "id": 7473,
    "name": "Duck",
    "category": 425,
    "minimapdot": false,
    "level": 0,
    "actions": [[
      1504,
      3467
    ]],
    "coordinates": [[
      1504,
      3467
    ]],
    "models": [26873]
  },
  {
    "id": 7475,
    "name": "Roy\u0020jr.",
    "category": -1,
    "minimapdot": false,
    "level": 0,
    "actions": ["Talk-to"],
    "coordinates": [[
      1506,
      3465
    ]],
    "models": [
      2897,
      2909,
      2917
    ]
  },
  {
    "id": 7474,
    "name": "Reginald",
    "category": 922,
    "minimapdot": false,
    "level": 0,
    "actions": ["Talk-to"],
    "coordinates": [[
      1506,
      3469
    ]],
    "models": [
      210,
      14187,
      162,
      24982,
      254,
      185,
      252,
      18561,
      8954
    ]
  },
  {
    "id": 2090,
    "name": "Moss\u0020giant",
    "category": 346,
    "minimapdot": false,
    "level": 42,
    "actions": ["Attack"],
    "coordinates": [[
      1513,
      3505
    ]],
    "models": [
      17455,
      17439,
      17460
    ]
  },
  {
    "id": 2092,
    "name": "Moss\u0020giant",
    "category": 346,
    "minimapdot": false,
    "level": 42,
    "actions": ["Attack"],
    "coordinates": [[
      1516,
      3501
    ]],
    "models": [
      17456,
      17444,
      17460
    ]
  },
  {
    "id": 2091,
    "name": "Moss\u0020giant",
    "category": 346,
    "minimapdot": false,
    "level": 42,
    "actions": ["Attack"],
    "coordinates": [[
      1519,
      3508
    ]],
    "models": [
      17455,
      17444,
      17460
    ]
  },
  {
    "id": 1416,
    "name": "Squirrel",
    "category": -1,
    "minimapdot": false,
    "level": 0,
    "actions": [
      [
        1522,
        3474
      ],
      [
        1528,
        3480
      ]
    ],
    "coordinates": [
      [
        1522,
        3474
      ],
      [
        1528,
        3480
      ]
    ],
    "models": [11723]
  },
  {
    "id": 2093,
    "name": "Moss\u0020giant",
    "category": 346,
    "minimapdot": false,
    "level": 42,
    "actions": ["Attack"],
    "coordinates": [[
      1522,
      3504
    ]],
    "models": [
      17457,
      17445,
      17460
    ]
  }
]