[
  {
    "id": 7459,
    "name": "Fishing\u0020spot",
    "category": 283,
    "minimapdot": false,
    "level": 0,
    "actions": [
      "Small\u0020Net",
      "Bait"
    ],
    "coordinates": [
      [
        1485,
        3431
      ],
      [
        1485,
        3432
      ],
      [
        1494,
        3443
      ]
    ],
    "models": [1491]
  },
  {
    "id": 7461,
    "name": "Fishing\u0020spot",
    "category": 282,
    "minimapdot": false,
    "level": 0,
    "actions": [
      "Big\u0020Net",
      "Harpoon"
    ],
    "coordinates": [[
      1485,
      3433
    ]],
    "models": [1491]
  },
  {
    "id": 7460,
    "name": "Fishing\u0020spot",
    "category": 281,
    "minimapdot": false,
    "level": 0,
    "actions": [
      "Cage",
      "Harpoon"
    ],
    "coordinates": [[
      1493,
      3442
    ]],
    "models": [1491]
  },
  {
    "id": 7479,
    "name": "Lan\u0020the\u0020Butcher",
    "category": -1,
    "minimapdot": false,
    "level": 0,
    "actions": ["Talk-to"],
    "coordinates": [[
      1497,
      3422
    ]],
    "models": [
      206,
      302,
      247,
      159,
      179,
      254,
      185,
      283,
      186,
      12765
    ]
  },
  {
    "id": 2838,
    "name": "Grizzly\u0020bear",
    "category": 438,
    "minimapdot": false,
    "level": 21,
    "actions": ["Attack"],
    "coordinates": [[
      1499,
      3449
    ]],
    "models": [
      18884,
      18886
    ]
  },
  {
    "id": 3908,
    "name": "Bear\u0020Cub",
    "category": 438,
    "minimapdot": false,
    "level": 15,
    "actions": ["Attack"],
    "coordinates": [
      [
        1502,
        3452
      ],
      [
        1503,
        3448
      ]
    ],
    "models": [
      18883,
      18885
    ]
  },
  {
    "id": 7478,
    "name": "Hugor",
    "category": -1,
    "minimapdot": false,
    "level": 0,
    "actions": ["Talk-to"],
    "coordinates": [[
      1510,
      3420
    ]],
    "models": [
      7028,
      7056,
      2978,
      7045,
      2985,
      2992
    ]
  },
  {
    "id": 7476,
    "name": "Robert\u0020Boss",
    "category": -1,
    "minimapdot": false,
    "level": 0,
    "actions": ["Talk-to"],
    "coordinates": [[
      1529,
      3422
    ]],
    "models": [
      25657,
      11190,
      292,
      317,
      162,
      176,
      9461,
      12138,
      9617,
      4391
    ]
  },
  {
    "id": 7471,
    "name": "Captain\u0020Magoro",
    "category": -1,
    "minimapdot": false,
    "level": 0,
    "actions": [
      "Talk-to",
      "Port\u0020Sarim",
      "Port\u0020Piscarilius"
    ],
    "coordinates": [[
      1504,
      3401
    ]],
    "models": [
      215,
      246,
      292,
      151,
      176,
      254,
      181,
      194
    ]
  }
]