[
  {
    "id": 6915,
    "name": "Lizardman",
    "category": 929,
    "minimapdot": false,
    "level": 53,
    "actions": ["Attack"],
    "coordinates": [
      [
        1480,
        3719
      ],
      [
        1491,
        3715
      ],
      [
        1511,
        3714
      ],
      [
        1514,
        3716
      ]
    ],
    "models": [29853]
  },
  {
    "id": 1406,
    "name": "Dwarf",
    "category": 352,
    "minimapdot": false,
    "level": 11,
    "actions": ["Attack"],
    "coordinates": [[
      1480,
      3767
    ]],
    "models": [
      2970,
      7059,
      2978,
      6021,
      2981,
      2985
    ]
  },
  {
    "id": 6919,
    "name": "Lizardman\u0020brute",
    "category": 929,
    "minimapdot": false,
    "level": 75,
    "actions": ["Attack"],
    "coordinates": [
      [
        1481,
        3717
      ],
      [
        1484,
        3722
      ],
      [
        1495,
        3716
      ],
      [
        1505,
        3720
      ],
      [
        1511,
        3717
      ]
    ],
    "models": [29853]
  },
  {
    "id": 6916,
    "name": "Lizardman",
    "category": 929,
    "minimapdot": false,
    "level": 62,
    "actions": ["Attack"],
    "coordinates": [
      [
        1482,
        3715
      ],
      [
        1506,
        3716
      ]
    ],
    "models": [29853]
  },
  {
    "id": 6868,
    "name": "Soldier",
    "category": 923,
    "minimapdot": false,
    "level": 45,
    "actions": [
      "Talk-to",
      "Attack"
    ],
    "coordinates": [
      [
        1482,
        3721
      ],
      [
        1502,
        3715
      ]
    ],
    "models": [
      29692,
      29772,
      29766,
      29699,
      29711,
      29781,
      546
    ]
  },
  {
    "id": 11146,
    "name": "Councillor\u0020Unkar",
    "category": -1,
    "minimapdot": false,
    "level": 0,
    "actions": [[
      1482,
      3746
    ]],
    "coordinates": [[
      1482,
      3746
    ]],
    "models": []
  },
  {
    "id": 8496,
    "name": "Dwarf",
    "category": 352,
    "minimapdot": false,
    "level": 11,
    "actions": ["Attack"],
    "coordinates": [[
      1482,
      3756
    ]],
    "models": [
      2970,
      7059,
      2978,
      2981,
      2985
    ]
  },
  {
    "id": 11145,
    "name": "Lady\u0020Vulcana\u0020Lovakengj",
    "category": -1,
    "minimapdot": false,
    "level": 1,
    "actions": [[
      1483,
      3748
    ]],
    "coordinates": [[
      1483,
      3748
    ]],
    "models": []
  },
  {
    "id": 3019,
    "name": "Spider",
    "category": 384,
    "minimapdot": false,
    "level": 1,
    "actions": ["Attack"],
    "coordinates": [
      [
        1483,
        3766
      ],
      [
        1497,
        3767
      ],
      [
        1500,
        3759
      ],
      [
        1511,
        3761
      ],
      [
        1515,
        3757
      ],
      [
        1515,
        3759
      ],
      [
        1522,
        3753
      ]
    ],
    "models": [24613]
  },
  {
    "id": 6871,
    "name": "Soldier",
    "category": 923,
    "minimapdot": false,
    "level": 62,
    "actions": [
      "Talk-to",
      "Attack"
    ],
    "coordinates": [
      [
        1484,
        3717
      ],
      [
        1499,
        3719
      ]
    ],
    "models": [
      29787,
      29811,
      29804,
      29789,
      29797,
      29812,
      540
    ]
  },
  {
    "id": 6914,
    "name": "Lizardman",
    "category": 929,
    "minimapdot": false,
    "level": 53,
    "actions": ["Attack"],
    "coordinates": [
      [
        1486,
        3719
      ],
      [
        1503,
        3717
      ]
    ],
    "models": [29853]
  },
  {
    "id": 6917,
    "name": "Lizardman",
    "category": 929,
    "minimapdot": false,
    "level": 62,
    "actions": ["Attack"],
    "coordinates": [
      [
        1487,
        3721
      ],
      [
        1493,
        3718
      ],
      [
        1498,
        3721
      ],
      [
        1501,
        3712
      ],
      [
        1513,
        3715
      ]
    ],
    "models": [29853]
  },
  {
    "id": 11147,
    "name": "Jorra",
    "category": 922,
    "minimapdot": false,
    "level": 1,
    "actions": [[
      1487,
      3748
    ]],
    "coordinates": [[
      1487,
      3748
    ]],
    "models": []
  },
  {
    "id": 6870,
    "name": "Soldier",
    "category": 923,
    "minimapdot": false,
    "level": 56,
    "actions": [
      "Talk-to",
      "Attack"
    ],
    "coordinates": [
      [
        1488,
        3718
      ],
      [
        1501,
        3718
      ]
    ],
    "models": [
      29693,
      29775,
      29767,
      29702,
      29709,
      29780,
      502
    ]
  },
  {
    "id": 6869,
    "name": "Soldier",
    "category": 923,
    "minimapdot": false,
    "level": 54,
    "actions": [
      "Talk-to",
      "Attack"
    ],
    "coordinates": [[
      1489,
      3716
    ]],
    "models": [
      29786,
      29808,
      29802,
      29792,
      29799,
      29816,
      548
    ]
  },
  {
    "id": 6918,
    "name": "Lizardman\u0020brute",
    "category": 929,
    "minimapdot": false,
    "level": 75,
    "actions": ["Attack"],
    "coordinates": [[
      1490,
      3719
    ]],
    "models": [29853]
  },
  {
    "id": 1403,
    "name": "Dwarf",
    "category": 352,
    "minimapdot": false,
    "level": 11,
    "actions": ["Attack"],
    "coordinates": [[
      1498,
      3762
    ]],
    "models": [
      2972,
      7061,
      2979,
      6021,
      7046,
      2985
    ]
  },
  {
    "id": 2834,
    "name": "Giant\u0020bat",
    "category": 296,
    "minimapdot": false,
    "level": 27,
    "actions": ["Attack"],
    "coordinates": [
      [
        1501,
        3740
      ],
      [
        1505,
        3738
      ],
      [
        1529,
        3729
      ],
      [
        1532,
        3732
      ]
    ],
    "models": [18898]
  },
  {
    "id": 1407,
    "name": "Dwarf",
    "category": 352,
    "minimapdot": false,
    "level": 11,
    "actions": ["Attack"],
    "coordinates": [
      [
        1503,
        3770
      ],
      [
        1507,
        3753
      ]
    ],
    "models": [
      2970,
      7059,
      2978,
      2981,
      2985
    ]
  },
  {
    "id": 1404,
    "name": "Dwarf",
    "category": 352,
    "minimapdot": false,
    "level": 11,
    "actions": ["Attack"],
    "coordinates": [[
      1506,
      3760
    ]],
    "models": [
      2973,
      7061,
      2979,
      2990,
      7046,
      2985
    ]
  },
  {
    "id": 1405,
    "name": "Dwarf",
    "category": 352,
    "minimapdot": false,
    "level": 10,
    "actions": ["Attack"],
    "coordinates": [[
      1509,
      3770
    ]],
    "models": [
      2974,
      7059,
      2978,
      2990,
      7044,
      2985
    ]
  },
  {
    "id": 1408,
    "name": "Dwarf",
    "category": 352,
    "minimapdot": false,
    "level": 7,
    "actions": ["Attack"],
    "coordinates": [[
      1512,
      3769
    ]],
    "models": [
      2971,
      7059,
      2978,
      6021,
      7046,
      2985
    ]
  },
  {
    "id": 7227,
    "name": "Miriam",
    "category": -1,
    "minimapdot": false,
    "level": 0,
    "actions": [[
      1517,
      3733
    ]],
    "coordinates": [[
      1517,
      3733
    ]],
    "models": []
  },
  {
    "id": 7080,
    "name": "Banker",
    "category": 249,
    "minimapdot": false,
    "level": 0,
    "actions": [
      "Talk-to",
      "Bank",
      "Collect"
    ],
    "coordinates": [
      [
        1520,
        3742
      ],
      [
        1524,
        3742
      ],
      [
        1528,
        3742
      ]
    ],
    "models": [
      7031,
      6020,
      7060,
      7038,
      7048,
      7068
    ]
  },
  {
    "id": 7078,
    "name": "Banker",
    "category": 249,
    "minimapdot": false,
    "level": 0,
    "actions": [
      "Talk-to",
      "Bank",
      "Collect"
    ],
    "coordinates": [
      [
        1522,
        3736
      ],
      [
        1530,
        3736
      ]
    ],
    "models": [
      7035,
      7071,
      7060,
      7038,
      7048,
      7068
    ]
  },
  {
    "id": 7082,
    "name": "Banker",
    "category": 249,
    "minimapdot": false,
    "level": 0,
    "actions": [
      "Talk-to",
      "Bank",
      "Collect"
    ],
    "coordinates": [
      [
        1522,
        3742
      ],
      [
        1526,
        3742
      ],
      [
        1530,
        3742
      ]
    ],
    "models": [
      2972,
      6017,
      2978,
      2981,
      2985
    ]
  },
  {
    "id": 7087,
    "name": "Armourer\u0020(tier\u00205)",
    "category": -1,
    "minimapdot": false,
    "level": 0,
    "actions": [
      "Talk-to",
      "Deliver"
    ],
    "coordinates": [[
      1524,
      3750
    ]],
    "models": [
      7031,
      7071,
      7058,
      7036,
      7048,
      7068
    ]
  },
  {
    "id": 2827,
    "name": "Bat",
    "category": 296,
    "minimapdot": false,
    "level": 6,
    "actions": ["Attack"],
    "coordinates": [[
      1532,
      3727
    ]],
    "models": [18900]
  }
]