[
  {
    "id": 11104,
    "name": "Guard",
    "category": 470,
    "minimapdot": false,
    "level": 21,
    "actions": [
      "Attack",
      "Pickpocket"
    ],
    "coordinates": [
      [
        1472,
        3557
      ],
      [
        1524,
        3561
      ]
    ],
    "models": [
      29786,
      29808,
      29802,
      29792,
      29799,
      29816,
      42327,
      42328
    ]
  },
  {
    "id": 7485,
    "name": "Zombie",
    "category": 976,
    "minimapdot": false,
    "level": 70,
    "actions": ["Attack"],
    "coordinates": [[
      1478,
      3531
    ]],
    "models": [
      21102,
      21139,
      21057,
      21037,
      21113,
      21073,
      21086
    ]
  },
  {
    "id": 11109,
    "name": "Dark\u0020warrior",
    "category": 1574,
    "minimapdot": false,
    "level": 62,
    "actions": ["Attack"],
    "coordinates": [[
      1478,
      3534
    ]],
    "models": [
      219,
      306,
      164,
      179,
      268,
      185,
      518,
      246
    ]
  },
  {
    "id": 11111,
    "name": "Dark\u0020warrior",
    "category": 1574,
    "minimapdot": false,
    "level": 37,
    "actions": ["Attack"],
    "coordinates": [[
      1480,
      3530
    ]],
    "models": [
      219,
      306,
      164,
      179,
      268,
      185,
      518,
      246
    ]
  },
  {
    "id": 11088,
    "name": "Necromancer",
    "category": -1,
    "minimapdot": false,
    "level": 68,
    "actions": ["Attack"],
    "coordinates": [[
      1480,
      3533
    ]],
    "models": [
      42312,
      42315,
      42314,
      42313,
      37041
    ]
  },
  {
    "id": 7486,
    "name": "Zombie",
    "category": 976,
    "minimapdot": false,
    "level": 56,
    "actions": ["Attack"],
    "coordinates": [[
      1480,
      3536
    ]],
    "models": [
      21111,
      21132,
      21056,
      21052,
      21119,
      21077,
      21085
    ]
  },
  {
    "id": 10888,
    "name": "Bat",
    "category": 296,
    "minimapdot": false,
    "level": 6,
    "actions": ["Attack"],
    "coordinates": [
      [
        1480,
        3559
      ],
      [
        1482,
        3570
      ],
      [
        1490,
        3557
      ]
    ],
    "models": [18900]
  },
  {
    "id": 7488,
    "name": "Zombie",
    "category": 976,
    "minimapdot": false,
    "level": 72,
    "actions": ["Attack"],
    "coordinates": [[
      1482,
      3530
    ]],
    "models": [
      21104,
      21139,
      21057,
      21037,
      21113,
      21073,
      21086
    ]
  },
  {
    "id": 7487,
    "name": "Zombie",
    "category": 976,
    "minimapdot": false,
    "level": 76,
    "actions": ["Attack"],
    "coordinates": [[
      1483,
      3534
    ]],
    "models": [
      21101,
      21139,
      21067,
      21049,
      21125,
      21081,
      21098
    ]
  },
  {
    "id": 11094,
    "name": "Guard",
    "category": 470,
    "minimapdot": false,
    "level": 21,
    "actions": [
      "Attack",
      "Pickpocket"
    ],
    "coordinates": [[
      1496,
      3541
    ]],
    "models": [
      29693,
      29775,
      29767,
      29702,
      29709,
      29780,
      490,
      486
    ]
  },
  {
    "id": 11141,
    "name": "Jorra",
    "category": 922,
    "minimapdot": false,
    "level": 1,
    "actions": [[
      1496,
      3557
    ]],
    "coordinates": [[
      1496,
      3557
    ]],
    "models": []
  },
  {
    "id": 11050,
    "name": "Father\u0020Eysseric",
    "category": -1,
    "minimapdot": false,
    "level": 0,
    "actions": ["Talk-to"],
    "coordinates": [[
      1497,
      3563
    ]],
    "models": [
      223,
      284,
      253,
      292,
      170,
      176,
      260,
      181
    ]
  },
  {
    "id": 11051,
    "name": "Mia",
    "category": -1,
    "minimapdot": false,
    "level": 0,
    "actions": ["Talk-to"],
    "coordinates": [[
      1498,
      3567
    ]],
    "models": [
      390,
      456,
      332,
      10706,
      419,
      358
    ]
  },
  {
    "id": 11106,
    "name": "Guard",
    "category": 470,
    "minimapdot": false,
    "level": 21,
    "actions": [
      "Attack",
      "Pickpocket"
    ],
    "coordinates": [[
      1500,
      3540
    ]],
    "models": [
      29786,
      29808,
      29802,
      29792,
      29799,
      29816,
      42327,
      42328
    ]
  },
  {
    "id": 6872,
    "name": "New\u0020Recruit\u0020Tony",
    "category": -1,
    "minimapdot": false,
    "level": 0,
    "actions": ["Talk-to"],
    "coordinates": [[
      1504,
      3554
    ]],
    "models": [
      217,
      29772,
      29766,
      29699,
      29711,
      29781,
      11190
    ]
  },
  {
    "id": 6988,
    "name": "Man",
    "category": 266,
    "minimapdot": false,
    "level": 2,
    "actions": [
      "Talk-to",
      "Attack",
      "Pickpocket"
    ],
    "coordinates": [[
      1509,
      3563
    ]],
    "models": [
      217,
      246,
      292,
      326,
      170,
      177,
      274,
      185
    ]
  },
  {
    "id": 11056,
    "name": "Old\u0020man",
    "category": 922,
    "minimapdot": false,
    "level": 0,
    "actions": ["Talk-to"],
    "coordinates": [[
      1510,
      3551
    ]],
    "models": [
      230,
      250,
      7611,
      5668,
      177,
      3711,
      254,
      181
    ]
  },
  {
    "id": 11092,
    "name": "Guard",
    "category": 470,
    "minimapdot": false,
    "level": 21,
    "actions": [
      "Attack",
      "Pickpocket"
    ],
    "coordinates": [
      [
        1511,
        3583
      ],
      [
        1529,
        3559
      ]
    ],
    "models": [
      29693,
      29775,
      29767,
      29702,
      29709,
      29780,
      490,
      486
    ]
  },
  {
    "id": 11059,
    "name": "Commissioner\u0020Anwar",
    "category": -1,
    "minimapdot": false,
    "level": 0,
    "actions": ["Talk-to"],
    "coordinates": [[
      1520,
      3558
    ]],
    "models": [
      39779,
      29806,
      29800,
      29790,
      29794,
      29815
    ]
  },
  {
    "id": 11102,
    "name": "Guard",
    "category": 470,
    "minimapdot": false,
    "level": 21,
    "actions": [
      "Attack",
      "Pickpocket"
    ],
    "coordinates": [[
      1520,
      3581
    ]],
    "models": [
      29786,
      29808,
      29802,
      29792,
      29799,
      29816,
      42327,
      42328
    ]
  },
  {
    "id": 11096,
    "name": "Guard",
    "category": 470,
    "minimapdot": false,
    "level": 21,
    "actions": [
      "Attack",
      "Pickpocket"
    ],
    "coordinates": [[
      1524,
      3551
    ]],
    "models": [
      29693,
      29775,
      29767,
      29702,
      29709,
      29780,
      490,
      486
    ]
  },
  {
    "id": 11098,
    "name": "Guard",
    "category": 470,
    "minimapdot": false,
    "level": 21,
    "actions": [
      "Attack",
      "Pickpocket"
    ],
    "coordinates": [[
      1525,
      3567
    ]],
    "models": [
      29693,
      29775,
      29767,
      29702,
      29709,
      29780,
      490,
      486
    ]
  },
  {
    "id": 6991,
    "name": "Woman",
    "category": 492,
    "minimapdot": false,
    "level": 2,
    "actions": [
      "Talk-to",
      "Attack",
      "Pickpocket"
    ],
    "coordinates": [[
      1526,
      3574
    ]],
    "models": [
      391,
      471,
      332,
      353,
      419,
      358,
      414
    ]
  },
  {
    "id": 6990,
    "name": "Woman",
    "category": 492,
    "minimapdot": false,
    "level": 2,
    "actions": [
      "Talk-to",
      "Attack",
      "Pickpocket"
    ],
    "coordinates": [[
      1528,
      3550
    ]],
    "models": [
      390,
      456,
      332,
      353,
      421,
      358
    ]
  },
  {
    "id": 11060,
    "name": "Captain\u0020Bruce",
    "category": -1,
    "minimapdot": false,
    "level": 0,
    "actions": ["Talk-to"],
    "coordinates": [[
      1530,
      3567
    ]],
    "models": [
      28326,
      29776,
      29768,
      29701,
      29705,
      29778,
      249
    ]
  },
  {
    "id": 6790,
    "name": "Shayda",
    "category": 9,
    "minimapdot": false,
    "level": 0,
    "actions": [[
      1532,
      3545
    ]],
    "coordinates": [[
      1532,
      3545
    ]],
    "models": []
  }
]