[
  {
    "id": 7612,
    "name": "Krato",
    "category": -1,
    "minimapdot": false,
    "level": 0,
    "actions": ["Talk-to"],
    "coordinates": [[
      1541,
      10224
    ]],
    "models": [30558]
  },
  {
    "id": 7610,
    "name": "Logios",
    "category": -1,
    "minimapdot": false,
    "level": 0,
    "actions": ["Talk-to"],
    "coordinates": [[
      1548,
      10217
    ]],
    "models": [30558]
  },
  {
    "id": 7607,
    "name": "Imerominia",
    "category": -1,
    "minimapdot": false,
    "level": 0,
    "actions": ["Talk-to"],
    "coordinates": [[
      1550,
      10230
    ]],
    "models": [30557]
  },
  {
    "id": 7611,
    "name": "Meleti",
    "category": 936,
    "minimapdot": false,
    "level": 0,
    "actions": ["Talk-to"],
    "coordinates": [[
      1551,
      10213
    ]],
    "models": [
      208,
      251,
      292,
      11766,
      11809,
      10218,
      256,
      181,
      11767,
      4591
    ]
  },
  {
    "id": 11151,
    "name": "Istoria",
    "category": -1,
    "minimapdot": false,
    "level": 1,
    "actions": [[
      1552,
      10224
    ]],
    "coordinates": [[
      1552,
      10224
    ]],
    "models": []
  },
  {
    "id": 7613,
    "name": "Ektheme",
    "category": -1,
    "minimapdot": false,
    "level": 0,
    "actions": ["Talk-to"],
    "coordinates": [[
      1553,
      10227
    ]],
    "models": [30559]
  },
  {
    "id": 7608,
    "name": "Pagida",
    "category": -1,
    "minimapdot": false,
    "level": 0,
    "actions": ["Talk-to"],
    "coordinates": [[
      1554,
      10221
    ]],
    "models": [30558]
  }
]