[
  {
    "id": 3019,
    "name": "Spider",
    "category": 384,
    "minimapdot": false,
    "level": 1,
    "actions": ["Attack"],
    "coordinates": [
      [
        1538,
        3787
      ],
      [
        1538,
        3814
      ],
      [
        1539,
        3791
      ],
      [
        1545,
        3777
      ],
      [
        1545,
        3807
      ],
      [
        1553,
        3804
      ],
      [
        1555,
        3824
      ],
      [
        1557,
        3821
      ],
      [
        1563,
        3812
      ],
      [
        1572,
        3805
      ],
      [
        1572,
        3833
      ],
      [
        1579,
        3800
      ],
      [
        1587,
        3805
      ],
      [
        1588,
        3792
      ],
      [
        1589,
        3797
      ],
      [
        1589,
        3834
      ]
    ],
    "models": [24613]
  },
  {
    "id": 1403,
    "name": "Dwarf",
    "category": 352,
    "minimapdot": false,
    "level": 11,
    "actions": ["Attack"],
    "coordinates": [
      [
        1541,
        3806
      ],
      [
        1541,
        3810
      ]
    ],
    "models": [
      2972,
      7061,
      2979,
      6021,
      7046,
      2985
    ]
  },
  {
    "id": 1406,
    "name": "Dwarf",
    "category": 352,
    "minimapdot": false,
    "level": 11,
    "actions": ["Attack"],
    "coordinates": [[
      1543,
      3780
    ]],
    "models": [
      2970,
      7059,
      2978,
      6021,
      2981,
      2985
    ]
  },
  {
    "id": 2854,
    "name": "Rat",
    "category": 262,
    "minimapdot": false,
    "level": 1,
    "actions": ["Attack"],
    "coordinates": [
      [
        1545,
        3802
      ],
      [
        1555,
        3794
      ],
      [
        1566,
        3810
      ],
      [
        1566,
        3827
      ],
      [
        1594,
        3832
      ]
    ],
    "models": [9610]
  },
  {
    "id": 2827,
    "name": "Bat",
    "category": 296,
    "minimapdot": false,
    "level": 6,
    "actions": ["Attack"],
    "coordinates": [
      [
        1546,
        3799
      ],
      [
        1551,
        3802
      ],
      [
        1552,
        3791
      ]
    ],
    "models": [18900]
  },
  {
    "id": 1405,
    "name": "Dwarf",
    "category": 352,
    "minimapdot": false,
    "level": 10,
    "actions": ["Attack"],
    "coordinates": [[
      1548,
      3808
    ]],
    "models": [
      2974,
      7059,
      2978,
      2990,
      7044,
      2985
    ]
  },
  {
    "id": 1401,
    "name": "Dwarf",
    "category": 352,
    "minimapdot": false,
    "level": 11,
    "actions": ["Attack"],
    "coordinates": [[
      1554,
      3796
    ]],
    "models": [
      2970,
      7061,
      2979,
      6021,
      7046,
      2985
    ]
  },
  {
    "id": 1402,
    "name": "Dwarf",
    "category": 352,
    "minimapdot": false,
    "level": 11,
    "actions": ["Attack"],
    "coordinates": [[
      1555,
      3785
    ]],
    "models": [
      2971,
      7061,
      2979,
      6021,
      7046,
      2985
    ]
  },
  {
    "id": 8507,
    "name": "Tower\u0020Mage",
    "category": 1302,
    "minimapdot": false,
    "level": 0,
    "actions": ["Talk-to"],
    "coordinates": [[
      1573,
      3815
    ]],
    "models": [30558]
  },
  {
    "id": 8510,
    "name": "Tower\u0020Mage",
    "category": 1302,
    "minimapdot": false,
    "level": 0,
    "actions": ["Talk-to"],
    "coordinates": [[
      1574,
      3825
    ]],
    "models": [30557]
  },
  {
    "id": 8508,
    "name": "Tower\u0020Mage",
    "category": 1302,
    "minimapdot": false,
    "level": 0,
    "actions": ["Talk-to"],
    "coordinates": [
      [
        1578,
        3808
      ],
      [
        1579,
        3834
      ]
    ],
    "models": [30558]
  },
  {
    "id": 8511,
    "name": "Tower\u0020Mage",
    "category": 1302,
    "minimapdot": false,
    "level": 0,
    "actions": ["Talk-to"],
    "coordinates": [[
      1583,
      3827
    ]],
    "models": [30559]
  },
  {
    "id": 8509,
    "name": "Tower\u0020Mage",
    "category": 1302,
    "minimapdot": false,
    "level": 0,
    "actions": ["Talk-to"],
    "coordinates": [[
      1588,
      3815
    ]],
    "models": [30557]
  },
  {
    "id": 7052,
    "name": "Tower\u0020Mage",
    "category": 922,
    "minimapdot": false,
    "level": 0,
    "actions": ["Talk-to"],
    "coordinates": [
      [
        1597,
        3818
      ],
      [
        1597,
        3821
      ]
    ],
    "models": [30558]
  }
]