[
  {
    "id": 7506,
    "name": "\u003Ccol\u003D00ffff\u003EDragon\u0020head\u003C\/col\u003E",
    "category": 922,
    "minimapdot": false,
    "level": 1,
    "actions": [[
      1550,
      4881
    ]],
    "coordinates": [[
      1550,
      4881
    ]],
    "models": []
  },
  {
    "id": 7507,
    "name": "\u003Ccol\u003D00ffff\u003EDragon\u0020head\u003C\/col\u003E",
    "category": 922,
    "minimapdot": false,
    "level": 1,
    "actions": [[
      1554,
      4885
    ]],
    "coordinates": [[
      1554,
      4885
    ]],
    "models": []
  },
  {
    "id": 7508,
    "name": "\u003Ccol\u003D00ffff\u003EDragon\u0020head\u003C\/col\u003E",
    "category": 922,
    "minimapdot": false,
    "level": 1,
    "actions": [[
      1558,
      4881
    ]],
    "coordinates": [[
      1558,
      4881
    ]],
    "models": []
  }
]