[
  {
    "id": 7255,
    "name": "Steel\u0020dragon",
    "category": 347,
    "minimapdot": false,
    "level": 274,
    "actions": ["Attack"],
    "coordinates": [
      [
        1607,
        10057
      ],
      [
        1609,
        10050
      ]
    ],
    "models": [
      24578,
      24587,
      24583,
      17423
    ]
  },
  {
    "id": 7274,
    "name": "Brutal\u0020red\u0020dragon",
    "category": 347,
    "minimapdot": false,
    "level": 289,
    "actions": ["Attack"],
    "coordinates": [
      [
        1611,
        10076
      ],
      [
        1616,
        10077
      ],
      [
        1617,
        10071
      ]
    ],
    "models": [
      17410,
      17426,
      17418,
      17423
    ]
  },
  {
    "id": 7275,
    "name": "Brutal\u0020black\u0020dragon",
    "category": 347,
    "minimapdot": false,
    "level": 318,
    "actions": ["Attack"],
    "coordinates": [
      [
        1611,
        10090
      ],
      [
        1612,
        10097
      ],
      [
        1617,
        10091
      ],
      [
        1618,
        10097
      ]
    ],
    "models": [
      17409,
      17426,
      17418,
      17423
    ]
  },
  {
    "id": 7273,
    "name": "Brutal\u0020blue\u0020dragon",
    "category": 347,
    "minimapdot": false,
    "level": 271,
    "actions": ["Attack"],
    "coordinates": [
      [
        1629,
        10071
      ],
      [
        1633,
        10077
      ]
    ],
    "models": [
      17407,
      17426,
      17418,
      17423
    ]
  },
  {
    "id": 7265,
    "name": "Skeleton",
    "category": 257,
    "minimapdot": false,
    "level": 22,
    "actions": ["Attack"],
    "coordinates": [
      [
        1639,
        10048
      ],
      [
        1639,
        10051
      ],
      [
        1640,
        10054
      ]
    ],
    "models": [
      21175,
      21160,
      21157,
      21182,
      21201,
      21187
    ]
  },
  {
    "id": 7256,
    "name": "Hellhound",
    "category": 217,
    "minimapdot": false,
    "level": 122,
    "actions": ["Attack"],
    "coordinates": [
      [
        1639,
        10060
      ],
      [
        1639,
        10063
      ],
      [
        1642,
        10068
      ],
      [
        1643,
        10063
      ],
      [
        1645,
        10071
      ],
      [
        1646,
        10066
      ],
      [
        1647,
        10062
      ],
      [
        1648,
        10058
      ],
      [
        1651,
        10062
      ]
    ],
    "models": [26256]
  },
  {
    "id": 7280,
    "name": "Kineer",
    "category": -1,
    "minimapdot": false,
    "level": 0,
    "actions": ["Talk-to"],
    "coordinates": [[
      1640,
      10075
    ]],
    "models": [
      206,
      246,
      306,
      164,
      179,
      518,
      486,
      268,
      4954
    ]
  },
  {
    "id": 7261,
    "name": "Hill\u0020Giant",
    "category": 346,
    "minimapdot": false,
    "level": 28,
    "actions": ["Attack"],
    "coordinates": [
      [
        1662,
        10070
      ],
      [
        1662,
        10073
      ],
      [
        1663,
        10063
      ],
      [
        1663,
        10066
      ]
    ],
    "models": [
      42534,
      27669,
      17460
    ]
  },
  {
    "id": 7252,
    "name": "Fire\u0020giant",
    "category": 346,
    "minimapdot": false,
    "level": 104,
    "actions": ["Attack"],
    "coordinates": [
      [
        1618,
        10054
      ],
      [
        1622,
        10063
      ],
      [
        1628,
        10052
      ],
      [
        1631,
        10062
      ],
      [
        1632,
        10066
      ]
    ],
    "models": [
      17450,
      17438
    ]
  },
  {
    "id": 7251,
    "name": "Fire\u0020giant",
    "category": 346,
    "minimapdot": false,
    "level": 109,
    "actions": ["Attack"],
    "coordinates": [
      [
        1622,
        10057
      ],
      [
        1624,
        10048
      ],
      [
        1629,
        10056
      ],
      [
        1630,
        10049
      ],
      [
        1632,
        10054
      ],
      [
        1633,
        10059
      ],
      [
        1637,
        10067
      ]
    ],
    "models": [
      17451,
      17435
    ]
  },
  {
    "id": 7253,
    "name": "Bronze\u0020dragon",
    "category": 347,
    "minimapdot": false,
    "level": 143,
    "actions": ["Attack"],
    "coordinates": [
      [
        1645,
        10095
      ],
      [
        1650,
        10091
      ],
      [
        1650,
        10098
      ]
    ],
    "models": [
      24576,
      24585,
      24581,
      17423
    ]
  },
  {
    "id": 7254,
    "name": "Iron\u0020dragon",
    "category": 347,
    "minimapdot": false,
    "level": 215,
    "actions": ["Attack"],
    "coordinates": [
      [
        1655,
        10085
      ],
      [
        1661,
        10086
      ]
    ],
    "models": [
      24577,
      24586,
      24582,
      17423
    ]
  }
]