[
  {
    "id": 11098,
    "name": "Guard",
    "category": 470,
    "minimapdot": false,
    "level": 21,
    "actions": [
      "Attack",
      "Pickpocket"
    ],
    "coordinates": [
      [
        1602,
        3674
      ],
      [
        1632,
        3648
      ],
      [
        1637,
        3666
      ]
    ],
    "models": [
      29693,
      29775,
      29767,
      29702,
      29709,
      29780,
      490,
      486
    ]
  },
  {
    "id": 11106,
    "name": "Guard",
    "category": 470,
    "minimapdot": false,
    "level": 21,
    "actions": [
      "Attack",
      "Pickpocket"
    ],
    "coordinates": [[
      1603,
      3667
    ]],
    "models": [
      29786,
      29808,
      29802,
      29792,
      29799,
      29816,
      42327,
      42328
    ]
  },
  {
    "id": 11092,
    "name": "Guard",
    "category": 470,
    "minimapdot": false,
    "level": 21,
    "actions": [
      "Attack",
      "Pickpocket"
    ],
    "coordinates": [[
      1605,
      3669
    ]],
    "models": [
      29693,
      29775,
      29767,
      29702,
      29709,
      29780,
      490,
      486
    ]
  },
  {
    "id": 11102,
    "name": "Guard",
    "category": 470,
    "minimapdot": false,
    "level": 21,
    "actions": [
      "Attack",
      "Pickpocket"
    ],
    "coordinates": [
      [
        1605,
        3677
      ],
      [
        1643,
        3667
      ]
    ],
    "models": [
      29786,
      29808,
      29802,
      29792,
      29799,
      29816,
      42327,
      42328
    ]
  },
  {
    "id": 11120,
    "name": "Commander\u0020Fullore",
    "category": -1,
    "minimapdot": false,
    "level": 1,
    "actions": [[
      1606,
      3656
    ]],
    "coordinates": [[
      1606,
      3656
    ]],
    "models": []
  },
  {
    "id": 11117,
    "name": "Commander\u0020Fullore",
    "category": 922,
    "minimapdot": false,
    "level": 1,
    "actions": [[
      1612,
      3669
    ]],
    "coordinates": [[
      1612,
      3669
    ]],
    "models": []
  },
  {
    "id": 5007,
    "name": "Imp",
    "category": 748,
    "minimapdot": false,
    "level": 2,
    "actions": ["Attack"],
    "coordinates": [[
      1616,
      3704
    ]],
    "models": [19982]
  },
  {
    "id": 8542,
    "name": "Royal\u0020Guard",
    "category": -1,
    "minimapdot": false,
    "level": 0,
    "actions": [[
      1619,
      3678
    ]],
    "coordinates": [[
      1619,
      3678
    ]],
    "models": [36320]
  },
  {
    "id": 8515,
    "name": "Alyssa",
    "category": -1,
    "minimapdot": false,
    "level": 0,
    "actions": ["Talk-to"],
    "coordinates": [[
      1623,
      3659
    ]],
    "models": [
      36329,
      358,
      10706,
      11775,
      467,
      433
    ]
  },
  {
    "id": 3211,
    "name": "Silk\u0020merchant",
    "category": 1376,
    "minimapdot": false,
    "level": 0,
    "actions": ["Talk-to"],
    "coordinates": [[
      1625,
      3682
    ]],
    "models": [
      215,
      198,
      254,
      248,
      170,
      176,
      181,
      292,
      181
    ]
  },
  {
    "id": 11104,
    "name": "Guard",
    "category": 470,
    "minimapdot": false,
    "level": 21,
    "actions": [
      "Attack",
      "Pickpocket"
    ],
    "coordinates": [
      [
        1627,
        3654
      ],
      [
        1630,
        3682
      ]
    ],
    "models": [
      29786,
      29808,
      29802,
      29792,
      29799,
      29816,
      42327,
      42328
    ]
  },
  {
    "id": 11097,
    "name": "Head\u0020Guard",
    "category": 470,
    "minimapdot": false,
    "level": 84,
    "actions": [
      "Attack",
      "Pickpocket"
    ],
    "coordinates": [[
      1628,
      3650
    ]],
    "models": [
      29690,
      29777,
      29738,
      29700,
      29704,
      29779,
      564,
      565
    ]
  },
  {
    "id": 11094,
    "name": "Guard",
    "category": 470,
    "minimapdot": false,
    "level": 21,
    "actions": [
      "Attack",
      "Pickpocket"
    ],
    "coordinates": [
      [
        1629,
        3648
      ],
      [
        1637,
        3679
      ]
    ],
    "models": [
      29693,
      29775,
      29767,
      29702,
      29709,
      29780,
      490,
      486
    ]
  },
  {
    "id": 11100,
    "name": "Guard",
    "category": 470,
    "minimapdot": false,
    "level": 21,
    "actions": [
      "Attack",
      "Pickpocket"
    ],
    "coordinates": [
      [
        1631,
        3665
      ],
      [
        1633,
        3651
      ]
    ],
    "models": [
      29786,
      29808,
      29802,
      29792,
      29799,
      29816,
      42327,
      42328
    ]
  },
  {
    "id": 6785,
    "name": "Hosa",
    "category": 9,
    "minimapdot": false,
    "level": 0,
    "actions": ["Talk-to"],
    "coordinates": [[
      1631,
      3670
    ]],
    "models": [
      6848,
      248,
      30206,
      30203,
      30201,
      31075
    ]
  },
  {
    "id": 7209,
    "name": "Guard\u0020dog",
    "category": 342,
    "minimapdot": false,
    "level": 44,
    "actions": ["Attack"],
    "coordinates": [[
      1632,
      3665
    ]],
    "models": [26255]
  },
  {
    "id": 6787,
    "name": "Lovada",
    "category": 9,
    "minimapdot": false,
    "level": 0,
    "actions": [[
      1632,
      3678
    ]],
    "coordinates": [[
      1632,
      3678
    ]],
    "models": []
  },
  {
    "id": 7063,
    "name": "Cob",
    "category": 296,
    "minimapdot": false,
    "level": 0,
    "actions": [[
      1632,
      3707
    ]],
    "coordinates": [[
      1632,
      3707
    ]],
    "models": [18900]
  },
  {
    "id": 3207,
    "name": "Gem\u0020merchant",
    "category": 1372,
    "minimapdot": false,
    "level": 0,
    "actions": [
      "Talk-to",
      "Trade"
    ],
    "coordinates": [[
      1633,
      3684
    ]],
    "models": [
      230,
      292,
      251,
      151,
      179,
      254,
      185,
      283,
      238,
      186,
      320
    ]
  },
  {
    "id": 6783,
    "name": "Arcis",
    "category": 9,
    "minimapdot": false,
    "level": 0,
    "actions": [[
      1638,
      3668
    ]],
    "coordinates": [[
      1638,
      3668
    ]],
    "models": []
  },
  {
    "id": 3208,
    "name": "Baker",
    "category": 1373,
    "minimapdot": false,
    "level": 0,
    "actions": [
      "Talk-to",
      "Trade"
    ],
    "coordinates": [[
      1640,
      3684
    ]],
    "models": [
      206,
      302,
      247,
      159,
      179,
      254,
      185,
      283,
      199
    ]
  },
  {
    "id": 6789,
    "name": "Piliar",
    "category": 9,
    "minimapdot": false,
    "level": 0,
    "actions": [[
      1641,
      3679
    ]],
    "coordinates": [[
      1641,
      3679
    ]],
    "models": []
  },
  {
    "id": 6791,
    "name": "Shayda",
    "category": 9,
    "minimapdot": false,
    "level": 0,
    "actions": [[
      1642,
      3673
    ]],
    "coordinates": [[
      1642,
      3673
    ]],
    "models": []
  },
  {
    "id": 8538,
    "name": "Elise",
    "category": 1304,
    "minimapdot": false,
    "level": 0,
    "actions": ["Talk-to"],
    "coordinates": [[
      1648,
      3665
    ]],
    "models": [
      408,
      34645,
      5025,
      13319,
      27646,
      417
    ]
  },
  {
    "id": 10730,
    "name": "Guard",
    "category": 922,
    "minimapdot": false,
    "level": 1,
    "actions": [[
      1659,
      3672
    ]],
    "coordinates": [[
      1659,
      3672
    ]],
    "models": []
  },
  {
    "id": 11114,
    "name": "Guard",
    "category": 922,
    "minimapdot": false,
    "level": 1,
    "actions": [[
      1661,
      3676
    ]],
    "coordinates": [[
      1661,
      3676
    ]],
    "models": []
  },
  {
    "id": 8499,
    "name": "Protester",
    "category": 1216,
    "minimapdot": false,
    "level": 1,
    "actions": [[
      1663,
      3673
    ]],
    "coordinates": [[
      1663,
      3673
    ]],
    "models": []
  }
]