[
  {
    "id": 2827,
    "name": "Bat",
    "category": 296,
    "minimapdot": false,
    "level": 6,
    "actions": ["Attack"],
    "coordinates": [
      [
        1603,
        3844
      ],
      [
        1615,
        3841
      ],
      [
        1624,
        3853
      ],
      [
        1655,
        3880
      ]
    ],
    "models": [18900]
  },
  {
    "id": 6824,
    "name": "Giant\u0020bat",
    "category": 296,
    "minimapdot": false,
    "level": 27,
    "actions": ["Attack"],
    "coordinates": [
      [
        1612,
        3849
      ],
      [
        1633,
        3842
      ],
      [
        1633,
        3879
      ],
      [
        1662,
        3870
      ]
    ],
    "models": [18898]
  },
  {
    "id": 6858,
    "name": "Look-out",
    "category": -1,
    "minimapdot": false,
    "level": 0,
    "actions": ["Talk-to"],
    "coordinates": [[
      1624,
      3877
    ]],
    "models": [
      29785,
      29809,
      29805,
      29791,
      29798,
      29814,
      546
    ]
  },
  {
    "id": 7051,
    "name": "Trossa",
    "category": -1,
    "minimapdot": false,
    "level": 0,
    "actions": ["Talk-to"],
    "coordinates": [[
      1635,
      3868
    ]],
    "models": [30558]
  }
]