[
  {
    "id": 7383,
    "name": "Snow",
    "category": -1,
    "minimapdot": false,
    "level": 0,
    "actions": [
      [
        1614,
        4001
      ],
      [
        1614,
        4008
      ],
      [
        1614,
        4015
      ],
      [
        1617,
        3994
      ],
      [
        1618,
        4020
      ],
      [
        1623,
        4023
      ],
      [
        1625,
        3991
      ],
      [
        1635,
        3991
      ],
      [
        1637,
        4023
      ],
      [
        1642,
        4020
      ],
      [
        1643,
        3994
      ],
      [
        1646,
        4001
      ],
      [
        1646,
        4008
      ],
      [
        1646,
        4015
      ]
    ],
    "coordinates": [
      [
        1614,
        4001
      ],
      [
        1614,
        4008
      ],
      [
        1614,
        4015
      ],
      [
        1617,
        3994
      ],
      [
        1618,
        4020
      ],
      [
        1623,
        4023
      ],
      [
        1625,
        3991
      ],
      [
        1635,
        3991
      ],
      [
        1637,
        4023
      ],
      [
        1642,
        4020
      ],
      [
        1643,
        3994
      ],
      [
        1646,
        4001
      ],
      [
        1646,
        4008
      ],
      [
        1646,
        4015
      ]
    ],
    "models": [32248]
  },
  {
    "id": 7371,
    "name": "Pyromancer",
    "category": 978,
    "minimapdot": false,
    "level": 0,
    "actions": [
      [
        1619,
        3996
      ],
      [
        1619,
        4018
      ],
      [
        1641,
        3996
      ],
      [
        1641,
        4018
      ]
    ],
    "coordinates": [
      [
        1619,
        3996
      ],
      [
        1619,
        4018
      ],
      [
        1641,
        3996
      ],
      [
        1641,
        4018
      ]
    ],
    "models": [
      32219,
      32224,
      32223,
      32222,
      32220,
      32221
    ]
  }
]