[
  {
    "id": 7430,
    "name": "Sid",
    "category": -1,
    "minimapdot": false,
    "level": 1,
    "actions": [[
      1615,
      4832
    ]],
    "coordinates": [[
      1615,
      4832
    ]],
    "models": []
  },
  {
    "id": 7436,
    "name": "\u003Ccol\u003D00ffff\u003EMirror\u003C\/col\u003E",
    "category": -1,
    "minimapdot": false,
    "level": 1,
    "actions": [[
      1622,
      4828
    ]],
    "coordinates": [[
      1622,
      4828
    ]],
    "models": []
  },
  {
    "id": 7433,
    "name": "Mandy",
    "category": -1,
    "minimapdot": false,
    "level": 1,
    "actions": [[
      1626,
      4840
    ]],
    "coordinates": [[
      1626,
      4840
    ]],
    "models": []
  },
  {
    "id": 7432,
    "name": "Lacey",
    "category": -1,
    "minimapdot": false,
    "level": 1,
    "actions": [[
      1629,
      4850
    ]],
    "coordinates": [[
      1629,
      4850
    ]],
    "models": []
  },
  {
    "id": 7434,
    "name": "Mandy",
    "category": -1,
    "minimapdot": false,
    "level": 1,
    "actions": [[
      1636,
      4817
    ]],
    "coordinates": [[
      1636,
      4817
    ]],
    "models": []
  },
  {
    "id": 7431,
    "name": "Tayten",
    "category": -1,
    "minimapdot": false,
    "level": 1,
    "actions": [[
      1639,
      4838
    ]],
    "coordinates": [[
      1639,
      4838
    ]],
    "models": []
  },
  {
    "id": 7435,
    "name": "Shady\u0020figure",
    "category": -1,
    "minimapdot": false,
    "level": 1,
    "actions": [[
      1644,
      4819
    ]],
    "coordinates": [[
      1644,
      4819
    ]],
    "models": []
  }
]