[
  {
    "id": 2916,
    "name": "Waterfiend",
    "category": 474,
    "minimapdot": false,
    "level": 115,
    "actions": ["Attack"],
    "coordinates": [
      [
        1610,
        5343
      ],
      [
        1610,
        5348
      ],
      [
        1610,
        5352
      ],
      [
        1613,
        5356
      ],
      [
        1614,
        5342
      ],
      [
        1614,
        5361
      ],
      [
        1618,
        5340
      ],
      [
        1619,
        5363
      ],
      [
        1623,
        5342
      ],
      [
        1624,
        5351
      ],
      [
        1627,
        5355
      ],
      [
        1627,
        5360
      ],
      [
        1629,
        5361
      ],
      [
        1635,
        5361
      ],
      [
        1638,
        5363
      ],
      [
        1639,
        5359
      ]
    ],
    "models": [261]
  },
  {
    "id": 5563,
    "name": "Angry\u0020barbarian\u0020spirit",
    "category": 652,
    "minimapdot": false,
    "level": 166,
    "actions": ["Attack"],
    "coordinates": [[
      1618,
      5326
    ]],
    "models": [
      26675,
      26676
    ]
  },
  {
    "id": 1538,
    "name": "Skeleton\u0020brute",
    "category": 376,
    "minimapdot": false,
    "level": 132,
    "actions": ["Attack"],
    "coordinates": [[
      1620,
      5323
    ]],
    "models": [
      26628,
      26637,
      26642,
      23932,
      26623
    ]
  },
  {
    "id": 5564,
    "name": "Enraged\u0020barbarian\u0020spirit",
    "category": 652,
    "minimapdot": false,
    "level": 166,
    "actions": ["Attack"],
    "coordinates": [
      [
        1623,
        5331
      ],
      [
        1647,
        5324
      ]
    ],
    "models": [
      26675,
      26677
    ]
  },
  {
    "id": 2918,
    "name": "Brutal\u0020green\u0020dragon",
    "category": 347,
    "minimapdot": false,
    "level": 227,
    "actions": ["Attack"],
    "coordinates": [
      [
        1628,
        5334
      ],
      [
        1635,
        5326
      ],
      [
        1637,
        5332
      ],
      [
        1643,
        5340
      ],
      [
        1645,
        5358
      ],
      [
        1646,
        5350
      ],
      [
        1650,
        5332
      ]
    ],
    "models": [
      17407,
      17426,
      17418,
      17423
    ]
  },
  {
    "id": 2921,
    "name": "Lost\u0020barbarian",
    "category": -1,
    "minimapdot": false,
    "level": 132,
    "actions": ["Attack"],
    "coordinates": [[
      1633,
      5322
    ]],
    "models": [
      26625,
      214,
      252,
      26638,
      26646,
      26620,
      26613,
      26622
    ]
  },
  {
    "id": 1539,
    "name": "Skeleton\u0020warlord",
    "category": 376,
    "minimapdot": false,
    "level": 132,
    "actions": ["Attack"],
    "coordinates": [[
      1635,
      5355
    ]],
    "models": [
      26631,
      26636,
      26641,
      23932,
      26624,
      11788
    ]
  },
  {
    "id": 2920,
    "name": "Confused\u0020barbarian",
    "category": -1,
    "minimapdot": false,
    "level": 132,
    "actions": ["Attack"],
    "coordinates": [[
      1639,
      5345
    ]],
    "models": [
      26626,
      214,
      252,
      26640,
      26643,
      26620,
      26617,
      26622,
      11747,
      11788
    ]
  },
  {
    "id": 5565,
    "name": "Berserk\u0020barbarian\u0020spirit",
    "category": 652,
    "minimapdot": false,
    "level": 166,
    "actions": ["Attack"],
    "coordinates": [[
      1651,
      5325
    ]],
    "models": [
      26675,
      26676
    ]
  },
  {
    "id": 1541,
    "name": "Skeleton\u0020thug",
    "category": 376,
    "minimapdot": false,
    "level": 132,
    "actions": ["Attack"],
    "coordinates": [[
      1659,
      5340
    ]],
    "models": [
      26629,
      26635,
      26642,
      26614,
      26624
    ]
  }
]