[
  {
    "id": 7207,
    "name": "Sandy\u0020rocks",
    "category": -1,
    "minimapdot": false,
    "level": 0,
    "actions": [
      [
        1667,
        9832
      ],
      [
        1669,
        9832
      ],
      [
        1670,
        9826
      ],
      [
        1671,
        9823
      ],
      [
        1672,
        9829
      ],
      [
        1678,
        9821
      ],
      [
        1678,
        9823
      ],
      [
        1680,
        9822
      ]
    ],
    "coordinates": [
      [
        1667,
        9832
      ],
      [
        1669,
        9832
      ],
      [
        1670,
        9826
      ],
      [
        1671,
        9823
      ],
      [
        1672,
        9829
      ],
      [
        1678,
        9821
      ],
      [
        1678,
        9823
      ],
      [
        1680,
        9822
      ]
    ],
    "models": [
      31184,
      31576
    ]
  },
  {
    "id": 5936,
    "name": "Sandy\u0020rocks",
    "category": -1,
    "minimapdot": false,
    "level": 0,
    "actions": [
      [
        1667,
        9833
      ],
      [
        1669,
        9825
      ],
      [
        1672,
        9822
      ],
      [
        1673,
        9831
      ],
      [
        1675,
        9826
      ],
      [
        1680,
        9821
      ]
    ],
    "coordinates": [
      [
        1667,
        9833
      ],
      [
        1669,
        9825
      ],
      [
        1672,
        9822
      ],
      [
        1673,
        9831
      ],
      [
        1675,
        9826
      ],
      [
        1680,
        9821
      ]
    ],
    "models": [
      31184,
      31576
    ]
  },
  {
    "id": 7267,
    "name": "Sandy\u0020Boulder",
    "category": -1,
    "minimapdot": false,
    "level": 0,
    "actions": [
      [
        1690,
        9823
      ],
      [
        1694,
        9824
      ],
      [
        1697,
        9819
      ],
      [
        1699,
        9823
      ],
      [
        1708,
        9844
      ],
      [
        1713,
        9840
      ],
      [
        1713,
        9846
      ],
      [
        1718,
        9842
      ]
    ],
    "coordinates": [
      [
        1690,
        9823
      ],
      [
        1694,
        9824
      ],
      [
        1697,
        9819
      ],
      [
        1699,
        9823
      ],
      [
        1708,
        9844
      ],
      [
        1713,
        9840
      ],
      [
        1713,
        9846
      ],
      [
        1718,
        9842
      ]
    ],
    "models": [
      31184,
      31576
    ]
  }
]