[
  {
    "id": 2827,
    "name": "Bat",
    "category": 296,
    "minimapdot": false,
    "level": 6,
    "actions": ["Attack"],
    "coordinates": [
      [
        1667,
        3735
      ],
      [
        1709,
        3742
      ]
    ],
    "models": [18900]
  },
  {
    "id": 7204,
    "name": "Filamina",
    "category": -1,
    "minimapdot": false,
    "level": 0,
    "actions": [
      "Talk-to",
      "Trade"
    ],
    "coordinates": [[
      1668,
      3728
    ]],
    "models": [30557]
  },
  {
    "id": 6824,
    "name": "Giant\u0020bat",
    "category": 296,
    "minimapdot": false,
    "level": 27,
    "actions": ["Attack"],
    "coordinates": [
      [
        1678,
        3757
      ],
      [
        1708,
        3715
      ]
    ],
    "models": [18898]
  },
  {
    "id": 7064,
    "name": "Dark\u0020wizard",
    "category": 936,
    "minimapdot": false,
    "level": 0,
    "actions": ["Talk-to"],
    "coordinates": [[
      1678,
      3766
    ]],
    "models": [
      208,
      251,
      292,
      11766,
      11809,
      10218,
      256,
      181,
      11767,
      4591
    ]
  },
  {
    "id": 7067,
    "name": "Wizard",
    "category": -1,
    "minimapdot": false,
    "level": 0,
    "actions": ["Talk-to"],
    "coordinates": [[
      1682,
      3769
    ]],
    "models": [
      214,
      181,
      250,
      292,
      170,
      176,
      265,
      202,
      534,
      290
    ]
  },
  {
    "id": 7053,
    "name": "Rassain",
    "category": -1,
    "minimapdot": false,
    "level": 0,
    "actions": ["Talk-to"],
    "coordinates": [[
      1686,
      3725
    ]],
    "models": [30558]
  },
  {
    "id": 7068,
    "name": "Ouditor",
    "category": -1,
    "minimapdot": false,
    "level": 0,
    "actions": ["Talk-to"],
    "coordinates": [[
      1686,
      3764
    ]],
    "models": [30558]
  },
  {
    "id": 7066,
    "name": "Wizard",
    "category": 936,
    "minimapdot": false,
    "level": 0,
    "actions": [[
      1686,
      3766
    ]],
    "coordinates": [[
      1686,
      3766
    ]],
    "models": [
      214,
      181,
      251,
      292,
      170,
      176,
      265,
      202,
      4591
    ]
  },
  {
    "id": 7208,
    "name": "Mori",
    "category": -1,
    "minimapdot": false,
    "level": 1,
    "actions": [[
      1698,
      3742
    ]],
    "coordinates": [[
      1698,
      3742
    ]],
    "models": []
  },
  {
    "id": 7062,
    "name": "Freald",
    "category": -1,
    "minimapdot": false,
    "level": 0,
    "actions": ["Talk-to"],
    "coordinates": [[
      1702,
      3770
    ]],
    "models": [30558]
  },
  {
    "id": 7061,
    "name": "Batt\u0020Mellamy",
    "category": 296,
    "minimapdot": false,
    "level": 0,
    "actions": [[
      1703,
      3771
    ]],
    "coordinates": [[
      1703,
      3771
    ]],
    "models": [18898]
  },
  {
    "id": 7056,
    "name": "Regath",
    "category": -1,
    "minimapdot": false,
    "level": 0,
    "actions": [
      "Talk-to",
      "Trade"
    ],
    "coordinates": [[
      1720,
      3724
    ]],
    "models": [30559]
  },
  {
    "id": 7203,
    "name": "Thyria",
    "category": -1,
    "minimapdot": false,
    "level": 0,
    "actions": [
      "Talk-to",
      "Trade"
    ],
    "coordinates": [[
      1722,
      3745
    ]],
    "models": [30557]
  }
]