[
  {
    "id": 2827,
    "name": "Bat",
    "category": 296,
    "minimapdot": false,
    "level": 6,
    "actions": ["Attack"],
    "coordinates": [
      [
        1670,
        3797
      ],
      [
        1718,
        3824
      ]
    ],
    "models": [18900]
  },
  {
    "id": 7231,
    "name": "Loinur",
    "category": -1,
    "minimapdot": false,
    "level": 0,
    "actions": [[
      1670,
      3834
    ]],
    "coordinates": [[
      1670,
      3834
    ]],
    "models": []
  },
  {
    "id": 7041,
    "name": "Enoch",
    "category": 922,
    "minimapdot": false,
    "level": 0,
    "actions": ["Talk-to"],
    "coordinates": [[
      1712,
      3829
    ]],
    "models": [30559]
  }
]