[
  {
    "id": 106,
    "name": "Wolf",
    "category": 310,
    "minimapdot": false,
    "level": 64,
    "actions": ["Attack"],
    "coordinates": [
      [
        1665,
        3553
      ],
      [
        1667,
        3549
      ],
      [
        1669,
        3556
      ],
      [
        1672,
        3552
      ]
    ],
    "models": [26266]
  },
  {
    "id": 10719,
    "name": "Skeleton",
    "category": 257,
    "minimapdot": false,
    "level": 25,
    "actions": ["Attack"],
    "coordinates": [
      [
        1670,
        3574
      ],
      [
        1680,
        3568
      ]
    ],
    "models": [
      21175,
      21179,
      21161,
      21156,
      21181,
      21205,
      21187
    ]
  },
  {
    "id": 10718,
    "name": "Skeleton",
    "category": 257,
    "minimapdot": false,
    "level": 25,
    "actions": ["Attack"],
    "coordinates": [
      [
        1671,
        3570
      ],
      [
        1679,
        3571
      ]
    ],
    "models": [
      21173,
      21179,
      21160,
      21156,
      21182,
      21200,
      21186
    ]
  },
  {
    "id": 7609,
    "name": "Martin\u0020Holt",
    "category": 922,
    "minimapdot": false,
    "level": 1,
    "actions": [[
      1673,
      3580
    ]],
    "coordinates": [[
      1673,
      3580
    ]],
    "models": []
  },
  {
    "id": 10721,
    "name": "Skeleton",
    "category": 257,
    "minimapdot": false,
    "level": 25,
    "actions": ["Attack"],
    "coordinates": [[
      1674,
      3573
    ]],
    "models": [
      21169,
      21161,
      21157,
      21181,
      21204,
      21188
    ]
  },
  {
    "id": 10717,
    "name": "Skeleton",
    "category": 257,
    "minimapdot": false,
    "level": 25,
    "actions": ["Attack"],
    "coordinates": [[
      1677,
      3575
    ]],
    "models": [
      21170,
      21178,
      21159,
      21156,
      21180,
      21202,
      21187
    ]
  },
  {
    "id": 10720,
    "name": "Skeleton",
    "category": 257,
    "minimapdot": false,
    "level": 25,
    "actions": ["Attack"],
    "coordinates": [[
      1679,
      3578
    ]],
    "models": [
      21174,
      21179,
      21161,
      21156,
      21182,
      21199,
      21186
    ]
  },
  {
    "id": 6922,
    "name": "Konoo",
    "category": -1,
    "minimapdot": false,
    "level": 0,
    "actions": ["Talk-to"],
    "coordinates": [[
      1687,
      3532
    ]],
    "models": [
      22599,
      10302,
      10304,
      295,
      151,
      179,
      254,
      7121,
      496
    ]
  },
  {
    "id": 6814,
    "name": "Lammy\u0020Langle",
    "category": 459,
    "minimapdot": false,
    "level": 0,
    "actions": [
      "Talk-to",
      "Pay"
    ],
    "coordinates": [[
      1690,
      3541
    ]],
    "models": [
      8238,
      2909,
      2922
    ]
  },
  {
    "id": 2837,
    "name": "Unicorn",
    "category": -1,
    "minimapdot": false,
    "level": 15,
    "actions": ["Attack"],
    "coordinates": [
      [
        1696,
        3521
      ],
      [
        1725,
        3559
      ]
    ],
    "models": [
      25755,
      25756
    ]
  },
  {
    "id": 0,
    "name": "Tool\u0020Leprechaun",
    "category": 236,
    "minimapdot": false,
    "level": 0,
    "actions": [
      "Talk-to",
      "Exchange"
    ],
    "coordinates": [[
      1696,
      3544
    ]],
    "models": [10220]
  },
  {
    "id": 6923,
    "name": "Clerk",
    "category": 922,
    "minimapdot": false,
    "level": 0,
    "actions": ["Talk-to"],
    "coordinates": [[
      1701,
      3529
    ]],
    "models": [
      378,
      418,
      467,
      346,
      10706,
      436,
      7366
    ]
  },
  {
    "id": 3910,
    "name": "Unicorn\u0020Foal",
    "category": -1,
    "minimapdot": false,
    "level": 12,
    "actions": ["Attack"],
    "coordinates": [
      [
        1717,
        3566
      ],
      [
        1719,
        3562
      ],
      [
        1724,
        3567
      ]
    ],
    "models": [
      25755,
      25756
    ]
  }
]