[
  {
    "id": 1418,
    "name": "Squirrel",
    "category": -1,
    "minimapdot": false,
    "level": 0,
    "actions": [
      [
        1729,
        3500
      ],
      [
        1731,
        3484
      ],
      [
        1742,
        3495
      ],
      [
        1750,
        3504
      ],
      [
        1760,
        3488
      ]
    ],
    "coordinates": [
      [
        1729,
        3500
      ],
      [
        1731,
        3484
      ],
      [
        1742,
        3495
      ],
      [
        1750,
        3504
      ],
      [
        1760,
        3488
      ]
    ],
    "models": [11723]
  },
  {
    "id": 5936,
    "name": "Sandy\u0020rocks",
    "category": -1,
    "minimapdot": false,
    "level": 0,
    "actions": [
      [
        1731,
        3464
      ],
      [
        1733,
        3469
      ],
      [
        1738,
        3469
      ],
      [
        1741,
        3473
      ],
      [
        1750,
        3468
      ],
      [
        1753,
        3471
      ],
      [
        1766,
        3467
      ],
      [
        1773,
        3460
      ],
      [
        1790,
        3467
      ]
    ],
    "coordinates": [
      [
        1731,
        3464
      ],
      [
        1733,
        3469
      ],
      [
        1738,
        3469
      ],
      [
        1741,
        3473
      ],
      [
        1750,
        3468
      ],
      [
        1753,
        3471
      ],
      [
        1766,
        3467
      ],
      [
        1773,
        3460
      ],
      [
        1790,
        3467
      ]
    ],
    "models": [
      31184,
      31576
    ]
  },
  {
    "id": 7207,
    "name": "Sandy\u0020rocks",
    "category": -1,
    "minimapdot": false,
    "level": 0,
    "actions": [
      [
        1733,
        3470
      ],
      [
        1737,
        3468
      ],
      [
        1748,
        3464
      ],
      [
        1748,
        3470
      ],
      [
        1750,
        3470
      ],
      [
        1757,
        3469
      ],
      [
        1764,
        3468
      ],
      [
        1766,
        3468
      ],
      [
        1766,
        3469
      ],
      [
        1772,
        3461
      ],
      [
        1772,
        3465
      ],
      [
        1774,
        3462
      ],
      [
        1775,
        3468
      ],
      [
        1776,
        3469
      ],
      [
        1777,
        3468
      ],
      [
        1786,
        3466
      ],
      [
        1787,
        3472
      ],
      [
        1791,
        3469
      ]
    ],
    "coordinates": [
      [
        1733,
        3470
      ],
      [
        1737,
        3468
      ],
      [
        1748,
        3464
      ],
      [
        1748,
        3470
      ],
      [
        1750,
        3470
      ],
      [
        1757,
        3469
      ],
      [
        1764,
        3468
      ],
      [
        1766,
        3468
      ],
      [
        1766,
        3469
      ],
      [
        1772,
        3461
      ],
      [
        1772,
        3465
      ],
      [
        1774,
        3462
      ],
      [
        1775,
        3468
      ],
      [
        1776,
        3469
      ],
      [
        1777,
        3468
      ],
      [
        1786,
        3466
      ],
      [
        1787,
        3472
      ],
      [
        1791,
        3469
      ]
    ],
    "models": [
      31184,
      31576
    ]
  },
  {
    "id": 5007,
    "name": "Imp",
    "category": 748,
    "minimapdot": false,
    "level": 2,
    "actions": ["Attack"],
    "coordinates": [
      [
        1734,
        3511
      ],
      [
        1740,
        3480
      ],
      [
        1744,
        3484
      ],
      [
        1748,
        3480
      ],
      [
        1750,
        3506
      ],
      [
        1758,
        3510
      ],
      [
        1759,
        3481
      ],
      [
        1762,
        3476
      ],
      [
        1770,
        3478
      ]
    ],
    "models": [19982]
  },
  {
    "id": 6956,
    "name": "Monk",
    "category": -1,
    "minimapdot": false,
    "level": 5,
    "actions": [
      "Talk-to",
      "Attack"
    ],
    "coordinates": [
      [
        1736,
        3489
      ],
      [
        1738,
        3488
      ],
      [
        1738,
        3492
      ],
      [
        1741,
        3489
      ],
      [
        1743,
        3498
      ],
      [
        1744,
        3490
      ],
      [
        1750,
        3498
      ]
    ],
    "models": [
      230,
      181,
      246,
      292,
      170,
      176,
      260
    ]
  },
  {
    "id": 6991,
    "name": "Woman",
    "category": 492,
    "minimapdot": false,
    "level": 2,
    "actions": [
      "Talk-to",
      "Attack",
      "Pickpocket"
    ],
    "coordinates": [[
      1740,
      3494
    ]],
    "models": [
      391,
      471,
      332,
      353,
      419,
      358,
      414
    ]
  },
  {
    "id": 1416,
    "name": "Squirrel",
    "category": -1,
    "minimapdot": false,
    "level": 0,
    "actions": [[
      1758,
      3501
    ]],
    "coordinates": [[
      1758,
      3501
    ]],
    "models": [11723]
  },
  {
    "id": 2834,
    "name": "Giant\u0020bat",
    "category": 296,
    "minimapdot": false,
    "level": 27,
    "actions": ["Attack"],
    "coordinates": [
      [
        1766,
        3509
      ],
      [
        1767,
        3504
      ],
      [
        1770,
        3514
      ]
    ],
    "models": [18898]
  },
  {
    "id": 3035,
    "name": "Goblin",
    "category": 311,
    "minimapdot": false,
    "level": 2,
    "actions": ["Attack"],
    "coordinates": [[
      1772,
      3508
    ]],
    "models": [
      24457,
      24486,
      24433,
      24474,
      24443,
      24449,
      24491
    ]
  },
  {
    "id": 3036,
    "name": "Goblin",
    "category": 311,
    "minimapdot": false,
    "level": 2,
    "actions": ["Attack"],
    "coordinates": [[
      1773,
      3503
    ]],
    "models": [
      24467,
      24488,
      24437,
      24478,
      24443,
      24448
    ]
  },
  {
    "id": 3032,
    "name": "Goblin",
    "category": 311,
    "minimapdot": false,
    "level": 2,
    "actions": ["Attack"],
    "coordinates": [[
      1776,
      3505
    ]],
    "models": [
      24458,
      24486,
      24432,
      24475,
      24441,
      24448
    ]
  },
  {
    "id": 3031,
    "name": "Goblin",
    "category": 311,
    "minimapdot": false,
    "level": 2,
    "actions": ["Attack"],
    "coordinates": [[
      1778,
      3502
    ]],
    "models": [
      24455,
      24482,
      24432,
      24474,
      24441,
      24448
    ]
  },
  {
    "id": 3029,
    "name": "Goblin",
    "category": 311,
    "minimapdot": false,
    "level": 2,
    "actions": ["Attack"],
    "coordinates": [[
      1779,
      3508
    ]],
    "models": [
      24455,
      24485,
      24431,
      24472,
      24441,
      24448
    ]
  },
  {
    "id": 7483,
    "name": "Sandicrahb",
    "category": -1,
    "minimapdot": false,
    "level": 0,
    "actions": [
      "Talk-to",
      "Travel"
    ],
    "coordinates": [[
      1782,
      3458
    ]],
    "models": [
      231,
      246,
      315,
      173,
      176,
      279,
      181,
      281
    ]
  }
]