[
  {
    "id": 5007,
    "name": "Imp",
    "category": 748,
    "minimapdot": false,
    "level": 2,
    "actions": ["Attack"],
    "coordinates": [
      [
        1734,
        3700
      ],
      [
        1749,
        3702
      ],
      [
        1750,
        3708
      ]
    ],
    "models": [19982]
  },
  {
    "id": 11104,
    "name": "Guard",
    "category": 470,
    "minimapdot": false,
    "level": 21,
    "actions": [
      "Attack",
      "Pickpocket"
    ],
    "coordinates": [[
      1756,
      3674
    ]],
    "models": [
      29786,
      29808,
      29802,
      29792,
      29799,
      29816,
      42327,
      42328
    ]
  },
  {
    "id": 3019,
    "name": "Spider",
    "category": 384,
    "minimapdot": false,
    "level": 1,
    "actions": ["Attack"],
    "coordinates": [[
      1756,
      3707
    ]],
    "models": [24613]
  },
  {
    "id": 11095,
    "name": "Head\u0020Guard",
    "category": 470,
    "minimapdot": false,
    "level": 84,
    "actions": [
      "Attack",
      "Pickpocket"
    ],
    "coordinates": [[
      1757,
      3681
    ]],
    "models": [
      29690,
      29777,
      29738,
      29700,
      29704,
      29779,
      564,
      565
    ]
  },
  {
    "id": 11098,
    "name": "Guard",
    "category": 470,
    "minimapdot": false,
    "level": 21,
    "actions": [
      "Attack",
      "Pickpocket"
    ],
    "coordinates": [[
      1759,
      3677
    ]],
    "models": [
      29693,
      29775,
      29767,
      29702,
      29709,
      29780,
      490,
      486
    ]
  },
  {
    "id": 11092,
    "name": "Guard",
    "category": 470,
    "minimapdot": false,
    "level": 21,
    "actions": [
      "Attack",
      "Pickpocket"
    ],
    "coordinates": [[
      1760,
      3672
    ]],
    "models": [
      29693,
      29775,
      29767,
      29702,
      29709,
      29780,
      490,
      486
    ]
  },
  {
    "id": 7229,
    "name": "Raeli",
    "category": -1,
    "minimapdot": false,
    "level": 0,
    "actions": [[
      1761,
      3709
    ]],
    "coordinates": [[
      1761,
      3709
    ]],
    "models": []
  },
  {
    "id": 518,
    "name": "Highwayman",
    "category": 463,
    "minimapdot": false,
    "level": 5,
    "actions": ["Attack"],
    "coordinates": [[
      1762,
      3695
    ]],
    "models": [
      215,
      246,
      292,
      170,
      176,
      254,
      185,
      243,
      323,
      519
    ]
  },
  {
    "id": 5894,
    "name": "Bast",
    "category": 922,
    "minimapdot": false,
    "level": 0,
    "actions": ["Talk-to"],
    "coordinates": [[
      1769,
      3683
    ]],
    "models": [
      28326,
      10304,
      37272,
      28337,
      177,
      181,
      11812
    ]
  },
  {
    "id": 2854,
    "name": "Rat",
    "category": 262,
    "minimapdot": false,
    "level": 1,
    "actions": ["Attack"],
    "coordinates": [[
      1774,
      3710
    ]],
    "models": [9610]
  },
  {
    "id": 7897,
    "name": "Martin\u0020Holt",
    "category": 922,
    "minimapdot": false,
    "level": 1,
    "actions": [[
      1775,
      3681
    ]],
    "coordinates": [[
      1775,
      3681
    ]],
    "models": []
  },
  {
    "id": 6989,
    "name": "Man",
    "category": 266,
    "minimapdot": false,
    "level": 2,
    "actions": [
      "Talk-to",
      "Attack",
      "Pickpocket"
    ],
    "coordinates": [[
      1777,
      3655
    ]],
    "models": [
      235,
      253,
      292,
      326,
      151,
      177,
      267,
      181
    ]
  },
  {
    "id": 2786,
    "name": "Sheep",
    "category": 507,
    "minimapdot": false,
    "level": 0,
    "actions": ["Shear"],
    "coordinates": [[
      1779,
      3651
    ]],
    "models": [
      20292,
      20295,
      20293
    ]
  },
  {
    "id": 11102,
    "name": "Guard",
    "category": 470,
    "minimapdot": false,
    "level": 21,
    "actions": [
      "Attack",
      "Pickpocket"
    ],
    "coordinates": [[
      1779,
      3709
    ]],
    "models": [
      29786,
      29808,
      29802,
      29792,
      29799,
      29816,
      42327,
      42328
    ]
  },
  {
    "id": 7012,
    "name": "Ross\u0020and\u0020Ben",
    "category": -1,
    "minimapdot": false,
    "level": 0,
    "actions": ["Talk-to"],
    "coordinates": [[
      1780,
      3684
    ]],
    "models": [
      25798,
      25799,
      25800
    ]
  },
  {
    "id": 2693,
    "name": "Sheep",
    "category": 507,
    "minimapdot": false,
    "level": 0,
    "actions": ["Shear"],
    "coordinates": [[
      1781,
      3653
    ]],
    "models": [
      20290,
      20291
    ]
  },
  {
    "id": 7014,
    "name": "Alexander",
    "category": -1,
    "minimapdot": false,
    "level": 0,
    "actions": ["Talk-to"],
    "coordinates": [[
      1782,
      3683
    ]],
    "models": [
      6364,
      215,
      244,
      246,
      292,
      4391,
      151,
      10218,
      271,
      185
    ]
  },
  {
    "id": 7013,
    "name": "Dobwinkle",
    "category": -1,
    "minimapdot": false,
    "level": 0,
    "actions": ["Talk-to"],
    "coordinates": [[
      1783,
      3681
    ]],
    "models": [
      17011,
      14824,
      2922,
      14177
    ]
  },
  {
    "id": 11096,
    "name": "Guard",
    "category": 470,
    "minimapdot": false,
    "level": 21,
    "actions": [
      "Attack",
      "Pickpocket"
    ],
    "coordinates": [[
      1783,
      3710
    ]],
    "models": [
      29693,
      29775,
      29767,
      29702,
      29709,
      29780,
      490,
      486
    ]
  },
  {
    "id": 11106,
    "name": "Guard",
    "category": 470,
    "minimapdot": false,
    "level": 21,
    "actions": [
      "Attack",
      "Pickpocket"
    ],
    "coordinates": [[
      1785,
      3706
    ]],
    "models": [
      29786,
      29808,
      29802,
      29792,
      29799,
      29816,
      42327,
      42328
    ]
  },
  {
    "id": 11094,
    "name": "Guard",
    "category": 470,
    "minimapdot": false,
    "level": 21,
    "actions": [
      "Attack",
      "Pickpocket"
    ],
    "coordinates": [[
      1788,
      3710
    ]],
    "models": [
      29693,
      29775,
      29767,
      29702,
      29709,
      29780,
      490,
      486
    ]
  },
  {
    "id": 11101,
    "name": "Head\u0020Guard",
    "category": 470,
    "minimapdot": false,
    "level": 84,
    "actions": [
      "Attack",
      "Pickpocket"
    ],
    "coordinates": [[
      1790,
      3707
    ]],
    "models": [
      29787,
      29811,
      29804,
      29789,
      29797,
      29812,
      42325,
      42323
    ]
  },
  {
    "id": 7011,
    "name": "Lorraine",
    "category": -1,
    "minimapdot": false,
    "level": 0,
    "actions": ["Talk-to"],
    "coordinates": [[
      1789,
      3690
    ]],
    "models": [
      26145,
      26154,
      26138,
      26150,
      26142
    ]
  }
]