[
  {
    "id": 6955,
    "name": "Father\u0020Jean",
    "category": -1,
    "minimapdot": false,
    "level": 0,
    "actions": ["Talk-to"],
    "coordinates": [[
      1734,
      3576
    ]],
    "models": [
      6848,
      246,
      10984,
      3330,
      170,
      10218,
      10000,
      181
    ]
  },
  {
    "id": 6921,
    "name": "Marisi",
    "category": 459,
    "minimapdot": false,
    "level": 0,
    "actions": [
      "Talk-to",
      "Pay\u0020(north-east)",
      "Pay\u0020(south-west)"
    ],
    "coordinates": [[
      1736,
      3556
    ]],
    "models": [
      10078,
      471,
      484,
      15123,
      353,
      7368,
      421,
      7366
    ]
  },
  {
    "id": 0,
    "name": "Tool\u0020Leprechaun",
    "category": 236,
    "minimapdot": false,
    "level": 0,
    "actions": [
      "Talk-to",
      "Exchange"
    ],
    "coordinates": [[
      1741,
      3552
    ]],
    "models": [10220]
  },
  {
    "id": 398,
    "name": "Guard",
    "category": 470,
    "minimapdot": false,
    "level": 22,
    "actions": [
      "Attack",
      "Pickpocket"
    ],
    "coordinates": [[
      1743,
      3565
    ]],
    "models": [
      35127,
      246,
      311,
      8233,
      11769,
      32850,
      11730,
      11727,
      28337,
      181,
      512,
      11732
    ]
  },
  {
    "id": 399,
    "name": "Guard",
    "category": 470,
    "minimapdot": false,
    "level": 19,
    "actions": [
      "Attack",
      "Pickpocket"
    ],
    "coordinates": [[
      1744,
      3564
    ]],
    "models": [
      35127,
      247,
      311,
      8233,
      11769,
      32850,
      11730,
      11727,
      28337,
      181,
      25683,
      11732
    ]
  },
  {
    "id": 10424,
    "name": "Barbara",
    "category": 1462,
    "minimapdot": false,
    "level": 0,
    "actions": ["Talk-to"],
    "coordinates": [[
      1747,
      3538
    ]],
    "models": [
      378,
      25713,
      25697,
      353,
      421,
      358
    ]
  },
  {
    "id": 6957,
    "name": "Chief\u0020Farmer",
    "category": -1,
    "minimapdot": false,
    "level": 0,
    "actions": ["Talk-to"],
    "coordinates": [[
      1749,
      3534
    ]],
    "models": [
      217,
      246,
      292,
      151,
      176,
      274,
      185,
      4843
    ]
  },
  {
    "id": 3019,
    "name": "Spider",
    "category": 384,
    "minimapdot": false,
    "level": 1,
    "actions": ["Attack"],
    "coordinates": [[
      1751,
      3533
    ]],
    "models": [24613]
  },
  {
    "id": 400,
    "name": "Guard",
    "category": 470,
    "minimapdot": false,
    "level": 19,
    "actions": [
      "Attack",
      "Pickpocket"
    ],
    "coordinates": [[
      1758,
      3565
    ]],
    "models": [
      35127,
      34274,
      311,
      8233,
      11769,
      32850,
      11730,
      11727,
      28337,
      181,
      25683,
      11732
    ]
  },
  {
    "id": 397,
    "name": "Guard",
    "category": 470,
    "minimapdot": false,
    "level": 22,
    "actions": [
      "Attack",
      "Pickpocket"
    ],
    "coordinates": [[
      1760,
      3563
    ]],
    "models": [
      35127,
      250,
      311,
      8233,
      11769,
      32850,
      11730,
      11727,
      28337,
      181,
      512,
      11732
    ]
  },
  {
    "id": 6924,
    "name": "\u003Ccol\u003D00ffff\u003EPlough\u003C\/col\u003E",
    "category": -1,
    "minimapdot": false,
    "level": 0,
    "actions": ["Push"],
    "coordinates": [
      [
        1763,
        3523
      ],
      [
        1764,
        3543
      ],
      [
        1764,
        3551
      ],
      [
        1765,
        3529
      ],
      [
        1767,
        3535
      ],
      [
        1770,
        3545
      ],
      [
        1770,
        3553
      ],
      [
        1771,
        3523
      ],
      [
        1773,
        3529
      ],
      [
        1775,
        3535
      ],
      [
        1776,
        3547
      ],
      [
        1776,
        3555
      ]
    ],
    "models": [30167]
  },
  {
    "id": 7901,
    "name": "Chef\u0020Olivia",
    "category": -1,
    "minimapdot": false,
    "level": 0,
    "actions": ["Talk-to"],
    "coordinates": [[
      1776,
      3566
    ]],
    "models": [
      391,
      414,
      14793,
      15155,
      15123,
      10706,
      14792,
      358
    ]
  },
  {
    "id": 7925,
    "name": "Artur\u0020Hosidius",
    "category": -1,
    "minimapdot": false,
    "level": 1,
    "actions": [[
      1776,
      3577
    ]],
    "coordinates": [[
      1776,
      3577
    ]],
    "models": []
  },
  {
    "id": 11143,
    "name": "Lord\u0020Kandur\u0020Hosidius",
    "category": -1,
    "minimapdot": false,
    "level": 1,
    "actions": [[
      1782,
      3571
    ]],
    "coordinates": [[
      1782,
      3571
    ]],
    "models": []
  },
  {
    "id": 11139,
    "name": "Lord\u0020Pandur\u0020Hosidius",
    "category": -1,
    "minimapdot": false,
    "level": 1,
    "actions": [[
      1782,
      3572
    ]],
    "coordinates": [[
      1782,
      3572
    ]],
    "models": []
  }
]