[
  {
    "id": 74,
    "name": "Skeleton",
    "category": 257,
    "minimapdot": false,
    "level": 21,
    "actions": ["Attack"],
    "coordinates": [[
      1729,
      3889
    ]],
    "models": [
      21175,
      21160,
      21157,
      21182,
      21201,
      21187
    ]
  },
  {
    "id": 2827,
    "name": "Bat",
    "category": 296,
    "minimapdot": false,
    "level": 6,
    "actions": ["Attack"],
    "coordinates": [
      [
        1732,
        3840
      ],
      [
        1737,
        3851
      ],
      [
        1750,
        3897
      ],
      [
        1755,
        3876
      ],
      [
        1768,
        3858
      ]
    ],
    "models": [18900]
  },
  {
    "id": 6824,
    "name": "Giant\u0020bat",
    "category": 296,
    "minimapdot": false,
    "level": 27,
    "actions": ["Attack"],
    "coordinates": [
      [
        1732,
        3855
      ],
      [
        1743,
        3892
      ]
    ],
    "models": [18898]
  },
  {
    "id": 80,
    "name": "Skeleton",
    "category": 257,
    "minimapdot": false,
    "level": 25,
    "actions": ["Attack"],
    "coordinates": [[
      1734,
      3876
    ]],
    "models": [
      21174,
      21179,
      21161,
      21156,
      21182,
      21199,
      21186
    ]
  },
  {
    "id": 7040,
    "name": "Clerris",
    "category": -1,
    "minimapdot": false,
    "level": 0,
    "actions": ["Talk-to"],
    "coordinates": [[
      1762,
      3852
    ]],
    "models": [30557]
  },
  {
    "id": 97,
    "name": "Ghost",
    "category": 278,
    "minimapdot": false,
    "level": 19,
    "actions": ["Attack"],
    "coordinates": [[
      1774,
      3896
    ]],
    "models": [21143]
  },
  {
    "id": 93,
    "name": "Ghost",
    "category": 278,
    "minimapdot": false,
    "level": 19,
    "actions": ["Attack"],
    "coordinates": [[
      1790,
      3892
    ]],
    "models": [21154]
  }
]