[
  {
    "id": 9488,
    "name": "Chicken",
    "category": 509,
    "minimapdot": false,
    "level": 3,
    "actions": ["Attack"],
    "coordinates": [
      [
        1730,
        6101
      ],
      [
        1730,
        6102
      ],
      [
        1732,
        6101
      ],
      [
        1732,
        6102
      ],
      [
        1732,
        6103
      ]
    ],
    "models": [23905]
  },
  {
    "id": 9487,
    "name": "Magic\u0020Instructor",
    "category": -1,
    "minimapdot": false,
    "level": 0,
    "actions": ["Talk-to"],
    "coordinates": [[
      1733,
      6096
    ]],
    "models": [
      214,
      250,
      295,
      162,
      567,
      265,
      185,
      534,
      202,
      176
    ]
  }
]