[
  {
    "id": 1418,
    "name": "Squirrel",
    "category": -1,
    "minimapdot": false,
    "level": 0,
    "actions": [
      [
        1793,
        3513
      ],
      [
        1797,
        3508
      ],
      [
        1800,
        3519
      ],
      [
        1803,
        3513
      ]
    ],
    "coordinates": [
      [
        1793,
        3513
      ],
      [
        1797,
        3508
      ],
      [
        1800,
        3519
      ],
      [
        1803,
        3513
      ]
    ],
    "models": [11723]
  },
  {
    "id": 5936,
    "name": "Sandy\u0020rocks",
    "category": -1,
    "minimapdot": false,
    "level": 0,
    "actions": [
      [
        1797,
        3469
      ],
      [
        1817,
        3461
      ],
      [
        1834,
        3459
      ],
      [
        1842,
        3462
      ],
      [
        1844,
        3461
      ]
    ],
    "coordinates": [
      [
        1797,
        3469
      ],
      [
        1817,
        3461
      ],
      [
        1834,
        3459
      ],
      [
        1842,
        3462
      ],
      [
        1844,
        3461
      ]
    ],
    "models": [
      31184,
      31576
    ]
  },
  {
    "id": 5007,
    "name": "Imp",
    "category": 748,
    "minimapdot": false,
    "level": 2,
    "actions": ["Attack"],
    "coordinates": [[
      1798,
      3491
    ]],
    "models": [19982]
  },
  {
    "id": 6920,
    "name": "Farmer\u0020Gricoller",
    "category": 922,
    "minimapdot": false,
    "level": 0,
    "actions": [
      "Talk-to",
      "Rewards"
    ],
    "coordinates": [[
      1799,
      3498
    ]],
    "models": [
      4843,
      215,
      250,
      292,
      151,
      10218,
      18132,
      18188,
      9460
    ]
  },
  {
    "id": 7207,
    "name": "Sandy\u0020rocks",
    "category": -1,
    "minimapdot": false,
    "level": 0,
    "actions": [
      [
        1802,
        3464
      ],
      [
        1815,
        3456
      ],
      [
        1822,
        3457
      ],
      [
        1831,
        3460
      ],
      [
        1833,
        3457
      ],
      [
        1844,
        3464
      ]
    ],
    "coordinates": [
      [
        1802,
        3464
      ],
      [
        1815,
        3456
      ],
      [
        1822,
        3457
      ],
      [
        1831,
        3460
      ],
      [
        1833,
        3457
      ],
      [
        1844,
        3464
      ]
    ],
    "models": [
      31184,
      31576
    ]
  },
  {
    "id": 3665,
    "name": "Rabbit",
    "category": 739,
    "minimapdot": false,
    "level": 2,
    "actions": ["Attack"],
    "coordinates": [
      [
        1814,
        3474
      ],
      [
        1826,
        3471
      ],
      [
        1826,
        3484
      ]
    ],
    "models": [23901]
  },
  {
    "id": 3901,
    "name": "Fox",
    "category": 342,
    "minimapdot": false,
    "level": 19,
    "actions": ["Attack"],
    "coordinates": [[
      1814,
      3483
    ]],
    "models": [26254]
  },
  {
    "id": 2845,
    "name": "Snake",
    "category": 383,
    "minimapdot": false,
    "level": 5,
    "actions": ["Attack"],
    "coordinates": [[
      1816,
      3482
    ]],
    "models": [3002]
  },
  {
    "id": 3664,
    "name": "Rabbit",
    "category": 739,
    "minimapdot": false,
    "level": 2,
    "actions": ["Attack"],
    "coordinates": [
      [
        1823,
        3475
      ],
      [
        1834,
        3482
      ]
    ],
    "models": [23901]
  }
]