[
  {
    "id": 7926,
    "name": "Tomas\u0020Lawry",
    "category": -1,
    "minimapdot": false,
    "level": 1,
    "actions": [[
      1796,
      3782
    ]],
    "coordinates": [[
      1796,
      3782
    ]],
    "models": []
  },
  {
    "id": 6969,
    "name": "Banker",
    "category": 249,
    "minimapdot": false,
    "level": 0,
    "actions": [
      "Talk-to",
      "Bank",
      "Collect"
    ],
    "coordinates": [
      [
        1796,
        3792
      ],
      [
        1804,
        3792
      ]
    ],
    "models": [
      388,
      469,
      348,
      353,
      434,
      417,
      410
    ]
  },
  {
    "id": 6970,
    "name": "Banker",
    "category": 249,
    "minimapdot": false,
    "level": 0,
    "actions": [
      "Talk-to",
      "Bank",
      "Collect"
    ],
    "coordinates": [
      [
        1800,
        3792
      ],
      [
        1808,
        3792
      ]
    ],
    "models": [
      211,
      236,
      10304,
      292,
      3667,
      151,
      10218,
      5218
    ]
  },
  {
    "id": 6964,
    "name": "Tynan",
    "category": -1,
    "minimapdot": false,
    "level": 0,
    "actions": [
      "Talk-to",
      "Trade"
    ],
    "coordinates": [[
      1840,
      3786
    ]],
    "models": [
      26122,
      305,
      151,
      10218,
      29113,
      29409
    ]
  },
  {
    "id": 6965,
    "name": "Nicholas",
    "category": -1,
    "minimapdot": false,
    "level": 0,
    "actions": ["Talk-to"],
    "coordinates": [[
      1842,
      3803
    ]],
    "models": [
      39759,
      29118,
      151,
      179,
      29113,
      29409,
      29114,
      251,
      496
    ]
  },
  {
    "id": 4116,
    "name": "Billy",
    "category": -1,
    "minimapdot": false,
    "level": 0,
    "actions": [[
      1845,
      3826
    ]],
    "coordinates": [[
      1845,
      3826
    ]],
    "models": [
      20273,
      20281,
      20277
    ]
  }
]