[
  {
    "id": 5007,
    "name": "Imp",
    "category": 748,
    "minimapdot": false,
    "level": 2,
    "actions": ["Attack"],
    "coordinates": [
      [
        1792,
        3648
      ],
      [
        1794,
        3654
      ]
    ],
    "models": [19982]
  },
  {
    "id": 7008,
    "name": "Simon",
    "category": -1,
    "minimapdot": false,
    "level": 0,
    "actions": ["Talk-to"],
    "coordinates": [[
      1792,
      3689
    ]],
    "models": [
      26120,
      26132,
      26117,
      26127,
      26119
    ]
  },
  {
    "id": 6987,
    "name": "Man",
    "category": 266,
    "minimapdot": false,
    "level": 2,
    "actions": [
      "Talk-to",
      "Attack",
      "Pickpocket"
    ],
    "coordinates": [
      [
        1794,
        3689
      ],
      [
        1820,
        3681
      ]
    ],
    "models": [
      215,
      246,
      292,
      326,
      151,
      177,
      12138,
      181
    ]
  },
  {
    "id": 7001,
    "name": "Port\u0020worker",
    "category": -1,
    "minimapdot": false,
    "level": 0,
    "actions": ["Talk-to"],
    "coordinates": [[
      1800,
      3689
    ]],
    "models": [
      215,
      247,
      305,
      151,
      179,
      254,
      185
    ]
  },
  {
    "id": 7007,
    "name": "Melvin",
    "category": -1,
    "minimapdot": false,
    "level": 0,
    "actions": ["Talk-to"],
    "coordinates": [[
      1801,
      3691
    ]],
    "models": [
      26120,
      26130,
      26114,
      26125,
      26119
    ]
  },
  {
    "id": 3019,
    "name": "Spider",
    "category": 384,
    "minimapdot": false,
    "level": 1,
    "actions": ["Attack"],
    "coordinates": [
      [
        1805,
        3686
      ],
      [
        1805,
        3703
      ],
      [
        1808,
        3697
      ],
      [
        1819,
        3686
      ],
      [
        1824,
        3688
      ],
      [
        1845,
        3691
      ]
    ],
    "models": [24613]
  },
  {
    "id": 6994,
    "name": "Pirate",
    "category": -1,
    "minimapdot": false,
    "level": 23,
    "actions": [
      "Talk-to",
      "Attack"
    ],
    "coordinates": [
      [
        1806,
        3675
      ],
      [
        1806,
        3681
      ]
    ],
    "models": [
      215,
      252,
      299,
      159,
      176,
      259,
      193,
      236,
      518
    ]
  },
  {
    "id": 1339,
    "name": "Seagull",
    "category": -1,
    "minimapdot": false,
    "level": 3,
    "actions": ["Attack"],
    "coordinates": [[
      1806,
      3689
    ]],
    "models": [26874]
  },
  {
    "id": 1338,
    "name": "Seagull",
    "category": -1,
    "minimapdot": false,
    "level": 2,
    "actions": ["Attack"],
    "coordinates": [
      [
        1806,
        3690
      ],
      [
        1806,
        3707
      ],
      [
        1807,
        3691
      ],
      [
        1807,
        3706
      ],
      [
        1808,
        3689
      ],
      [
        1836,
        3688
      ]
    ],
    "models": [26874]
  },
  {
    "id": 6995,
    "name": "Pirate",
    "category": -1,
    "minimapdot": false,
    "level": 23,
    "actions": [
      "Talk-to",
      "Attack"
    ],
    "coordinates": [[
      1806,
      3693
    ]],
    "models": [
      388,
      469,
      348,
      353,
      434,
      417,
      410,
      490
    ]
  },
  {
    "id": 6988,
    "name": "Man",
    "category": 266,
    "minimapdot": false,
    "level": 2,
    "actions": [
      "Talk-to",
      "Attack",
      "Pickpocket"
    ],
    "coordinates": [
      [
        1806,
        3710
      ],
      [
        1820,
        3675
      ],
      [
        1840,
        3690
      ]
    ],
    "models": [
      217,
      246,
      292,
      326,
      170,
      177,
      274,
      185
    ]
  },
  {
    "id": 7009,
    "name": "Andrea",
    "category": -1,
    "minimapdot": false,
    "level": 0,
    "actions": ["Talk-to"],
    "coordinates": [[
      1807,
      3696
    ]],
    "models": [
      26143,
      26152,
      26136,
      26147,
      26141
    ]
  },
  {
    "id": 6999,
    "name": "Port\u0020Official",
    "category": -1,
    "minimapdot": false,
    "level": 0,
    "actions": ["Talk-to"],
    "coordinates": [[
      1807,
      3709
    ]],
    "models": [
      215,
      238,
      247,
      292,
      170,
      176,
      254,
      181,
      320
    ]
  },
  {
    "id": 7006,
    "name": "Darren",
    "category": -1,
    "minimapdot": false,
    "level": 0,
    "actions": ["Talk-to"],
    "coordinates": [[
      1810,
      3690
    ]],
    "models": [
      26120,
      26130,
      26114,
      26125,
      26119
    ]
  },
  {
    "id": 6997,
    "name": "Dark\u0020wizard",
    "category": -1,
    "minimapdot": false,
    "level": 0,
    "actions": ["Talk-to"],
    "coordinates": [[
      1815,
      3688
    ]],
    "models": [
      208,
      251,
      292,
      11766,
      11809,
      10218,
      256,
      181,
      11767
    ]
  },
  {
    "id": 7002,
    "name": "Mark",
    "category": -1,
    "minimapdot": false,
    "level": 0,
    "actions": ["Talk-to"],
    "coordinates": [[
      1816,
      3690
    ]],
    "models": [
      215,
      246,
      292,
      3707,
      151,
      176,
      3711,
      254,
      181
    ]
  },
  {
    "id": 7003,
    "name": "Cheryl",
    "category": -1,
    "minimapdot": false,
    "level": 0,
    "actions": ["Talk-to"],
    "coordinates": [[
      1817,
      3690
    ]],
    "models": [
      390,
      456,
      332,
      353,
      419,
      361,
      534
    ]
  },
  {
    "id": 6992,
    "name": "Woman",
    "category": 492,
    "minimapdot": false,
    "level": 2,
    "actions": [
      "Talk-to",
      "Attack",
      "Pickpocket"
    ],
    "coordinates": [
      [
        1821,
        3678
      ],
      [
        1835,
        3689
      ]
    ],
    "models": [
      393,
      456,
      351,
      353,
      435,
      414
    ]
  },
  {
    "id": 7004,
    "name": "Charles",
    "category": -1,
    "minimapdot": false,
    "level": 0,
    "actions": ["Talk-to"],
    "coordinates": [[
      1821,
      3690
    ]],
    "models": [
      215,
      249,
      25676,
      14373,
      10218,
      12138,
      181,
      8954
    ]
  },
  {
    "id": 11119,
    "name": "Commander\u0020Fullore",
    "category": -1,
    "minimapdot": false,
    "level": 1,
    "actions": [[
      1823,
      3689
    ]],
    "coordinates": [[
      1823,
      3689
    ]],
    "models": []
  },
  {
    "id": 2147,
    "name": "Veos",
    "category": 922,
    "minimapdot": false,
    "level": 1,
    "actions": [[
      1825,
      3691
    ]],
    "coordinates": [[
      1825,
      3691
    ]],
    "models": []
  },
  {
    "id": 11125,
    "name": "Cabin\u0020Boy\u0020Herbert",
    "category": 922,
    "minimapdot": false,
    "level": 1,
    "actions": [[
      1826,
      3691
    ]],
    "coordinates": [[
      1826,
      3691
    ]],
    "models": []
  },
  {
    "id": 6998,
    "name": "Pirate",
    "category": -1,
    "minimapdot": false,
    "level": 0,
    "actions": ["Talk-to"],
    "coordinates": [[
      1830,
      3689
    ]],
    "models": [
      193,
      217,
      236,
      10304,
      292,
      326,
      151,
      10218,
      5218
    ]
  },
  {
    "id": 7005,
    "name": "Sarah",
    "category": -1,
    "minimapdot": false,
    "level": 0,
    "actions": ["Talk-to"],
    "coordinates": [[
      1840,
      3688
    ]],
    "models": [
      390,
      9361,
      332,
      10706,
      17548,
      358
    ]
  },
  {
    "id": 7010,
    "name": "Elizabeth",
    "category": -1,
    "minimapdot": false,
    "level": 0,
    "actions": ["Talk-to"],
    "coordinates": [[
      1841,
      3691
    ]],
    "models": [
      26145,
      26154,
      26138,
      26149,
      26142
    ]
  },
  {
    "id": 7000,
    "name": "Captain\u0020Janaway",
    "category": -1,
    "minimapdot": false,
    "level": 0,
    "actions": ["Talk-to"],
    "coordinates": [[
      1844,
      3691
    ]],
    "models": [
      214,
      249,
      292,
      151,
      176,
      254,
      181,
      194
    ]
  },
  {
    "id": 6996,
    "name": "Mugger",
    "category": -1,
    "minimapdot": false,
    "level": 6,
    "actions": ["Attack"],
    "coordinates": [[
      1846,
      3689
    ]],
    "models": [
      20749,
      310,
      9450,
      176,
      25665
    ]
  }
]