[
  {
    "id": 6775,
    "name": "Gallow",
    "category": -1,
    "minimapdot": false,
    "level": 0,
    "actions": ["Talk-to"],
    "coordinates": [[
      1805,
      3562
    ]],
    "models": [
      11352,
      391,
      418,
      23957,
      346,
      356,
      433,
      7366
    ]
  },
  {
    "id": 11150,
    "name": "Pandur\u0020Hosidius",
    "category": -1,
    "minimapdot": false,
    "level": 1,
    "actions": [[
      1806,
      3550
    ]],
    "coordinates": [[
      1806,
      3550
    ]],
    "models": []
  },
  {
    "id": 0,
    "name": "Tool\u0020Leprechaun",
    "category": 236,
    "minimapdot": false,
    "level": 0,
    "actions": [
      "Talk-to",
      "Exchange"
    ],
    "coordinates": [[
      1806,
      3555
    ]],
    "models": [10220]
  },
  {
    "id": 758,
    "name": "Flies",
    "category": -1,
    "minimapdot": false,
    "level": 0,
    "actions": [
      [
        1815,
        3536
      ],
      [
        1817,
        3536
      ],
      [
        1817,
        3538
      ],
      [
        1818,
        3537
      ],
      [
        1819,
        3538
      ]
    ],
    "coordinates": [
      [
        1815,
        3536
      ],
      [
        1817,
        3536
      ],
      [
        1817,
        3538
      ],
      [
        1818,
        3537
      ],
      [
        1819,
        3538
      ]
    ],
    "models": [2950]
  },
  {
    "id": 6996,
    "name": "Mugger",
    "category": -1,
    "minimapdot": false,
    "level": 6,
    "actions": ["Attack"],
    "coordinates": [[
      1825,
      3573
    ]],
    "models": [
      20749,
      310,
      9450,
      176,
      25665
    ]
  },
  {
    "id": 281,
    "name": "Gull",
    "category": 255,
    "minimapdot": false,
    "level": 0,
    "actions": [
      [
        1848,
        3538
      ],
      [
        1852,
        3529
      ],
      [
        1853,
        3574
      ]
    ],
    "coordinates": [
      [
        1848,
        3538
      ],
      [
        1852,
        3529
      ],
      [
        1853,
        3574
      ]
    ],
    "models": [
      26841,
      26844
    ]
  },
  {
    "id": 6776,
    "name": "Man",
    "category": -1,
    "minimapdot": false,
    "level": 0,
    "actions": ["Talk-to"],
    "coordinates": [[
      1816,
      3537
    ]],
    "models": [7766]
  }
]