[
  {
    "id": 6987,
    "name": "Man",
    "category": 266,
    "minimapdot": false,
    "level": 2,
    "actions": [
      "Talk-to",
      "Attack",
      "Pickpocket"
    ],
    "coordinates": [[
      1792,
      3730
    ]],
    "models": [
      215,
      246,
      292,
      326,
      151,
      177,
      12138,
      181
    ]
  },
  {
    "id": 6989,
    "name": "Man",
    "category": 266,
    "minimapdot": false,
    "level": 2,
    "actions": [
      "Talk-to",
      "Attack",
      "Pickpocket"
    ],
    "coordinates": [
      [
        1792,
        3747
      ],
      [
        1846,
        3757
      ]
    ],
    "models": [
      235,
      253,
      292,
      326,
      151,
      177,
      267,
      181
    ]
  },
  {
    "id": 6788,
    "name": "Piliar",
    "category": 9,
    "minimapdot": false,
    "level": 0,
    "actions": [[
      1793,
      3739
    ]],
    "coordinates": [[
      1793,
      3739
    ]],
    "models": []
  },
  {
    "id": 7905,
    "name": "Robert\u0020O'Reilly",
    "category": -1,
    "minimapdot": false,
    "level": 0,
    "actions": ["Talk-to"],
    "coordinates": [[
      1794,
      3758
    ]],
    "models": [
      214,
      11190,
      8845,
      18126,
      10218,
      18132,
      18127
    ]
  },
  {
    "id": 6993,
    "name": "Pirate",
    "category": -1,
    "minimapdot": false,
    "level": 23,
    "actions": [
      "Talk-to",
      "Attack"
    ],
    "coordinates": [
      [
        1795,
        3748
      ],
      [
        1840,
        3739
      ],
      [
        1845,
        3739
      ]
    ],
    "models": [
      211,
      246,
      292,
      173,
      176,
      271,
      181,
      490,
      236
    ]
  },
  {
    "id": 6991,
    "name": "Woman",
    "category": 492,
    "minimapdot": false,
    "level": 2,
    "actions": [
      "Talk-to",
      "Attack",
      "Pickpocket"
    ],
    "coordinates": [[
      1800,
      3719
    ]],
    "models": [
      391,
      471,
      332,
      353,
      419,
      358,
      414
    ]
  },
  {
    "id": 6994,
    "name": "Pirate",
    "category": -1,
    "minimapdot": false,
    "level": 23,
    "actions": [
      "Talk-to",
      "Attack"
    ],
    "coordinates": [
      [
        1801,
        3729
      ],
      [
        1826,
        3714
      ],
      [
        1840,
        3755
      ]
    ],
    "models": [
      215,
      252,
      299,
      159,
      176,
      259,
      193,
      236,
      518
    ]
  },
  {
    "id": 2855,
    "name": "Rat",
    "category": 262,
    "minimapdot": false,
    "level": 1,
    "actions": ["Attack"],
    "coordinates": [
      [
        1803,
        3738
      ],
      [
        1812,
        3756
      ],
      [
        1813,
        3755
      ],
      [
        1814,
        3757
      ],
      [
        1836,
        3742
      ]
    ],
    "models": [9610]
  },
  {
    "id": 7923,
    "name": "Poor\u0020looking\u0020woman",
    "category": -1,
    "minimapdot": false,
    "level": 0,
    "actions": ["Talk-to"],
    "coordinates": [[
      1803,
      3742
    ]],
    "models": [
      379,
      18139,
      28367,
      10706,
      438,
      18136
    ]
  },
  {
    "id": 2854,
    "name": "Rat",
    "category": 262,
    "minimapdot": false,
    "level": 1,
    "actions": ["Attack"],
    "coordinates": [
      [
        1803,
        3747
      ],
      [
        1806,
        3755
      ],
      [
        1807,
        3753
      ],
      [
        1813,
        3743
      ],
      [
        1815,
        3715
      ],
      [
        1834,
        3747
      ],
      [
        1847,
        3724
      ]
    ],
    "models": [9610]
  },
  {
    "id": 6986,
    "name": "Leenz",
    "category": -1,
    "minimapdot": false,
    "level": 0,
    "actions": [
      "Talk-to",
      "Trade"
    ],
    "coordinates": [[
      1807,
      3723
    ]],
    "models": [
      16453,
      467,
      351,
      419,
      29814,
      353
    ]
  },
  {
    "id": 6995,
    "name": "Pirate",
    "category": -1,
    "minimapdot": false,
    "level": 23,
    "actions": [
      "Talk-to",
      "Attack"
    ],
    "coordinates": [[
      1812,
      3748
    ]],
    "models": [
      388,
      469,
      348,
      353,
      434,
      417,
      410,
      490
    ]
  },
  {
    "id": 330,
    "name": "Swarm",
    "category": -1,
    "minimapdot": false,
    "level": 0,
    "actions": [
      [
        1815,
        3750
      ],
      [
        1803,
        3767
      ],
      [
        1825,
        3722
      ]
    ],
    "coordinates": [
      [
        1815,
        3750
      ],
      [
        1803,
        3767
      ],
      [
        1825,
        3722
      ]
    ],
    "models": [2950]
  },
  {
    "id": 6981,
    "name": "Fisherman",
    "category": -1,
    "minimapdot": false,
    "level": 0,
    "actions": ["Talk-to"],
    "coordinates": [[
      1823,
      3769
    ]],
    "models": [16238]
  },
  {
    "id": 6825,
    "name": "Rod\u0020Fishing\u0020spot",
    "category": 919,
    "minimapdot": false,
    "level": 0,
    "actions": ["Bait"],
    "coordinates": [
      [
        1826,
        3770
      ],
      [
        1827,
        3770
      ],
      [
        1833,
        3769
      ]
    ],
    "models": [1491]
  },
  {
    "id": 6968,
    "name": "Dock\u0020worker",
    "category": -1,
    "minimapdot": false,
    "level": 0,
    "actions": ["Talk-to"],
    "coordinates": [
      [
        1809,
        3715
      ],
      [
        1826,
        3748
      ],
      [
        1848,
        3722
      ]
    ],
    "models": [
      215,
      10304,
      305,
      151,
      179,
      254,
      185
    ]
  },
  {
    "id": 6967,
    "name": "Dock\u0020worker",
    "category": -1,
    "minimapdot": false,
    "level": 0,
    "actions": ["Talk-to"],
    "coordinates": [
      [
        1816,
        3726
      ],
      [
        1831,
        3737
      ],
      [
        1833,
        3758
      ]
    ],
    "models": [
      215,
      247,
      305,
      151,
      179,
      254,
      185,
      491
    ]
  },
  {
    "id": 3019,
    "name": "Spider",
    "category": 384,
    "minimapdot": false,
    "level": 1,
    "actions": ["Attack"],
    "coordinates": [
      [
        1817,
        3748
      ],
      [
        1842,
        3753
      ],
      [
        1848,
        3748
      ]
    ],
    "models": [24613]
  },
  {
    "id": 6966,
    "name": "Dockmaster",
    "category": -1,
    "minimapdot": false,
    "level": 0,
    "actions": ["Talk-to"],
    "coordinates": [[
      1821,
      3740
    ]],
    "models": [
      215,
      253,
      299,
      151,
      176,
      254,
      181,
      194
    ]
  },
  {
    "id": 6963,
    "name": "Frankie",
    "category": -1,
    "minimapdot": false,
    "level": 0,
    "actions": [
      "Talk-to",
      "Trade"
    ],
    "coordinates": [[
      1831,
      3719
    ]],
    "models": [
      230,
      299,
      151,
      179,
      29113,
      29409,
      194,
      251,
      562,
      236,
      320
    ]
  },
  {
    "id": 6996,
    "name": "Mugger",
    "category": -1,
    "minimapdot": false,
    "level": 6,
    "actions": ["Attack"],
    "coordinates": [[
      1835,
      3730
    ]],
    "models": [
      20749,
      310,
      9450,
      176,
      25665
    ]
  },
  {
    "id": 7928,
    "name": "Conrad\u0020King",
    "category": -1,
    "minimapdot": false,
    "level": 1,
    "actions": [[
      1847,
      3734
    ]],
    "coordinates": [[
      1847,
      3734
    ]],
    "models": []
  },
  {
    "id": 6764,
    "name": "Captain\u0020Khaled",
    "category": 933,
    "minimapdot": false,
    "level": 1,
    "actions": [[
      1847,
      3753
    ]],
    "coordinates": [[
      1847,
      3753
    ]],
    "models": []
  },
  {
    "id": 6988,
    "name": "Man",
    "category": 266,
    "minimapdot": false,
    "level": 2,
    "actions": [
      "Talk-to",
      "Attack",
      "Pickpocket"
    ],
    "coordinates": [[
      1849,
      3742
    ]],
    "models": [
      217,
      246,
      292,
      326,
      170,
      177,
      274,
      185
    ]
  }
]