[
  {
    "id": 7042,
    "name": "Aretha",
    "category": -1,
    "minimapdot": false,
    "level": 0,
    "actions": ["Talk-to"],
    "coordinates": [[
      1814,
      3851
    ]],
    "models": [30557]
  },
  {
    "id": 99,
    "name": "Ghost",
    "category": 278,
    "minimapdot": false,
    "level": 19,
    "actions": ["Attack"],
    "coordinates": [[
      1817,
      3887
    ]],
    "models": [21145]
  },
  {
    "id": 472,
    "name": "Ghost",
    "category": 278,
    "minimapdot": false,
    "level": 19,
    "actions": ["Attack"],
    "coordinates": [[
      1826,
      3864
    ]],
    "models": [21146]
  },
  {
    "id": 95,
    "name": "Ghost",
    "category": 278,
    "minimapdot": false,
    "level": 19,
    "actions": ["Attack"],
    "coordinates": [[
      1828,
      3885
    ]],
    "models": [21148]
  }
]