[
  {
    "id": 2854,
    "name": "Rat",
    "category": 262,
    "minimapdot": false,
    "level": 1,
    "actions": ["Attack"],
    "coordinates": [
      [
        1814,
        4826
      ],
      [
        1815,
        4832
      ],
      [
        1823,
        4829
      ],
      [
        1823,
        4837
      ],
      [
        1824,
        4839
      ],
      [
        1825,
        4831
      ]
    ],
    "models": [9610]
  },
  {
    "id": 4044,
    "name": "Pirate",
    "category": -1,
    "minimapdot": false,
    "level": 57,
    "actions": [
      "Talk-To",
      "Attack"
    ],
    "coordinates": [[
      1823,
      4831
    ]],
    "models": [
      211,
      249,
      292,
      3667,
      151,
      10218,
      540,
      5218
    ]
  },
  {
    "id": 4045,
    "name": "Pirate",
    "category": -1,
    "minimapdot": false,
    "level": 57,
    "actions": [
      "Talk-To",
      "Attack"
    ],
    "coordinates": [[
      1824,
      4834
    ]],
    "models": [
      211,
      236,
      249,
      292,
      3667,
      151,
      10218,
      11196,
      5218
    ]
  },
  {
    "id": 4046,
    "name": "Pirate",
    "category": -1,
    "minimapdot": false,
    "level": 57,
    "actions": [
      "Talk-To",
      "Attack"
    ],
    "coordinates": [[
      1825,
      4836
    ]],
    "models": [
      211,
      236,
      249,
      292,
      3667,
      151,
      3660,
      555,
      259
    ]
  }
]