[
  {
    "id": 4004,
    "name": "Shadow",
    "category": -1,
    "minimapdot": false,
    "level": 73,
    "actions": ["Attack"],
    "coordinates": [
      [
        1859,
        4659
      ],
      [
        1859,
        4664
      ],
      [
        1860,
        4612
      ],
      [
        1861,
        4624
      ],
      [
        1862,
        4651
      ],
      [
        1865,
        4656
      ],
      [
        1866,
        4664
      ],
      [
        1868,
        4628
      ],
      [
        1868,
        4650
      ],
      [
        1871,
        4614
      ],
      [
        1871,
        4641
      ],
      [
        1877,
        4660
      ],
      [
        1878,
        4622
      ],
      [
        1886,
        4611
      ],
      [
        1886,
        4621
      ],
      [
        1887,
        4648
      ],
      [
        1890,
        4666
      ],
      [
        1892,
        4621
      ],
      [
        1895,
        4651
      ],
      [
        1897,
        4632
      ],
      [
        1899,
        4620
      ],
      [
        1899,
        4626
      ],
      [
        1899,
        4638
      ],
      [
        1900,
        4666
      ],
      [
        1905,
        4614
      ],
      [
        1906,
        4612
      ],
      [
        1906,
        4615
      ],
      [
        1906,
        4638
      ],
      [
        1906,
        4664
      ],
      [
        1907,
        4616
      ],
      [
        1908,
        4612
      ],
      [
        1908,
        4615
      ],
      [
        1909,
        4614
      ],
      [
        1909,
        4626
      ],
      [
        1910,
        4657
      ],
      [
        1911,
        4621
      ],
      [
        1912,
        4638
      ],
      [
        1914,
        4664
      ],
      [
        1917,
        4614
      ],
      [
        1919,
        4638
      ],
      [
        1919,
        4640
      ]
    ],
    "models": [9739]
  },
  {
    "id": 6184,
    "name": "Thorgel",
    "category": -1,
    "minimapdot": false,
    "level": 1,
    "actions": [[
      1860,
      4641
    ]],
    "coordinates": [[
      1860,
      4641
    ]],
    "models": []
  }
]