[
  {
    "id": 1668,
    "name": "Penance\u0020Ranger",
    "category": -1,
    "minimapdot": false,
    "level": 0,
    "actions": [[
      1874,
      5485
    ]],
    "coordinates": [[
      1874,
      5485
    ]],
    "models": [
      20719,
      20720
    ]
  },
  {
    "id": 1667,
    "name": "Penance\u0020Fighter",
    "category": -1,
    "minimapdot": false,
    "level": 0,
    "actions": [[
      1880,
      5486
    ]],
    "coordinates": [[
      1880,
      5486
    ]],
    "models": [
      20697,
      20696
    ]
  },
  {
    "id": 1665,
    "name": "Major\u0020Heal",
    "category": -1,
    "minimapdot": false,
    "level": 0,
    "actions": [[
      1882,
      5466
    ]],
    "coordinates": [[
      1882,
      5466
    ]],
    "models": [
      11740,
      230,
      252,
      11758,
      11763,
      11728,
      11731,
      19250,
      11735,
      11762,
      19262
    ]
  },
  {
    "id": 1662,
    "name": "Major\u0020Attack",
    "category": -1,
    "minimapdot": false,
    "level": 0,
    "actions": [[
      1882,
      5477
    ]],
    "coordinates": [[
      1882,
      5477
    ]],
    "models": [
      11740,
      230,
      252,
      11759,
      11727,
      11732,
      19250,
      11735,
      11764,
      19260
    ]
  },
  {
    "id": 1664,
    "name": "Major\u0020Defend",
    "category": -1,
    "minimapdot": false,
    "level": 0,
    "actions": [[
      1891,
      5466
    ]],
    "coordinates": [[
      1891,
      5466
    ]],
    "models": [
      11740,
      230,
      251,
      11758,
      11763,
      11726,
      11731,
      19250,
      11735,
      19261
    ]
  },
  {
    "id": 1663,
    "name": "Major\u0020Collect",
    "category": -1,
    "minimapdot": false,
    "level": 0,
    "actions": [[
      1891,
      5477
    ]],
    "coordinates": [[
      1891,
      5477
    ]],
    "models": [
      11740,
      230,
      250,
      11758,
      11762,
      11727,
      11732,
      19250,
      11735,
      11764,
      19259
    ]
  },
  {
    "id": 1670,
    "name": "Penance\u0020Healer",
    "category": -1,
    "minimapdot": false,
    "level": 0,
    "actions": [[
      1892,
      5486
    ]],
    "coordinates": [[
      1892,
      5486
    ]],
    "models": [20698]
  },
  {
    "id": 1669,
    "name": "Penance\u0020Runner",
    "category": -1,
    "minimapdot": false,
    "level": 0,
    "actions": [[
      1898,
      5485
    ]],
    "coordinates": [[
      1898,
      5485
    ]],
    "models": [20721]
  },
  {
    "id": 1655,
    "name": "Egg\u0020launcher",
    "category": -1,
    "minimapdot": false,
    "level": 0,
    "actions": [
      [
        1877,
        5474
      ],
      [
        1896,
        5474
      ]
    ],
    "coordinates": [
      [
        1877,
        5474
      ],
      [
        1896,
        5474
      ]
    ],
    "models": [20660]
  }
]