[
  {
    "id": 3390,
    "name": "Mountain\u0020Dwarf",
    "category": -1,
    "minimapdot": false,
    "level": 0,
    "actions": [[
      1862,
      5345
    ]],
    "coordinates": [[
      1862,
      5345
    ]],
    "models": [
      2970,
      2980,
      2978,
      2984,
      2985,
      13414,
      2992
    ]
  },
  {
    "id": 3389,
    "name": "Pirate\u0020Pete",
    "category": -1,
    "minimapdot": false,
    "level": 0,
    "actions": [[
      1862,
      5347
    ]],
    "coordinates": [[
      1862,
      5347
    ]],
    "models": [
      5430,
      246,
      310,
      163,
      179,
      3329,
      185,
      12799
    ]
  },
  {
    "id": 3392,
    "name": "General\u0020Bentnoze",
    "category": -1,
    "minimapdot": false,
    "level": 0,
    "actions": [[
      1862,
      5349
    ]],
    "coordinates": [[
      1862,
      5349
    ]],
    "models": [
      24456,
      24484,
      24433,
      24476,
      24443,
      24450
    ]
  },
  {
    "id": 3391,
    "name": "General\u0020Wartface",
    "category": -1,
    "minimapdot": false,
    "level": 0,
    "actions": [[
      1862,
      5351
    ]],
    "coordinates": [[
      1862,
      5351
    ]],
    "models": [
      24462,
      24484,
      24433,
      24477,
      24444,
      24450
    ]
  },
  {
    "id": 4849,
    "name": "Culinaromancer",
    "category": -1,
    "minimapdot": false,
    "level": 0,
    "actions": [[
      1863,
      5317
    ]],
    "coordinates": [[
      1863,
      5317
    ]],
    "models": [
      12749,
      215,
      244,
      6131,
      13897,
      13330,
      12765,
      12750,
      181
    ]
  },
  {
    "id": 3398,
    "name": "Skrach\u0020Uglogwee",
    "category": -1,
    "minimapdot": false,
    "level": 0,
    "actions": [[
      1863,
      5352
    ]],
    "coordinates": [[
      1863,
      5352
    ]],
    "models": [
      6760,
      8682,
      13427
    ]
  },
  {
    "id": 3396,
    "name": "Awowogei",
    "category": 396,
    "minimapdot": false,
    "level": 0,
    "actions": [[
      1865,
      5343
    ]],
    "coordinates": [[
      1865,
      5343
    ]],
    "models": [
      4816,
      4823,
      13414
    ]
  },
  {
    "id": 3395,
    "name": "Sir\u0020Amik\u0020Varze",
    "category": -1,
    "minimapdot": false,
    "level": 0,
    "actions": [[
      1865,
      5345
    ]],
    "coordinates": [[
      1865,
      5345
    ]],
    "models": [
      215,
      306,
      164,
      179,
      268,
      184,
      201,
      249,
      12799
    ]
  },
  {
    "id": 3394,
    "name": "Evil\u0020Dave",
    "category": -1,
    "minimapdot": false,
    "level": 0,
    "actions": [[
      1865,
      5347
    ]],
    "coordinates": [[
      1865,
      5347
    ]],
    "models": [
      9981,
      181,
      253,
      9983,
      9979,
      9980,
      9982,
      12760
    ]
  },
  {
    "id": 3393,
    "name": "Lumbridge\u0020Guide",
    "category": -1,
    "minimapdot": false,
    "level": 0,
    "actions": [[
      1865,
      5349
    ]],
    "coordinates": [[
      1865,
      5349
    ]],
    "models": [
      214,
      250,
      5674,
      5668,
      5672,
      7123,
      12799
    ]
  },
  {
    "id": 6256,
    "name": "Gypsy",
    "category": -1,
    "minimapdot": false,
    "level": 0,
    "actions": [[
      1866,
      5327
    ]],
    "coordinates": [[
      1866,
      5327
    ]],
    "models": []
  }
]