[
  {
    "id": 10541,
    "name": "Bird",
    "category": 255,
    "minimapdot": false,
    "level": 5,
    "actions": ["Attack"],
    "coordinates": [
      [
        1900,
        5965
      ],
      [
        1914,
        6004
      ]
    ],
    "models": [
      26849,
      26844
    ]
  },
  {
    "id": 1416,
    "name": "Squirrel",
    "category": -1,
    "minimapdot": false,
    "level": 0,
    "actions": [[
      1909,
      5993
    ]],
    "coordinates": [[
      1909,
      5993
    ]],
    "models": [11723]
  },
  {
    "id": 238,
    "name": "Butterfly",
    "category": 248,
    "minimapdot": false,
    "level": 0,
    "actions": [
      [
        1910,
        6014
      ],
      [
        1916,
        5991
      ]
    ],
    "coordinates": [
      [
        1910,
        6014
      ],
      [
        1916,
        5991
      ]
    ],
    "models": [3023]
  },
  {
    "id": 10542,
    "name": "Ancient\u0020Ghost",
    "category": -1,
    "minimapdot": false,
    "level": 1,
    "actions": [[
      1913,
      5967
    ]],
    "coordinates": [[
      1913,
      5967
    ]],
    "models": []
  }
]