[
  {"id":1416,"name":"Squirrel","level":"0","category":0,"minimapdot":true,"actions":[],"size":[1,1,53],"coordinates":[[1900,5947]],"colors":[10462377,12304836,12042961,7829374,7567289,4205136,11185077]},
  {"id":1417,"name":"Squirrel","level":"0","category":0,"minimapdot":true,"actions":[],"size":[1,1,53],"coordinates":[[1909,5926]],"colors":[10462377,12304836,12042961,7829374,7567289,4205136,11185077]},
  {"id":238,"name":"Butterfly","level":"0","category":248,"minimapdot":false,"actions":[],"size":[1,1,189],"coordinates":[[1912,5945]],"colors":[5664393,15323585,16316664,16565139]}
]