[
  {
    "id": 1416,
    "name": "Squirrel",
    "category": -1,
    "minimapdot": false,
    "level": 0,
    "actions": [[
      1900,
      5947
    ]],
    "coordinates": [[
      1900,
      5947
    ]],
    "models": [11723]
  },
  {
    "id": 1417,
    "name": "Squirrel",
    "category": -1,
    "minimapdot": false,
    "level": 0,
    "actions": [[
      1909,
      5926
    ]],
    "coordinates": [[
      1909,
      5926
    ]],
    "models": [11723]
  },
  {
    "id": 238,
    "name": "Butterfly",
    "category": 248,
    "minimapdot": false,
    "level": 0,
    "actions": [[
      1912,
      5945
    ]],
    "coordinates": [[
      1912,
      5945
    ]],
    "models": [3023]
  }
]