[
  {
    "id": 238,
    "name": "Butterfly",
    "category": 248,
    "minimapdot": false,
    "level": 0,
    "actions": [
      [
        1921,
        5931
      ],
      [
        1947,
        5908
      ],
      [
        1955,
        5949
      ],
      [
        1973,
        5888
      ],
      [
        1975,
        5918
      ]
    ],
    "coordinates": [
      [
        1921,
        5931
      ],
      [
        1947,
        5908
      ],
      [
        1955,
        5949
      ],
      [
        1973,
        5888
      ],
      [
        1975,
        5918
      ]
    ],
    "models": [3023]
  },
  {
    "id": 1416,
    "name": "Squirrel",
    "category": -1,
    "minimapdot": false,
    "level": 0,
    "actions": [[
      1935,
      5914
    ]],
    "coordinates": [[
      1935,
      5914
    ]],
    "models": [11723]
  },
  {
    "id": 10541,
    "name": "Bird",
    "category": 255,
    "minimapdot": false,
    "level": 5,
    "actions": ["Attack"],
    "coordinates": [
      [
        1941,
        5945
      ],
      [
        1954,
        5904
      ]
    ],
    "models": [
      26849,
      26844
    ]
  },
  {
    "id": 1417,
    "name": "Squirrel",
    "category": -1,
    "minimapdot": false,
    "level": 0,
    "actions": [
      [
        1954,
        5931
      ],
      [
        1975,
        5934
      ]
    ],
    "coordinates": [
      [
        1954,
        5931
      ],
      [
        1975,
        5934
      ]
    ],
    "models": [11723]
  },
  {
    "id": 5549,
    "name": "Crimson\u0020swift",
    "category": 651,
    "minimapdot": false,
    "level": 0,
    "actions": [
      [
        1960,
        5897
      ],
      [
        1961,
        5901
      ],
      [
        1963,
        5899
      ],
      [
        1969,
        5890
      ],
      [
        1971,
        5895
      ],
      [
        1973,
        5891
      ]
    ],
    "coordinates": [
      [
        1960,
        5897
      ],
      [
        1961,
        5901
      ],
      [
        1963,
        5899
      ],
      [
        1969,
        5890
      ],
      [
        1971,
        5895
      ],
      [
        1973,
        5891
      ]
    ],
    "models": [
      26842,
      26844
    ]
  },
  {
    "id": 1418,
    "name": "Squirrel",
    "category": -1,
    "minimapdot": false,
    "level": 0,
    "actions": [[
      1965,
      5896
    ]],
    "coordinates": [[
      1965,
      5896
    ]],
    "models": [11723]
  }
]