[
  {
    "id": 10541,
    "name": "Bird",
    "category": 255,
    "minimapdot": false,
    "level": 5,
    "actions": ["Attack"],
    "coordinates": [
      [
        1920,
        6032
      ],
      [
        1978,
        6022
      ]
    ],
    "models": [
      26849,
      26844
    ]
  },
  {
    "id": 238,
    "name": "Butterfly",
    "category": 248,
    "minimapdot": false,
    "level": 0,
    "actions": [
      [
        1931,
        6038
      ],
      [
        1983,
        6037
      ]
    ],
    "coordinates": [
      [
        1931,
        6038
      ],
      [
        1983,
        6037
      ]
    ],
    "models": [3023]
  },
  {
    "id": 2910,
    "name": "Chinchompa",
    "category": 374,
    "minimapdot": false,
    "level": 1,
    "actions": ["Attack"],
    "coordinates": [
      [
        1934,
        6021
      ],
      [
        1934,
        6024
      ],
      [
        1936,
        6023
      ],
      [
        1937,
        6025
      ],
      [
        1938,
        6022
      ]
    ],
    "models": [19371]
  },
  {
    "id": 10545,
    "name": "Forgotten\u0020Soul",
    "category": 278,
    "minimapdot": false,
    "level": 20,
    "actions": ["Attack"],
    "coordinates": [[
      1940,
      6068
    ]],
    "models": [36157]
  },
  {
    "id": 3019,
    "name": "Spider",
    "category": 384,
    "minimapdot": false,
    "level": 1,
    "actions": ["Attack"],
    "coordinates": [
      [
        1942,
        6070
      ],
      [
        1945,
        6067
      ]
    ],
    "models": [24613]
  },
  {
    "id": 10544,
    "name": "Forgotten\u0020Soul",
    "category": 278,
    "minimapdot": false,
    "level": 20,
    "actions": ["Attack"],
    "coordinates": [[
      1945,
      6068
    ]],
    "models": [36156]
  },
  {
    "id": 3664,
    "name": "Rabbit",
    "category": 739,
    "minimapdot": false,
    "level": 2,
    "actions": ["Attack"],
    "coordinates": [
      [
        1950,
        6040
      ],
      [
        1958,
        6034
      ],
      [
        1964,
        6045
      ]
    ],
    "models": [23901]
  },
  {
    "id": 3665,
    "name": "Rabbit",
    "category": 739,
    "minimapdot": false,
    "level": 2,
    "actions": ["Attack"],
    "coordinates": [
      [
        1954,
        6042
      ],
      [
        1959,
        6040
      ]
    ],
    "models": [23901]
  },
  {
    "id": 1416,
    "name": "Squirrel",
    "category": -1,
    "minimapdot": false,
    "level": 0,
    "actions": [[
      1961,
      6047
    ]],
    "coordinates": [[
      1961,
      6047
    ]],
    "models": [11723]
  },
  {
    "id": 2854,
    "name": "Rat",
    "category": 262,
    "minimapdot": false,
    "level": 1,
    "actions": ["Attack"],
    "coordinates": [[
      1973,
      6050
    ]],
    "models": [9610]
  },
  {
    "id": 1417,
    "name": "Squirrel",
    "category": -1,
    "minimapdot": false,
    "level": 0,
    "actions": [[
      1978,
      6026
    ]],
    "coordinates": [[
      1978,
      6026
    ]],
    "models": [11723]
  }
]