[
  {
    "id": 284,
    "name": "Gull",
    "category": 255,
    "minimapdot": false,
    "level": 0,
    "actions": [
      [
        2012,
        4879
      ],
      [
        2021,
        4896
      ],
      [
        2024,
        4883
      ]
    ],
    "coordinates": [
      [
        2012,
        4879
      ],
      [
        2021,
        4896
      ],
      [
        2024,
        4883
      ]
    ],
    "models": [
      26841,
      26844
    ]
  },
  {
    "id": 285,
    "name": "Gull",
    "category": 255,
    "minimapdot": false,
    "level": 0,
    "actions": [
      [
        2016,
        4895
      ],
      [
        2017,
        4882
      ]
    ],
    "coordinates": [
      [
        2016,
        4895
      ],
      [
        2017,
        4882
      ]
    ],
    "models": [
      26841,
      26844
    ]
  }
]