[
  {
    "id": 10711,
    "name": "Enormous\u0020Tentacle",
    "category": 1537,
    "minimapdot": false,
    "level": 1,
    "actions": [[
      2011,
      4818
    ]],
    "coordinates": [[
      2011,
      4818
    ]],
    "models": []
  },
  {
    "id": 10710,
    "name": "Enormous\u0020Tentacle",
    "category": 1537,
    "minimapdot": false,
    "level": 1,
    "actions": [[
      2011,
      4830
    ]],
    "coordinates": [[
      2011,
      4830
    ]],
    "models": []
  },
  {
    "id": 5609,
    "name": "Murphy",
    "category": -1,
    "minimapdot": false,
    "level": 0,
    "actions": ["Talk-to"],
    "coordinates": [[
      2013,
      4825
    ]],
    "models": [
      217,
      310,
      267,
      170,
      176,
      185,
      194,
      244,
      322,
      249
    ]
  },
  {
    "id": 285,
    "name": "Gull",
    "category": 255,
    "minimapdot": false,
    "level": 0,
    "actions": [
      [
        2014,
        4818
      ],
      [
        2014,
        4832
      ],
      [
        2018,
        4831
      ],
      [
        2023,
        4820
      ]
    ],
    "coordinates": [
      [
        2014,
        4818
      ],
      [
        2014,
        4832
      ],
      [
        2018,
        4831
      ],
      [
        2023,
        4820
      ]
    ],
    "models": [
      26841,
      26844
    ]
  },
  {
    "id": 284,
    "name": "Gull",
    "category": 255,
    "minimapdot": false,
    "level": 0,
    "actions": [[
      2020,
      4816
    ]],
    "coordinates": [[
      2020,
      4816
    ]],
    "models": [
      26841,
      26844
    ]
  }
]