[
  {
    "id": 334,
    "name": "Strange\u0020watcher",
    "category": -1,
    "minimapdot": false,
    "level": 0,
    "actions": [[
      2006,
      4755
    ]],
    "coordinates": [[
      2006,
      4755
    ]],
    "models": [
      209,
      306,
      156,
      176,
      3599
    ]
  },
  {
    "id": 333,
    "name": "Strange\u0020watcher",
    "category": -1,
    "minimapdot": false,
    "level": 0,
    "actions": [[
      2012,
      4754
    ]],
    "coordinates": [[
      2012,
      4754
    ]],
    "models": [
      206,
      252,
      315,
      173,
      176,
      3599
    ]
  },
  {
    "id": 332,
    "name": "Strange\u0020watcher",
    "category": -1,
    "minimapdot": false,
    "level": 0,
    "actions": [[
      2015,
      4756
    ]],
    "coordinates": [[
      2015,
      4756
    ]],
    "models": [
      223,
      250,
      292,
      170,
      176,
      3599
    ]
  },
  {
    "id": 321,
    "name": "Mime",
    "category": -1,
    "minimapdot": false,
    "level": 0,
    "actions": [[
      2011,
      4762
    ]],
    "coordinates": [[
      2011,
      4762
    ]],
    "models": [
      3598,
      3667,
      292,
      163,
      179,
      254,
      185,
      198,
      230
    ]
  }
]