[
  {
    "id": 1418,
    "name": "Squirrel",
    "category": -1,
    "minimapdot": false,
    "level": 0,
    "actions": [
      [
        1987,
        6055
      ],
      [
        2041,
        6021
      ]
    ],
    "coordinates": [
      [
        1987,
        6055
      ],
      [
        2041,
        6021
      ]
    ],
    "models": [11723]
  },
  {
    "id": 10541,
    "name": "Bird",
    "category": 255,
    "minimapdot": false,
    "level": 5,
    "actions": ["Attack"],
    "coordinates": [
      [
        1989,
        6056
      ],
      [
        1996,
        6067
      ],
      [
        2000,
        6058
      ],
      [
        2023,
        6067
      ],
      [
        2036,
        6022
      ]
    ],
    "models": [
      26849,
      26844
    ]
  },
  {
    "id": 238,
    "name": "Butterfly",
    "category": 248,
    "minimapdot": false,
    "level": 0,
    "actions": [
      [
        1990,
        6051
      ],
      [
        2019,
        6035
      ]
    ],
    "coordinates": [
      [
        1990,
        6051
      ],
      [
        2019,
        6035
      ]
    ],
    "models": [3023]
  },
  {
    "id": 1417,
    "name": "Squirrel",
    "category": -1,
    "minimapdot": false,
    "level": 0,
    "actions": [[
      2001,
      6033
    ]],
    "coordinates": [[
      2001,
      6033
    ]],
    "models": [11723]
  },
  {
    "id": 5552,
    "name": "Copper\u0020longtail",
    "category": 651,
    "minimapdot": false,
    "level": 0,
    "actions": [
      [
        2011,
        6035
      ],
      [
        2013,
        6039
      ],
      [
        2015,
        6033
      ],
      [
        2015,
        6036
      ],
      [
        2017,
        6037
      ],
      [
        2018,
        6032
      ],
      [
        2020,
        6036
      ]
    ],
    "coordinates": [
      [
        2011,
        6035
      ],
      [
        2013,
        6039
      ],
      [
        2015,
        6033
      ],
      [
        2015,
        6036
      ],
      [
        2017,
        6037
      ],
      [
        2018,
        6032
      ],
      [
        2020,
        6036
      ]
    ],
    "models": [
      26848,
      26844
    ]
  },
  {
    "id": 1416,
    "name": "Squirrel",
    "category": -1,
    "minimapdot": false,
    "level": 0,
    "actions": [[
      2011,
      6065
    ]],
    "coordinates": [[
      2011,
      6065
    ]],
    "models": [11723]
  },
  {
    "id": 2837,
    "name": "Unicorn",
    "category": -1,
    "minimapdot": false,
    "level": 15,
    "actions": ["Attack"],
    "coordinates": [[
      2016,
      6064
    ]],
    "models": [
      25755,
      25756
    ]
  }
]