[
  {
    "id": 10541,
    "name": "Bird",
    "category": 255,
    "minimapdot": false,
    "level": 5,
    "actions": ["Attack"],
    "coordinates": [
      [
        2092,
        2893
      ],
      [
        2106,
        2932
      ]
    ],
    "models": [
      26849,
      26844
    ]
  },
  {
    "id": 1416,
    "name": "Squirrel",
    "category": -1,
    "minimapdot": false,
    "level": 0,
    "actions": [[
      2101,
      2921
    ]],
    "coordinates": [[
      2101,
      2921
    ]],
    "models": [11723]
  },
  {
    "id": 238,
    "name": "Butterfly",
    "category": 248,
    "minimapdot": false,
    "level": 0,
    "actions": [
      [
        2102,
        2942
      ],
      [
        2108,
        2919
      ]
    ],
    "coordinates": [
      [
        2102,
        2942
      ],
      [
        2108,
        2919
      ]
    ],
    "models": [3023]
  },
  {
    "id": 10542,
    "name": "Ancient\u0020Ghost",
    "category": -1,
    "minimapdot": false,
    "level": 1,
    "actions": [[
      2105,
      2895
    ]],
    "coordinates": [[
      2105,
      2895
    ]],
    "models": []
  }
]