[
  {
    "id": 790,
    "name": "Suqah",
    "category": -1,
    "minimapdot": false,
    "level": 111,
    "actions": ["Attack"],
    "coordinates": [[
      2064,
      3880
    ]],
    "models": [
      16589,
      16594,
      16592,
      16590
    ]
  },
  {
    "id": 788,
    "name": "Suqah",
    "category": -1,
    "minimapdot": false,
    "level": 111,
    "actions": ["Attack"],
    "coordinates": [[
      2070,
      3878
    ]],
    "models": [
      16589,
      16593,
      16591
    ]
  },
  {
    "id": 791,
    "name": "Suqah",
    "category": -1,
    "minimapdot": false,
    "level": 111,
    "actions": ["Attack"],
    "coordinates": [[
      2075,
      3886
    ]],
    "models": [
      16589,
      16593,
      16592
    ]
  },
  {
    "id": 787,
    "name": "Suqah",
    "category": -1,
    "minimapdot": false,
    "level": 111,
    "actions": ["Attack"],
    "coordinates": [[
      2079,
      3882
    ]],
    "models": [
      16589,
      16594,
      16588,
      16591
    ]
  },
  {
    "id": 3839,
    "name": "Meteora",
    "category": -1,
    "minimapdot": false,
    "level": 0,
    "actions": ["Talk-to"],
    "coordinates": [[
      2082,
      3894
    ]],
    "models": [
      390,
      16506,
      16493,
      16498,
      12143,
      16496,
      16499,
      16508,
      270
    ]
  },
  {
    "id": 3848,
    "name": "Enchanted\u0020Bucket",
    "category": -1,
    "minimapdot": false,
    "level": 0,
    "actions": [[
      2085,
      3890
    ]],
    "coordinates": [[
      2085,
      3890
    ]],
    "models": [16739]
  },
  {
    "id": 3849,
    "name": "Enchanted\u0020Bucket",
    "category": -1,
    "minimapdot": false,
    "level": 0,
    "actions": [[
      2090,
      3889
    ]],
    "coordinates": [[
      2090,
      3889
    ]],
    "models": [16739]
  },
  {
    "id": 792,
    "name": "Suqah",
    "category": -1,
    "minimapdot": false,
    "level": 111,
    "actions": ["Attack"],
    "coordinates": [[
      2101,
      3871
    ]],
    "models": [
      16589,
      16594,
      16591,
      16590
    ]
  },
  {
    "id": 789,
    "name": "Suqah",
    "category": -1,
    "minimapdot": false,
    "level": 111,
    "actions": ["Attack"],
    "coordinates": [[
      2106,
      3866
    ]],
    "models": [
      16589,
      16594,
      16591,
      16588
    ]
  }
]