[
  {
    "id": 5490,
    "name": "Balloon\u0020Animal",
    "category": -1,
    "minimapdot": false,
    "level": 1,
    "actions": [
      [
        2078,
        4462
      ],
      [
        2082,
        4466
      ],
      [
        2087,
        4470
      ],
      [
        2090,
        4464
      ],
      [
        2091,
        4461
      ]
    ],
    "coordinates": [
      [
        2078,
        4462
      ],
      [
        2082,
        4466
      ],
      [
        2087,
        4470
      ],
      [
        2090,
        4464
      ],
      [
        2091,
        4461
      ]
    ],
    "models": []
  },
  {
    "id": 5495,
    "name": "Balloon\u0020Animal",
    "category": -1,
    "minimapdot": false,
    "level": 1,
    "actions": [
      [
        2078,
        4466
      ],
      [
        2080,
        4470
      ],
      [
        2085,
        4463
      ],
      [
        2086,
        4467
      ],
      [
        2091,
        4470
      ]
    ],
    "coordinates": [
      [
        2078,
        4466
      ],
      [
        2080,
        4470
      ],
      [
        2085,
        4463
      ],
      [
        2086,
        4467
      ],
      [
        2091,
        4470
      ]
    ],
    "models": []
  },
  {
    "id": 5494,
    "name": "Balloon\u0020Animal",
    "category": -1,
    "minimapdot": false,
    "level": 1,
    "actions": [
      [
        2080,
        4464
      ],
      [
        2082,
        4472
      ],
      [
        2083,
        4462
      ],
      [
        2083,
        4463
      ],
      [
        2084,
        4468
      ],
      [
        2088,
        4464
      ]
    ],
    "coordinates": [
      [
        2080,
        4464
      ],
      [
        2082,
        4472
      ],
      [
        2083,
        4462
      ],
      [
        2083,
        4463
      ],
      [
        2084,
        4468
      ],
      [
        2088,
        4464
      ]
    ],
    "models": []
  },
  {
    "id": 5496,
    "name": "Balloon\u0020Animal",
    "category": -1,
    "minimapdot": false,
    "level": 1,
    "actions": [
      [
        2080,
        4467
      ],
      [
        2084,
        4465
      ],
      [
        2084,
        4470
      ],
      [
        2087,
        4462
      ],
      [
        2089,
        4466
      ]
    ],
    "coordinates": [
      [
        2080,
        4467
      ],
      [
        2084,
        4465
      ],
      [
        2084,
        4470
      ],
      [
        2087,
        4462
      ],
      [
        2089,
        4466
      ]
    ],
    "models": []
  },
  {
    "id": 368,
    "name": "Prison\u0020Pete",
    "category": -1,
    "minimapdot": false,
    "level": 0,
    "actions": ["Talk-to"],
    "coordinates": [[
      2093,
      4466
    ]],
    "models": [
      230,
      246,
      10741,
      10743,
      10742,
      181
    ]
  }
]