[
  {"id":5490,"name":"Balloon Animal","level":"0","category":0,"minimapdot":false,"actions":["Pop"],"size":[2,2,81],"coordinates":[[4216,32520],[4232,32504],[4252,32488],[4264,32512],[4268,32524]],"colors":[16414204]},
  {"id":5495,"name":"Balloon Animal","level":"0","category":0,"minimapdot":false,"actions":["Pop"],"size":[2,2,81],"coordinates":[[4216,32504],[4224,32488],[4244,32516],[4248,32500],[4268,32488]],"colors":[16414204]},
  {"id":5494,"name":"Balloon Animal","level":"0","category":0,"minimapdot":false,"actions":["Pop"],"size":[2,2,81],"coordinates":[[4224,32512],[4232,32480],[4236,32520],[4236,32516],[4240,32496],[4256,32512]],"colors":[16414204]},
  {"id":5496,"name":"Balloon Animal","level":"0","category":0,"minimapdot":false,"actions":["Pop"],"size":[2,2,81],"coordinates":[[4224,32500],[4240,32508],[4240,32488],[4252,32520],[4260,32504]],"colors":[16414204]},
  {"id":368,"name":"Prison Pete","level":"0","category":0,"minimapdot":true,"actions":["Talk-to"],"size":[1,1,196],"coordinates":[[4276,32504]],"colors":[65536,9877468,9877468,7635341,10461097,14935015,9877468,7039858,14935015,10461097,7039858,11185077,4020855]}
]