[
  {
    "id": 3846,
    "name": "Enchanted\u0020Broom",
    "category": -1,
    "minimapdot": false,
    "level": 0,
    "actions": [[
      2066,
      3914
    ]],
    "coordinates": [[
      2066,
      3914
    ]],
    "models": [16738]
  },
  {
    "id": 7501,
    "name": "Bob",
    "category": -1,
    "minimapdot": false,
    "level": 1,
    "actions": [[
      2073,
      3913
    ]],
    "coordinates": [[
      2073,
      3913
    ]],
    "models": []
  },
  {
    "id": 3838,
    "name": "Pauline\u0020Polaris",
    "category": -1,
    "minimapdot": false,
    "level": 0,
    "actions": ["Talk-to"],
    "coordinates": [[
      2073,
      3921
    ]],
    "models": [
      16500,
      12141,
      16506,
      16493,
      177,
      12143,
      16496,
      270
    ]
  },
  {
    "id": 6125,
    "name": "Cyrisus",
    "category": -1,
    "minimapdot": false,
    "level": 0,
    "actions": [[
      2074,
      3911
    ]],
    "coordinates": [[
      2074,
      3911
    ]],
    "models": []
  },
  {
    "id": 3856,
    "name": "Cabin\u0020boy",
    "category": -1,
    "minimapdot": false,
    "level": 0,
    "actions": ["Talk-to"],
    "coordinates": [[
      2082,
      3926
    ]],
    "models": [
      2906,
      2910,
      14178,
      14386
    ]
  },
  {
    "id": 3836,
    "name": "House",
    "category": -1,
    "minimapdot": false,
    "level": 0,
    "actions": ["Go-inside"],
    "coordinates": [[
      2082,
      3929
    ]],
    "models": [
      16736,
      16735,
      16737
    ]
  },
  {
    "id": 3841,
    "name": "Selene",
    "category": -1,
    "minimapdot": false,
    "level": 0,
    "actions": ["Talk-to"],
    "coordinates": [[
      2085,
      3914
    ]],
    "models": [
      10078,
      16506,
      16493,
      16498,
      12143,
      16496,
      12140,
      16508,
      270
    ]
  },
  {
    "id": 3845,
    "name": "Enchanted\u0020Broom",
    "category": -1,
    "minimapdot": false,
    "level": 0,
    "actions": [[
      2087,
      3908
    ]],
    "coordinates": [[
      2087,
      3908
    ]],
    "models": [16738]
  },
  {
    "id": 3840,
    "name": "Melana\u0020Moonlander",
    "category": -1,
    "minimapdot": false,
    "level": 0,
    "actions": [
      "Talk-to",
      "Trade"
    ],
    "coordinates": [[
      2095,
      3906
    ]],
    "models": [
      12141,
      16506,
      16494,
      16498,
      16503,
      16508,
      270,
      16500
    ]
  },
  {
    "id": 788,
    "name": "Suqah",
    "category": -1,
    "minimapdot": false,
    "level": 111,
    "actions": ["Attack"],
    "coordinates": [[
      2096,
      3942
    ]],
    "models": [
      16589,
      16593,
      16591
    ]
  },
  {
    "id": 3843,
    "name": "Sirsal\u0020Banker",
    "category": 249,
    "minimapdot": false,
    "level": 0,
    "actions": [
      "Talk-to",
      "Bank",
      "Collect"
    ],
    "coordinates": [
      [
        2097,
        3921
      ],
      [
        2098,
        3921
      ]
    ],
    "models": [
      220,
      253,
      16485,
      16472,
      16476,
      16481,
      16473,
      12086,
      270
    ]
  },
  {
    "id": 6126,
    "name": "'Bird's-Eye'\u0020Jack",
    "category": -1,
    "minimapdot": false,
    "level": 0,
    "actions": [[
      2099,
      3921
    ]],
    "coordinates": [[
      2099,
      3921
    ]],
    "models": []
  },
  {
    "id": 3842,
    "name": "Rimae\u0020Sirsalis",
    "category": -1,
    "minimapdot": false,
    "level": 0,
    "actions": [
      "Talk-to",
      "Trade"
    ],
    "coordinates": [[
      2104,
      3907
    ]],
    "models": [
      403,
      16506,
      16493,
      16498,
      16503,
      16508,
      270
    ]
  },
  {
    "id": 789,
    "name": "Suqah",
    "category": -1,
    "minimapdot": false,
    "level": 111,
    "actions": ["Attack"],
    "coordinates": [[
      2108,
      3946
    ]],
    "models": [
      16589,
      16594,
      16591,
      16588
    ]
  },
  {
    "id": 3850,
    "name": "Bouquet\u0020Mac\u0020Hyacinth",
    "category": -1,
    "minimapdot": false,
    "level": 0,
    "actions": ["Talk-to"],
    "coordinates": [[
      2109,
      3920
    ]],
    "models": [
      10078,
      16506,
      16493,
      16498,
      12143,
      16496,
      12140,
      16491,
      270
    ]
  }
]