[
  {
    "id": 2854,
    "name": "Rat",
    "category": 262,
    "minimapdot": false,
    "level": 1,
    "actions": ["Attack"],
    "coordinates": [[
      2070,
      5956
    ]],
    "models": [9610]
  },
  {
    "id": 10560,
    "name": "Garl",
    "category": 922,
    "minimapdot": false,
    "level": 0,
    "actions": ["Talk-to"],
    "coordinates": [[
      2072,
      5960
    ]],
    "models": [
      217,
      248,
      292,
      3707,
      151,
      10218,
      3711,
      254,
      181
    ]
  }
]