[
  {
    "id": 1327,
    "name": "Tyras\u0020guard",
    "category": 239,
    "minimapdot": false,
    "level": 0,
    "actions": ["Talk-to"],
    "coordinates": [
      [
        2154,
        3121
      ],
      [
        2154,
        3123
      ],
      [
        2159,
        3125
      ],
      [
        2160,
        3122
      ],
      [
        2141,
        3122
      ],
      [
        2148,
        3122
      ]
    ],
    "models": [
      164,
      185,
      179,
      4019,
      3329,
      313,
      555
    ]
  },
  {
    "id": 1329,
    "name": "Trader\u0020Crewmember",
    "category": 420,
    "minimapdot": false,
    "level": 1,
    "actions": [[
      2144,
      3122
    ]],
    "coordinates": [[
      2144,
      3122
    ]],
    "models": []
  },
  {
    "id": 1332,
    "name": "Trader\u0020Crewmember",
    "category": 420,
    "minimapdot": false,
    "level": 1,
    "actions": [[
      2145,
      3122
    ]],
    "coordinates": [[
      2145,
      3122
    ]],
    "models": []
  }
]