[
  {
    "id": 2795,
    "name": "Cow",
    "category": 365,
    "minimapdot": false,
    "level": 2,
    "actions": ["Attack"],
    "coordinates": [
      [
        2148,
        2804
      ],
      [
        2150,
        2800
      ],
      [
        2151,
        2807
      ]
    ],
    "models": [23896]
  },
  {
    "id": 1416,
    "name": "Squirrel",
    "category": -1,
    "minimapdot": false,
    "level": 0,
    "actions": [[
      2150,
      2815
    ]],
    "coordinates": [[
      2150,
      2815
    ]],
    "models": [11723]
  },
  {
    "id": 2792,
    "name": "Cow\u0020calf",
    "category": 508,
    "minimapdot": false,
    "level": 2,
    "actions": ["Attack"],
    "coordinates": [[
      2152,
      2803
    ]],
    "models": [23890]
  },
  {
    "id": 238,
    "name": "Butterfly",
    "category": 248,
    "minimapdot": false,
    "level": 0,
    "actions": [
      [
        2153,
        2810
      ],
      [
        2172,
        2806
      ]
    ],
    "coordinates": [
      [
        2153,
        2810
      ],
      [
        2172,
        2806
      ]
    ],
    "models": [3023]
  },
  {
    "id": 2854,
    "name": "Rat",
    "category": 262,
    "minimapdot": false,
    "level": 1,
    "actions": ["Attack"],
    "coordinates": [
      [
        2157,
        2804
      ],
      [
        2164,
        2806
      ]
    ],
    "models": [9610]
  },
  {
    "id": 10513,
    "name": "Fishing\u0020spot",
    "category": 283,
    "minimapdot": false,
    "level": 0,
    "actions": [
      "Net",
      "Bait"
    ],
    "coordinates": [
      [
        2162,
        2782
      ],
      [
        2166,
        2781
      ]
    ],
    "models": [41238]
  },
  {
    "id": 1173,
    "name": "Chicken",
    "category": 444,
    "minimapdot": false,
    "level": 1,
    "actions": ["Attack"],
    "coordinates": [
      [
        2164,
        2795
      ],
      [
        2165,
        2790
      ],
      [
        2170,
        2797
      ],
      [
        2173,
        2793
      ]
    ],
    "models": [23905]
  },
  {
    "id": 1417,
    "name": "Squirrel",
    "category": -1,
    "minimapdot": false,
    "level": 0,
    "actions": [[
      2166,
      2796
    ]],
    "coordinates": [[
      2166,
      2796
    ]],
    "models": [11723]
  },
  {
    "id": 1174,
    "name": "Chicken",
    "category": 444,
    "minimapdot": false,
    "level": 1,
    "actions": ["Attack"],
    "coordinates": [
      [
        2169,
        2792
      ],
      [
        2173,
        2800
      ],
      [
        2175,
        2788
      ]
    ],
    "models": [23905]
  },
  {
    "id": 10541,
    "name": "Bird",
    "category": 255,
    "minimapdot": false,
    "level": 5,
    "actions": ["Attack"],
    "coordinates": [[
      2169,
      2815
    ]],
    "models": [
      26849,
      26844
    ]
  }
]