[
  {
    "id": 238,
    "name": "Butterfly",
    "category": 248,
    "minimapdot": false,
    "level": 0,
    "actions": [
      [
        2113,
        2859
      ],
      [
        2139,
        2836
      ],
      [
        2147,
        2877
      ],
      [
        2165,
        2816
      ],
      [
        2167,
        2846
      ]
    ],
    "coordinates": [
      [
        2113,
        2859
      ],
      [
        2139,
        2836
      ],
      [
        2147,
        2877
      ],
      [
        2165,
        2816
      ],
      [
        2167,
        2846
      ]
    ],
    "models": [3023]
  },
  {
    "id": 1416,
    "name": "Squirrel",
    "category": -1,
    "minimapdot": false,
    "level": 0,
    "actions": [[
      2127,
      2842
    ]],
    "coordinates": [[
      2127,
      2842
    ]],
    "models": [11723]
  },
  {
    "id": 10541,
    "name": "Bird",
    "category": 255,
    "minimapdot": false,
    "level": 5,
    "actions": ["Attack"],
    "coordinates": [
      [
        2133,
        2873
      ],
      [
        2146,
        2832
      ]
    ],
    "models": [
      26849,
      26844
    ]
  },
  {
    "id": 1417,
    "name": "Squirrel",
    "category": -1,
    "minimapdot": false,
    "level": 0,
    "actions": [
      [
        2146,
        2859
      ],
      [
        2167,
        2862
      ]
    ],
    "coordinates": [
      [
        2146,
        2859
      ],
      [
        2167,
        2862
      ]
    ],
    "models": [11723]
  },
  {
    "id": 5549,
    "name": "Crimson\u0020swift",
    "category": 651,
    "minimapdot": false,
    "level": 0,
    "actions": [
      [
        2152,
        2825
      ],
      [
        2153,
        2829
      ],
      [
        2155,
        2827
      ],
      [
        2161,
        2818
      ],
      [
        2163,
        2823
      ],
      [
        2165,
        2819
      ]
    ],
    "coordinates": [
      [
        2152,
        2825
      ],
      [
        2153,
        2829
      ],
      [
        2155,
        2827
      ],
      [
        2161,
        2818
      ],
      [
        2163,
        2823
      ],
      [
        2165,
        2819
      ]
    ],
    "models": [
      26842,
      26844
    ]
  },
  {
    "id": 1418,
    "name": "Squirrel",
    "category": -1,
    "minimapdot": false,
    "level": 0,
    "actions": [[
      2157,
      2824
    ]],
    "coordinates": [[
      2157,
      2824
    ]],
    "models": [11723]
  }
]