[
  {"id":9173,"name":"Fishing spot","level":"0","category":281,"minimapdot":false,"actions":["Cage","Harpoon"],"size":[1,1,34],"coordinates":[[2163,3365],[2165,3374]],"colors":[15451648]},
  {"id":9171,"name":"Fishing spot","level":"0","category":282,"minimapdot":false,"actions":["Big Net","Harpoon"],"size":[1,1,34],"coordinates":[[2165,3373],[2166,3347]],"colors":[15451648]},
  {"id":3420,"name":"Rabbit","level":"2","category":739,"minimapdot":true,"actions":["Attack"],"size":[1,1,52],"coordinates":[[2168,3365],[2170,3356]],"colors":[8165293,7835813,7440797,12303812,12633033,11386315,4214361]},
  {"id":1845,"name":"Stag","level":"15","category":0,"minimapdot":true,"actions":["Attack"],"size":[2,2,313],"coordinates":[[2169,3387]],"colors":[9607067,9146517,7639457,7838117,6523808,4214361,8685965,5924205,65536,65536,7639457]},
  {"id":9199,"name":"Bear Cub","level":"0","category":0,"minimapdot":true,"actions":[],"size":[2,2,67],"coordinates":[[2170,3370]],"colors":[5137773,5730424,4020837,4934480,5723997,7635341,8685965,2961497,4172,5132670,4014455,65536,4013377,12506325,42]}
]