[
  {
    "id": 9173,
    "name": "Fishing\u0020spot",
    "category": 281,
    "minimapdot": false,
    "level": 0,
    "actions": [
      "Cage",
      "Harpoon"
    ],
    "coordinates": [
      [
        2163,
        3365
      ],
      [
        2165,
        3374
      ]
    ],
    "models": [1491]
  },
  {
    "id": 9171,
    "name": "Fishing\u0020spot",
    "category": 282,
    "minimapdot": false,
    "level": 0,
    "actions": [
      "Big\u0020Net",
      "Harpoon"
    ],
    "coordinates": [
      [
        2165,
        3373
      ],
      [
        2166,
        3347
      ]
    ],
    "models": [1491]
  },
  {
    "id": 3420,
    "name": "Rabbit",
    "category": 739,
    "minimapdot": false,
    "level": 2,
    "actions": ["Attack"],
    "coordinates": [
      [
        2168,
        3365
      ],
      [
        2170,
        3356
      ]
    ],
    "models": [23901]
  },
  {
    "id": 1845,
    "name": "Stag",
    "category": -1,
    "minimapdot": false,
    "level": 15,
    "actions": ["Attack"],
    "coordinates": [[
      2169,
      3387
    ]],
    "models": [
      25753,
      25756
    ]
  },
  {
    "id": 9199,
    "name": "Bear\u0020Cub",
    "category": -1,
    "minimapdot": false,
    "level": 0,
    "actions": [[
      2170,
      3370
    ]],
    "coordinates": [[
      2170,
      3370
    ]],
    "models": [
      18883,
      18885
    ]
  },
  {
    "id": 1334,
    "name": "Trader\u0020Crewmember",
    "category": 420,
    "minimapdot": false,
    "level": 1,
    "actions": [[
      2157,
      3329
    ]],
    "coordinates": [[
      2157,
      3329
    ]],
    "models": []
  },
  {
    "id": 1331,
    "name": "Trader\u0020Crewmember",
    "category": 420,
    "minimapdot": false,
    "level": 1,
    "actions": [[
      2157,
      3330
    ]],
    "coordinates": [[
      2157,
      3330
    ]],
    "models": []
  }
]