[
  {
    "id": 2854,
    "name": "Rat",
    "category": 262,
    "minimapdot": false,
    "level": 1,
    "actions": ["Attack"],
    "coordinates": [[
      2117,
      3887
    ]],
    "models": [9610]
  },
  {
    "id": 788,
    "name": "Suqah",
    "category": -1,
    "minimapdot": false,
    "level": 111,
    "actions": ["Attack"],
    "coordinates": [[
      2120,
      3856
    ]],
    "models": [
      16589,
      16593,
      16591
    ]
  },
  {
    "id": 789,
    "name": "Suqah",
    "category": -1,
    "minimapdot": false,
    "level": 111,
    "actions": ["Attack"],
    "coordinates": [[
      2132,
      3871
    ]],
    "models": [
      16589,
      16594,
      16591,
      16588
    ]
  },
  {
    "id": 791,
    "name": "Suqah",
    "category": -1,
    "minimapdot": false,
    "level": 111,
    "actions": ["Attack"],
    "coordinates": [[
      2136,
      3853
    ]],
    "models": [
      16589,
      16593,
      16592
    ]
  },
  {
    "id": 3858,
    "name": "'Beefy'\u0020Burns",
    "category": -1,
    "minimapdot": false,
    "level": 0,
    "actions": ["Talk-to"],
    "coordinates": [[
      2138,
      3892
    ]],
    "models": [
      12749,
      6848,
      236,
      253,
      302,
      3190,
      159,
      10218,
      12772,
      254,
      185
    ]
  },
  {
    "id": 792,
    "name": "Suqah",
    "category": -1,
    "minimapdot": false,
    "level": 111,
    "actions": ["Attack"],
    "coordinates": [[
      2141,
      3856
    ]],
    "models": [
      16589,
      16594,
      16591,
      16590
    ]
  },
  {
    "id": 787,
    "name": "Suqah",
    "category": -1,
    "minimapdot": false,
    "level": 111,
    "actions": ["Attack"],
    "coordinates": [[
      2142,
      3900
    ]],
    "models": [
      16589,
      16594,
      16588,
      16591
    ]
  },
  {
    "id": 6124,
    "name": "Cyrisus",
    "category": -1,
    "minimapdot": false,
    "level": 0,
    "actions": [[
      2149,
      3867
    ]],
    "coordinates": [[
      2149,
      3867
    ]],
    "models": []
  },
  {
    "id": 7500,
    "name": "Bob",
    "category": -1,
    "minimapdot": false,
    "level": 1,
    "actions": [[
      2150,
      3867
    ]],
    "coordinates": [[
      2150,
      3867
    ]],
    "models": []
  },
  {
    "id": 3835,
    "name": "Oneiromancer",
    "category": -1,
    "minimapdot": false,
    "level": 0,
    "actions": ["Talk-to"],
    "coordinates": [[
      2151,
      3868
    ]],
    "models": [
      16500,
      12141,
      16506,
      16494,
      16498,
      10699,
      16503,
      270
    ]
  }
]