[
  {
    "id": 635,
    "name": "Fishing\u0020spot",
    "category": 308,
    "minimapdot": false,
    "level": 0,
    "actions": ["Fish"],
    "coordinates": [
      [
        2113,
        5074
      ],
      [
        2162,
        5061
      ],
      [
        2173,
        5074
      ]
    ],
    "models": [1491]
  },
  {
    "id": 604,
    "name": "50\u0025\u0020Luke",
    "category": -1,
    "minimapdot": false,
    "level": 0,
    "actions": ["Talk-to"],
    "coordinates": [[
      2120,
      5096
    ]],
    "models": [21391]
  },
  {
    "id": 626,
    "name": "Fever\u0020spider",
    "category": 306,
    "minimapdot": false,
    "level": 49,
    "actions": ["Attack"],
    "coordinates": [
      [
        2140,
        5093
      ],
      [
        2142,
        5097
      ],
      [
        2142,
        5103
      ],
      [
        2143,
        5094
      ],
      [
        2146,
        5098
      ],
      [
        2148,
        5103
      ],
      [
        2151,
        5094
      ],
      [
        2154,
        5101
      ],
      [
        2157,
        5098
      ],
      [
        2159,
        5104
      ],
      [
        2160,
        5094
      ]
    ],
    "models": [
      20302,
      20301
    ]
  },
  {
    "id": 613,
    "name": "Zombie\u0020pirate",
    "category": 274,
    "minimapdot": false,
    "level": 57,
    "actions": ["Attack"],
    "coordinates": [
      [
        2141,
        5083
      ],
      [
        2155,
        5080
      ]
    ],
    "models": [
      21432,
      21477,
      21416,
      21440,
      21460,
      21457,
      21423
    ]
  },
  {
    "id": 614,
    "name": "Zombie\u0020pirate",
    "category": 274,
    "minimapdot": false,
    "level": 57,
    "actions": ["Attack"],
    "coordinates": [
      [
        2142,
        5081
      ],
      [
        2156,
        5078
      ]
    ],
    "models": [
      21435,
      21473,
      21414,
      21442,
      21462,
      21455,
      21424
    ]
  },
  {
    "id": 618,
    "name": "Zombie\u0020pirate",
    "category": 274,
    "minimapdot": false,
    "level": 57,
    "actions": ["Attack"],
    "coordinates": [
      [
        2143,
        5078
      ],
      [
        2158,
        5076
      ]
    ],
    "models": [
      21438,
      21475,
      21415,
      21440,
      21460,
      21456,
      21423
    ]
  },
  {
    "id": 623,
    "name": "Zombie\u0020swab",
    "category": 274,
    "minimapdot": false,
    "level": 55,
    "actions": [
      "Talk-to",
      "Attack",
      "Intimidate"
    ],
    "coordinates": [[
      2144,
      5071
    ]],
    "models": [
      21435,
      21477,
      21416,
      21440,
      21462,
      21455,
      21423
    ]
  },
  {
    "id": 615,
    "name": "Zombie\u0020pirate",
    "category": 274,
    "minimapdot": false,
    "level": 57,
    "actions": ["Attack"],
    "coordinates": [
      [
        2145,
        5080
      ],
      [
        2158,
        5079
      ]
    ],
    "models": [
      21436,
      21474,
      21414,
      21441,
      21462,
      21449,
      21424
    ]
  },
  {
    "id": 612,
    "name": "Zombie\u0020protester",
    "category": 305,
    "minimapdot": false,
    "level": 0,
    "actions": ["Talk-to"],
    "coordinates": [
      [
        2145,
        5086
      ],
      [
        2157,
        5084
      ]
    ],
    "models": [
      21101,
      21056,
      21038,
      21097,
      21130,
      21074
    ]
  },
  {
    "id": 607,
    "name": "Zombie\u0020protester",
    "category": 305,
    "minimapdot": false,
    "level": 0,
    "actions": ["Talk-to"],
    "coordinates": [
      [
        2145,
        5087
      ],
      [
        2159,
        5086
      ]
    ],
    "models": [
      21102,
      21069,
      21051,
      21096,
      21125,
      21075
    ]
  },
  {
    "id": 620,
    "name": "Zombie\u0020swab",
    "category": 274,
    "minimapdot": false,
    "level": 55,
    "actions": [
      "Talk-to",
      "Attack",
      "Intimidate"
    ],
    "coordinates": [[
      2147,
      5071
    ]],
    "models": [
      21432,
      21472,
      21414,
      21442,
      21462,
      21454,
      21423
    ]
  },
  {
    "id": 608,
    "name": "Zombie\u0020protester",
    "category": 305,
    "minimapdot": false,
    "level": 0,
    "actions": ["Talk-to"],
    "coordinates": [
      [
        2147,
        5085
      ],
      [
        2158,
        5083
      ]
    ],
    "models": [
      21101,
      21072,
      21052,
      21096,
      21119,
      21076
    ]
  },
  {
    "id": 617,
    "name": "Zombie\u0020pirate",
    "category": 274,
    "minimapdot": false,
    "level": 57,
    "actions": ["Attack"],
    "coordinates": [
      [
        2148,
        5078
      ],
      [
        2162,
        5079
      ]
    ],
    "models": [
      21437,
      21481,
      21414,
      21443,
      21463,
      21457,
      21423
    ]
  },
  {
    "id": 616,
    "name": "Zombie\u0020pirate",
    "category": 274,
    "minimapdot": false,
    "level": 57,
    "actions": ["Attack"],
    "coordinates": [
      [
        2148,
        5080
      ],
      [
        2160,
        5078
      ]
    ],
    "models": [
      21431,
      21476,
      21414,
      21442,
      21462,
      21456,
      21425
    ]
  },
  {
    "id": 611,
    "name": "Zombie\u0020protester",
    "category": 305,
    "minimapdot": false,
    "level": 0,
    "actions": ["Talk-to"],
    "coordinates": [
      [
        2148,
        5087
      ],
      [
        2153,
        5084
      ]
    ],
    "models": [
      21102,
      21068,
      21050,
      21097,
      21129,
      21083
    ]
  },
  {
    "id": 606,
    "name": "Captain\u0020Donnie",
    "category": -1,
    "minimapdot": false,
    "level": 0,
    "actions": ["Talk-to"],
    "coordinates": [[
      2150,
      5078
    ]],
    "models": [
      21427,
      21467,
      21413,
      21441,
      21459,
      21447,
      21421
    ]
  },
  {
    "id": 610,
    "name": "Zombie\u0020protester",
    "category": 305,
    "minimapdot": false,
    "level": 0,
    "actions": ["Talk-to"],
    "coordinates": [
      [
        2150,
        5085
      ],
      [
        2153,
        5086
      ]
    ],
    "models": [
      21103,
      21067,
      21052,
      21097,
      21113,
      21073
    ]
  },
  {
    "id": 609,
    "name": "Zombie\u0020protester",
    "category": 305,
    "minimapdot": false,
    "level": 0,
    "actions": ["Talk-to"],
    "coordinates": [
      [
        2150,
        5086
      ],
      [
        2154,
        5085
      ]
    ],
    "models": [
      21111,
      21071,
      21052,
      21096,
      21129,
      21074
    ]
  },
  {
    "id": 619,
    "name": "Zombie\u0020swab",
    "category": 274,
    "minimapdot": false,
    "level": 55,
    "actions": [
      "Talk-to",
      "Attack",
      "Intimidate"
    ],
    "coordinates": [[
      2152,
      5073
    ]],
    "models": [
      21431,
      21470,
      21414,
      21442,
      21462,
      21453,
      21423
    ]
  },
  {
    "id": 621,
    "name": "Zombie\u0020swab",
    "category": 274,
    "minimapdot": false,
    "level": 55,
    "actions": [
      "Talk-to",
      "Attack",
      "Intimidate"
    ],
    "coordinates": [[
      2153,
      5071
    ]],
    "models": [
      21432,
      21478,
      21414,
      21442,
      21462,
      21456,
      21424
    ]
  },
  {
    "id": 622,
    "name": "Zombie\u0020swab",
    "category": 274,
    "minimapdot": false,
    "level": 55,
    "actions": [
      "Talk-to",
      "Attack",
      "Intimidate"
    ],
    "coordinates": [[
      2158,
      5071
    ]],
    "models": [
      21434,
      21479,
      21418,
      21441,
      21462,
      21449,
      21425
    ]
  },
  {
    "id": 624,
    "name": "Zombie\u0020swab",
    "category": 274,
    "minimapdot": false,
    "level": 55,
    "actions": [
      "Talk-to",
      "Attack",
      "Intimidate"
    ],
    "coordinates": [[
      2161,
      5071
    ]],
    "models": [
      21437,
      21474,
      21419,
      21442,
      21460,
      21447,
      21423
    ]
  }
]