[
  {
    "id": 7145,
    "name": "Demonic\u0020gorilla",
    "category": 947,
    "minimapdot": false,
    "level": 275,
    "actions": ["Attack"],
    "coordinates": [
      [
        2123,
        5676
      ],
      [
        2130,
        5671
      ],
      [
        2142,
        5678
      ]
    ],
    "models": [31241]
  },
  {
    "id": 7150,
    "name": "Tortured\u0020gorilla",
    "category": 948,
    "minimapdot": false,
    "level": 141,
    "actions": ["Attack"],
    "coordinates": [
      [
        2131,
        5644
      ],
      [
        2145,
        5643
      ],
      [
        2151,
        5649
      ],
      [
        2137,
        5660
      ]
    ],
    "models": [31238]
  },
  {
    "id": 7148,
    "name": "Demonic\u0020gorilla",
    "category": 947,
    "minimapdot": false,
    "level": 275,
    "actions": ["Attack"],
    "coordinates": [
      [
        2131,
        5680
      ],
      [
        2152,
        5658
      ]
    ],
    "models": [31241]
  },
  {
    "id": 7151,
    "name": "Tortured\u0020gorilla",
    "category": 948,
    "minimapdot": false,
    "level": 141,
    "actions": ["Attack"],
    "coordinates": [
      [
        2136,
        5646
      ],
      [
        2146,
        5650
      ],
      [
        2132,
        5660
      ],
      [
        2141,
        5661
      ]
    ],
    "models": [31238]
  },
  {
    "id": 7144,
    "name": "Demonic\u0020gorilla",
    "category": 947,
    "minimapdot": false,
    "level": 275,
    "actions": ["Attack"],
    "coordinates": [
      [
        2152,
        5668
      ],
      [
        2157,
        5658
      ],
      [
        2112,
        5651
      ],
      [
        2119,
        5660
      ]
    ],
    "models": [31241]
  },
  {
    "id": 7149,
    "name": "Demonic\u0020gorilla",
    "category": 947,
    "minimapdot": false,
    "level": 275,
    "actions": ["Attack"],
    "coordinates": [[
      2152,
      5678
    ]],
    "models": [31241]
  }
]