[
  {
    "id": 1418,
    "name": "Squirrel",
    "category": -1,
    "minimapdot": false,
    "level": 0,
    "actions": [
      [
        2179,
        2983
      ],
      [
        2233,
        2949
      ]
    ],
    "coordinates": [
      [
        2179,
        2983
      ],
      [
        2233,
        2949
      ]
    ],
    "models": [11723]
  },
  {
    "id": 10541,
    "name": "Bird",
    "category": 255,
    "minimapdot": false,
    "level": 5,
    "actions": ["Attack"],
    "coordinates": [
      [
        2181,
        2984
      ],
      [
        2188,
        2995
      ],
      [
        2192,
        2986
      ],
      [
        2215,
        2995
      ],
      [
        2228,
        2950
      ]
    ],
    "models": [
      26849,
      26844
    ]
  },
  {
    "id": 238,
    "name": "Butterfly",
    "category": 248,
    "minimapdot": false,
    "level": 0,
    "actions": [
      [
        2182,
        2979
      ],
      [
        2211,
        2963
      ]
    ],
    "coordinates": [
      [
        2182,
        2979
      ],
      [
        2211,
        2963
      ]
    ],
    "models": [3023]
  },
  {
    "id": 1417,
    "name": "Squirrel",
    "category": -1,
    "minimapdot": false,
    "level": 0,
    "actions": [[
      2193,
      2961
    ]],
    "coordinates": [[
      2193,
      2961
    ]],
    "models": [11723]
  },
  {
    "id": 5552,
    "name": "Copper\u0020longtail",
    "category": 651,
    "minimapdot": false,
    "level": 0,
    "actions": [
      [
        2203,
        2963
      ],
      [
        2205,
        2967
      ],
      [
        2207,
        2961
      ],
      [
        2207,
        2964
      ],
      [
        2209,
        2965
      ],
      [
        2210,
        2960
      ],
      [
        2212,
        2964
      ]
    ],
    "coordinates": [
      [
        2203,
        2963
      ],
      [
        2205,
        2967
      ],
      [
        2207,
        2961
      ],
      [
        2207,
        2964
      ],
      [
        2209,
        2965
      ],
      [
        2210,
        2960
      ],
      [
        2212,
        2964
      ]
    ],
    "models": [
      26848,
      26844
    ]
  },
  {
    "id": 1416,
    "name": "Squirrel",
    "category": -1,
    "minimapdot": false,
    "level": 0,
    "actions": [[
      2203,
      2993
    ]],
    "coordinates": [[
      2203,
      2993
    ]],
    "models": [11723]
  },
  {
    "id": 2837,
    "name": "Unicorn",
    "category": -1,
    "minimapdot": false,
    "level": 15,
    "actions": ["Attack"],
    "coordinates": [[
      2208,
      2992
    ]],
    "models": [
      25755,
      25756
    ]
  }
]