[
  {
    "id": 6488,
    "name": "Fishing\u0020spot",
    "category": -1,
    "minimapdot": false,
    "level": 0,
    "actions": ["Bait"],
    "coordinates": [
      [
        2182,
        3067
      ],
      [
        2199,
        3066
      ]
    ],
    "models": [6568]
  },
  {
    "id": 2038,
    "name": "Zul-Onan",
    "category": -1,
    "minimapdot": false,
    "level": 0,
    "actions": ["Talk-to"],
    "coordinates": [[
      2189,
      3069
    ]],
    "models": [16238]
  },
  {
    "id": 1616,
    "name": "High\u0020Priestess\u0020Zul-Harcinqa",
    "category": -1,
    "minimapdot": false,
    "level": 0,
    "actions": ["Talk-to"],
    "coordinates": [[
      2192,
      3055
    ]],
    "models": [
      2904,
      16995,
      2917,
      16992
    ]
  },
  {
    "id": 2039,
    "name": "Zul-Aniel",
    "category": 293,
    "minimapdot": false,
    "level": 0,
    "actions": ["Talk-to"],
    "coordinates": [[
      2194,
      3059
    ]],
    "models": [
      164,
      185,
      176,
      206,
      250,
      3329,
      313
    ]
  },
  {
    "id": 2040,
    "name": "Zul-Areth",
    "category": 293,
    "minimapdot": false,
    "level": 0,
    "actions": ["Talk-to"],
    "coordinates": [[
      2197,
      3061
    ]],
    "models": [
      164,
      185,
      176,
      210,
      251,
      3329,
      313
    ]
  },
  {
    "id": 2034,
    "name": "Zul-Urgish",
    "category": -1,
    "minimapdot": false,
    "level": 0,
    "actions": ["Talk-to"],
    "coordinates": [[
      2199,
      3055
    ]],
    "models": [
      20368,
      20376,
      20387
    ]
  },
  {
    "id": 2036,
    "name": "Zul-Gutusolly",
    "category": -1,
    "minimapdot": false,
    "level": 0,
    "actions": ["Talk-to"],
    "coordinates": [[
      2201,
      3048
    ]],
    "models": [
      2910,
      2899,
      14178
    ]
  },
  {
    "id": 2035,
    "name": "Zul-Cheray",
    "category": -1,
    "minimapdot": false,
    "level": 0,
    "actions": ["Talk-to"],
    "coordinates": [[
      2204,
      3050
    ]],
    "models": [
      17018,
      16995,
      2922,
      16992
    ]
  },
  {
    "id": 2037,
    "name": "Sacrifice",
    "category": -1,
    "minimapdot": false,
    "level": 0,
    "actions": ["Talk-to"],
    "coordinates": [[
      2210,
      3056
    ]],
    "models": [
      17002,
      2899,
      2918
    ]
  },
  {
    "id": 2124,
    "name": "Priestess\u0020Zul-Gwenwynig",
    "category": -1,
    "minimapdot": false,
    "level": 0,
    "actions": [[
      2212,
      3057
    ]],
    "coordinates": [[
      2212,
      3057
    ]],
    "models": []
  }
]