[
  {
    "id": 238,
    "name": "Butterfly",
    "category": 248,
    "minimapdot": false,
    "level": 0,
    "actions": [
      [
        2180,
        2798
      ],
      [
        2209,
        2812
      ],
      [
        2217,
        2780
      ]
    ],
    "coordinates": [
      [
        2180,
        2798
      ],
      [
        2209,
        2812
      ],
      [
        2217,
        2780
      ]
    ],
    "models": [3023]
  },
  {
    "id": 1416,
    "name": "Squirrel",
    "category": -1,
    "minimapdot": false,
    "level": 0,
    "actions": [[
      2184,
      2782
    ]],
    "coordinates": [[
      2184,
      2782
    ]],
    "models": [11723]
  },
  {
    "id": 2854,
    "name": "Rat",
    "category": 262,
    "minimapdot": false,
    "level": 1,
    "actions": ["Attack"],
    "coordinates": [
      [
        2193,
        2789
      ],
      [
        2194,
        2797
      ],
      [
        2204,
        2791
      ],
      [
        2216,
        2787
      ]
    ],
    "models": [9610]
  },
  {
    "id": 1418,
    "name": "Squirrel",
    "category": -1,
    "minimapdot": false,
    "level": 0,
    "actions": [[
      2227,
      2805
    ]],
    "coordinates": [[
      2227,
      2805
    ]],
    "models": [11723]
  },
  {
    "id": 2091,
    "name": "Moss\u0020giant",
    "category": 346,
    "minimapdot": false,
    "level": 42,
    "actions": ["Attack"],
    "coordinates": [[
      2227,
      2815
    ]],
    "models": [
      17455,
      17444,
      17460
    ]
  },
  {
    "id": 10541,
    "name": "Bird",
    "category": 255,
    "minimapdot": false,
    "level": 5,
    "actions": ["Attack"],
    "coordinates": [[
      2234,
      2802
    ]],
    "models": [
      26849,
      26844
    ]
  }
]