[
  {
    "id": 2126,
    "name": "Badger",
    "category": -1,
    "minimapdot": false,
    "level": 0,
    "actions": [
      [
        2210,
        3097
      ],
      [
        2215,
        3096
      ]
    ],
    "coordinates": [
      [
        2210,
        3097
      ],
      [
        2215,
        3096
      ]
    ],
    "models": [10412]
  },
  {
    "id": 2125,
    "name": "Badger",
    "category": -1,
    "minimapdot": false,
    "level": 0,
    "actions": [[
      2214,
      3097
    ]],
    "coordinates": [[
      2214,
      3097
    ]],
    "models": [10412]
  },
  {
    "id": 2041,
    "name": "Broken\u0020Handz",
    "category": -1,
    "minimapdot": false,
    "level": 0,
    "actions": ["Talk-to"],
    "coordinates": [[
      2221,
      3092
    ]],
    "models": [
      218,
      306,
      164,
      10218,
      490,
      486,
      268,
      4954,
      5590,
      290
    ]
  }
]