[
  {
    "id": 3420,
    "name": "Rabbit",
    "category": 739,
    "minimapdot": false,
    "level": 2,
    "actions": ["Attack"],
    "coordinates": [
      [
        2182,
        3281
      ],
      [
        2183,
        3279
      ],
      [
        2184,
        3276
      ],
      [
        2185,
        3279
      ],
      [
        2186,
        3281
      ],
      [
        2188,
        3277
      ]
    ],
    "models": [23901]
  },
  {
    "id": 3421,
    "name": "Rabbit",
    "category": 739,
    "minimapdot": false,
    "level": 2,
    "actions": ["Attack"],
    "coordinates": [[
      2183,
      3277
    ]],
    "models": [23901]
  },
  {
    "id": 3422,
    "name": "Rabbit",
    "category": 739,
    "minimapdot": false,
    "level": 2,
    "actions": ["Attack"],
    "coordinates": [
      [
        2184,
        3280
      ],
      [
        2186,
        3280
      ]
    ],
    "models": [23901]
  },
  {
    "id": 9242,
    "name": "Guard",
    "category": 1395,
    "minimapdot": false,
    "level": 1,
    "actions": [[
      2238,
      3268
    ]],
    "coordinates": [[
      2238,
      3268
    ]],
    "models": []
  }
]