[
  {
    "id": 2791,
    "name": "Cow",
    "category": 365,
    "minimapdot": false,
    "level": 2,
    "actions": ["Attack"],
    "coordinates": [
      [
        2189,
        3418
      ],
      [
        2191,
        3420
      ],
      [
        2195,
        3416
      ]
    ],
    "models": [23895]
  },
  {
    "id": 2790,
    "name": "Cow",
    "category": 365,
    "minimapdot": false,
    "level": 2,
    "actions": ["Attack"],
    "coordinates": [
      [
        2190,
        3415
      ],
      [
        2193,
        3419
      ]
    ],
    "models": [23889]
  },
  {
    "id": 2793,
    "name": "Cow",
    "category": 365,
    "minimapdot": false,
    "level": 2,
    "actions": ["Attack"],
    "coordinates": [
      [
        2192,
        3416
      ],
      [
        2194,
        3421
      ]
    ],
    "models": [23893]
  },
  {
    "id": 2074,
    "name": "Crow",
    "category": -1,
    "minimapdot": false,
    "level": 0,
    "actions": [[
      2193,
      3403
    ]],
    "coordinates": [[
      2193,
      3403
    ]],
    "models": [26851]
  },
  {
    "id": 2069,
    "name": "Crow",
    "category": -1,
    "minimapdot": false,
    "level": 0,
    "actions": [[
      2195,
      3405
    ]],
    "coordinates": [[
      2195,
      3405
    ]],
    "models": [26851]
  },
  {
    "id": 2071,
    "name": "Crow",
    "category": -1,
    "minimapdot": false,
    "level": 0,
    "actions": [[
      2197,
      3401
    ]],
    "coordinates": [[
      2197,
      3401
    ]],
    "models": [26851]
  },
  {
    "id": 1172,
    "name": "",
    "category": -1,
    "minimapdot": false,
    "level": 0,
    "actions": [[
      2197,
      3419
    ]],
    "coordinates": [[
      2197,
      3419
    ]],
    "models": [8236]
  },
  {
    "id": 9178,
    "name": "Gwerin\u0020Hapus",
    "category": -1,
    "minimapdot": false,
    "level": 0,
    "actions": ["Talk-to"],
    "coordinates": [[
      2198,
      3412
    ]],
    "models": [
      38040,
      38116,
      38091,
      38061,
      38073,
      38128
    ]
  },
  {
    "id": 9180,
    "name": "Marwolaeth\u0020Dawnsio",
    "category": -1,
    "minimapdot": false,
    "level": 0,
    "actions": ["Talk-to"],
    "coordinates": [[
      2207,
      3405
    ]],
    "models": [
      38184,
      38247,
      38224,
      38194,
      38213,
      38265
    ]
  },
  {
    "id": 9179,
    "name": "Preswylwyr\u0020Dall",
    "category": -1,
    "minimapdot": false,
    "level": 0,
    "actions": ["Talk-to"],
    "coordinates": [[
      2210,
      3413
    ]],
    "models": [
      38176,
      38253,
      38224,
      38194,
      38209,
      38265
    ]
  },
  {
    "id": 9174,
    "name": "Fishing\u0020spot",
    "category": 281,
    "minimapdot": false,
    "level": 0,
    "actions": [
      "Cage",
      "Harpoon"
    ],
    "coordinates": [
      [
        2225,
        3428
      ],
      [
        2228,
        3429
      ],
      [
        2233,
        3424
      ],
      [
        2234,
        3441
      ]
    ],
    "models": [1491]
  },
  {
    "id": 9172,
    "name": "Fishing\u0020spot",
    "category": 282,
    "minimapdot": false,
    "level": 0,
    "actions": [
      "Big\u0020Net",
      "Harpoon"
    ],
    "coordinates": [
      [
        2226,
        3430
      ],
      [
        2228,
        3428
      ],
      [
        2234,
        3442
      ],
      [
        2235,
        3433
      ]
    ],
    "models": [1491]
  }
]