[
  {
    "id": 85,
    "name": "Ghost",
    "category": 278,
    "minimapdot": false,
    "level": 19,
    "actions": ["Attack"],
    "coordinates": [
      [
        2188,
        4855
      ],
      [
        2193,
        4845
      ],
      [
        2216,
        4829
      ]
    ],
    "models": [21154]
  },
  {
    "id": 92,
    "name": "Ghost",
    "category": 278,
    "minimapdot": false,
    "level": 19,
    "actions": ["Attack"],
    "coordinates": [
      [
        2190,
        4820
      ],
      [
        2218,
        4837
      ]
    ],
    "models": [21146]
  },
  {
    "id": 86,
    "name": "Ghost",
    "category": 278,
    "minimapdot": false,
    "level": 19,
    "actions": ["Attack"],
    "coordinates": [
      [
        2192,
        4852
      ],
      [
        2218,
        4818
      ]
    ],
    "models": [21147]
  },
  {
    "id": 91,
    "name": "Ghost",
    "category": 278,
    "minimapdot": false,
    "level": 19,
    "actions": ["Attack"],
    "coordinates": [
      [
        2194,
        4824
      ],
      [
        2226,
        4855
      ]
    ],
    "models": [21145]
  },
  {
    "id": 87,
    "name": "Ghost",
    "category": 278,
    "minimapdot": false,
    "level": 19,
    "actions": ["Attack"],
    "coordinates": [
      [
        2197,
        4849
      ],
      [
        2227,
        4819
      ]
    ],
    "models": [21148]
  },
  {
    "id": 90,
    "name": "Ghost",
    "category": 278,
    "minimapdot": false,
    "level": 19,
    "actions": ["Attack"],
    "coordinates": [
      [
        2198,
        4825
      ],
      [
        2225,
        4850
      ]
    ],
    "models": [21144]
  },
  {
    "id": 89,
    "name": "Ghost",
    "category": 278,
    "minimapdot": false,
    "level": 19,
    "actions": ["Attack"],
    "coordinates": [
      [
        2206,
        4824
      ],
      [
        2223,
        4848
      ]
    ],
    "models": [21143]
  },
  {
    "id": 88,
    "name": "Ghost",
    "category": 278,
    "minimapdot": false,
    "level": 19,
    "actions": ["Attack"],
    "coordinates": [
      [
        2210,
        4824
      ],
      [
        2218,
        4843
      ]
    ],
    "models": [21149]
  }
]