[
  {
    "id": 10541,
    "name": "Bird",
    "category": 255,
    "minimapdot": false,
    "level": 5,
    "actions": ["Attack"],
    "coordinates": [
      [
        2242,
        2830
      ],
      [
        2271,
        2875
      ],
      [
        2277,
        2849
      ]
    ],
    "models": [
      26849,
      26844
    ]
  },
  {
    "id": 1418,
    "name": "Squirrel",
    "category": -1,
    "minimapdot": false,
    "level": 0,
    "actions": [[
      2244,
      2850
    ]],
    "coordinates": [[
      2244,
      2850
    ]],
    "models": [11723]
  },
  {
    "id": 238,
    "name": "Butterfly",
    "category": 248,
    "minimapdot": false,
    "level": 0,
    "actions": [
      [
        2248,
        2858
      ],
      [
        2256,
        2828
      ],
      [
        2284,
        2874
      ]
    ],
    "coordinates": [
      [
        2248,
        2858
      ],
      [
        2256,
        2828
      ],
      [
        2284,
        2874
      ]
    ],
    "models": [3023]
  },
  {
    "id": 5007,
    "name": "Imp",
    "category": 748,
    "minimapdot": false,
    "level": 2,
    "actions": ["Attack"],
    "coordinates": [
      [
        2258,
        2831
      ],
      [
        2267,
        2842
      ],
      [
        2269,
        2853
      ],
      [
        2275,
        2833
      ]
    ],
    "models": [19982]
  },
  {
    "id": 1417,
    "name": "Squirrel",
    "category": -1,
    "minimapdot": false,
    "level": 0,
    "actions": [[
      2268,
      2845
    ]],
    "coordinates": [[
      2268,
      2845
    ]],
    "models": [11723]
  },
  {
    "id": 8733,
    "name": "Crab",
    "category": -1,
    "minimapdot": false,
    "level": 0,
    "actions": [[
      2275,
      2820
    ]],
    "coordinates": [[
      2275,
      2820
    ]],
    "models": [
      4399,
      8744
    ]
  },
  {
    "id": 10514,
    "name": "Fishing\u0020spot",
    "category": 282,
    "minimapdot": false,
    "level": 0,
    "actions": [
      "Net",
      "Harpoon"
    ],
    "coordinates": [
      [
        2280,
        2837
      ],
      [
        2288,
        2847
      ]
    ],
    "models": [41238]
  },
  {
    "id": 1553,
    "name": "Crab",
    "category": -1,
    "minimapdot": false,
    "level": 0,
    "actions": [[
      2283,
      2826
    ]],
    "coordinates": [[
      2283,
      2826
    ]],
    "models": [
      4399,
      8744
    ]
  },
  {
    "id": 1416,
    "name": "Squirrel",
    "category": -1,
    "minimapdot": false,
    "level": 0,
    "actions": [[
      2287,
      2857
    ]],
    "coordinates": [[
      2287,
      2857
    ]],
    "models": [11723]
  }
]