[
  {
    "id": 3440,
    "name": "Will\u0020o'\u0020the\u0020wisp",
    "category": -1,
    "minimapdot": false,
    "level": 0,
    "actions": [
      [
        2247,
        3226
      ],
      [
        2249,
        3227
      ],
      [
        2249,
        3258
      ],
      [
        2251,
        3260
      ],
      [
        2259,
        3211
      ],
      [
        2267,
        3223
      ],
      [
        2267,
        3225
      ],
      [
        2298,
        3262
      ]
    ],
    "coordinates": [
      [
        2247,
        3226
      ],
      [
        2249,
        3227
      ],
      [
        2249,
        3258
      ],
      [
        2251,
        3260
      ],
      [
        2259,
        3211
      ],
      [
        2267,
        3223
      ],
      [
        2267,
        3225
      ],
      [
        2298,
        3262
      ]
    ],
    "models": [3558]
  },
  {
    "id": 3441,
    "name": "Will\u0020o'\u0020the\u0020wisp",
    "category": -1,
    "minimapdot": false,
    "level": 0,
    "actions": [
      [
        2248,
        3225
      ],
      [
        2248,
        3227
      ],
      [
        2251,
        3257
      ],
      [
        2253,
        3259
      ],
      [
        2268,
        3224
      ],
      [
        2291,
        3262
      ]
    ],
    "coordinates": [
      [
        2248,
        3225
      ],
      [
        2248,
        3227
      ],
      [
        2251,
        3257
      ],
      [
        2253,
        3259
      ],
      [
        2268,
        3224
      ],
      [
        2291,
        3262
      ]
    ],
    "models": [3558]
  },
  {
    "id": 234,
    "name": "Butterfly",
    "category": 248,
    "minimapdot": false,
    "level": 0,
    "actions": [
      [
        2249,
        3260
      ],
      [
        2250,
        3257
      ],
      [
        2250,
        3259
      ],
      [
        2252,
        3261
      ],
      [
        2253,
        3256
      ],
      [
        2262,
        3226
      ],
      [
        2264,
        3225
      ],
      [
        2266,
        3229
      ],
      [
        2268,
        3227
      ],
      [
        2269,
        3222
      ],
      [
        2269,
        3224
      ],
      [
        2270,
        3223
      ],
      [
        2270,
        3226
      ]
    ],
    "coordinates": [
      [
        2249,
        3260
      ],
      [
        2250,
        3257
      ],
      [
        2250,
        3259
      ],
      [
        2252,
        3261
      ],
      [
        2253,
        3256
      ],
      [
        2262,
        3226
      ],
      [
        2264,
        3225
      ],
      [
        2266,
        3229
      ],
      [
        2268,
        3227
      ],
      [
        2269,
        3222
      ],
      [
        2269,
        3224
      ],
      [
        2270,
        3223
      ],
      [
        2270,
        3226
      ]
    ],
    "models": [3022]
  },
  {
    "id": 238,
    "name": "Butterfly",
    "category": 248,
    "minimapdot": false,
    "level": 0,
    "actions": [
      [
        2255,
        3216
      ],
      [
        2262,
        3210
      ],
      [
        2271,
        3204
      ],
      [
        2294,
        3219
      ],
      [
        2296,
        3206
      ],
      [
        2298,
        3201
      ]
    ],
    "coordinates": [
      [
        2255,
        3216
      ],
      [
        2262,
        3210
      ],
      [
        2271,
        3204
      ],
      [
        2294,
        3219
      ],
      [
        2296,
        3206
      ],
      [
        2298,
        3201
      ]
    ],
    "models": [3023]
  },
  {
    "id": 4003,
    "name": "Elven\u0020Scout",
    "category": -1,
    "minimapdot": false,
    "level": 1,
    "actions": [[
      2260,
      3213
    ]],
    "coordinates": [[
      2260,
      3213
    ]],
    "models": []
  },
  {
    "id": 3418,
    "name": "Rod\u0020Fishing\u0020spot",
    "category": 280,
    "minimapdot": false,
    "level": 0,
    "actions": [
      "Lure",
      "Bait"
    ],
    "coordinates": [
      [
        2264,
        3258
      ],
      [
        2267,
        3253
      ],
      [
        2274,
        3248
      ],
      [
        2275,
        3240
      ],
      [
        2282,
        3248
      ]
    ],
    "models": [1491]
  },
  {
    "id": 235,
    "name": "Butterfly",
    "category": 248,
    "minimapdot": false,
    "level": 0,
    "actions": [[
      2268,
      3228
    ]],
    "coordinates": [[
      2268,
      3228
    ]],
    "models": [3023]
  },
  {
    "id": 3420,
    "name": "Rabbit",
    "category": 739,
    "minimapdot": false,
    "level": 2,
    "actions": ["Attack"],
    "coordinates": [
      [
        2279,
        3219
      ],
      [
        2296,
        3250
      ]
    ],
    "models": [23901]
  },
  {
    "id": 3421,
    "name": "Rabbit",
    "category": 739,
    "minimapdot": false,
    "level": 2,
    "actions": ["Attack"],
    "coordinates": [[
      2295,
      3250
    ]],
    "models": [23901]
  },
  {
    "id": 3422,
    "name": "Rabbit",
    "category": 739,
    "minimapdot": false,
    "level": 2,
    "actions": ["Attack"],
    "coordinates": [[
      2296,
      3249
    ]],
    "models": [23901]
  }
]