[
  {
    "id": 9202,
    "name": "Tide",
    "category": 922,
    "minimapdot": false,
    "level": 0,
    "actions": ["Talk-to"],
    "coordinates": [[
      2249,
      3448
    ]],
    "models": [
      32834,
      246,
      28348,
      151,
      10218,
      271,
      181
    ]
  },
  {
    "id": 2911,
    "name": "Carnivorous\u0020chinchompa",
    "category": 374,
    "minimapdot": false,
    "level": 2,
    "actions": ["Attack"],
    "coordinates": [
      [
        2266,
        3411
      ],
      [
        2268,
        3409
      ],
      [
        2269,
        3413
      ],
      [
        2271,
        3411
      ],
      [
        2273,
        3404
      ],
      [
        2275,
        3407
      ],
      [
        2276,
        3401
      ],
      [
        2277,
        3404
      ],
      [
        2279,
        3405
      ]
    ],
    "models": [19371]
  },
  {
    "id": 9177,
    "name": "Lleidr\u0020Golau",
    "category": 922,
    "minimapdot": false,
    "level": 0,
    "actions": ["Talk-to"],
    "coordinates": [[
      2276,
      3451
    ]],
    "models": [
      38038,
      38115,
      38095,
      38055,
      38071,
      38121,
      38298,
      38051
    ]
  },
  {
    "id": 9176,
    "name": "Meddwl\u0020Ymlaen\u0020Llaw",
    "category": -1,
    "minimapdot": false,
    "level": 0,
    "actions": ["Talk-to"],
    "coordinates": [[
      2279,
      3447
    ]],
    "models": [
      38166,
      38246,
      38230,
      38196,
      38212,
      38262,
      38286
    ]
  },
  {
    "id": 9175,
    "name": "Rhoddwr\u0020Tan",
    "category": -1,
    "minimapdot": false,
    "level": 0,
    "actions": ["Talk-to"],
    "coordinates": [[
      2282,
      3445
    ]],
    "models": [
      38038,
      38115,
      38095,
      38055,
      38071,
      38121,
      38051
    ]
  },
  {
    "id": 9198,
    "name": "Red\u0020Panda",
    "category": -1,
    "minimapdot": false,
    "level": 0,
    "actions": [[
      2285,
      3411
    ]],
    "coordinates": [[
      2285,
      3411
    ]],
    "models": [37361]
  }
]