[
  {"id":3440,"name":"Will o' the wisp","level":"0","category":0,"minimapdot":false,"actions":[],"size":[1,1,110],"coordinates":[[4892,37524],[4900,37520],[4900,37396],[4908,37388],[4940,37584],[4972,37536],[4972,37528],[5096,37380]],"colors":[9230332]},
  {"id":3441,"name":"Will o' the wisp","level":"0","category":0,"minimapdot":false,"actions":[],"size":[1,1,110],"coordinates":[[4896,37528],[4896,37520],[4908,37400],[4916,37392],[4976,37532],[5068,37380]],"colors":[9230332]},
  {"id":234,"name":"Butterfly","level":"0","category":248,"minimapdot":false,"actions":[],"size":[1,1,266],"coordinates":[[4900,37388],[4904,37400],[4904,37392],[4912,37384],[4916,37404],[4952,37524],[4960,37528],[4968,37512],[4976,37520],[4980,37540],[4980,37532],[4984,37536],[4984,37524]],"colors":[16119027,5664393]},
  {"id":238,"name":"Butterfly","level":"0","category":248,"minimapdot":false,"actions":[],"size":[1,1,189],"coordinates":[[4924,37564],[4952,37588],[4988,37612],[5080,37552],[5088,37604],[5096,37624]],"colors":[5664393,15323585,16316664,16565139]},
  {"id":4003,"name":"null","level":"1","category":0,"minimapdot":true,"actions":[],"size":[1,1,0],"coordinates":[[4944,37576]],"colors":[]},
  {"id":3418,"name":"Rod Fishing spot","level":"0","category":280,"minimapdot":false,"actions":["Lure","Bait"],"size":[1,1,34],"coordinates":[[4960,37396],[4972,37416],[5000,37436],[5004,37468],[5032,37436]],"colors":[15451648]},
  {"id":235,"name":"Butterfly","level":"0","category":248,"minimapdot":false,"actions":[],"size":[1,1,189],"coordinates":[[4976,37516]],"colors":[5664393,15323585,16316664,16565139]},
  {"id":3420,"name":"Rabbit","level":"2","category":739,"minimapdot":true,"actions":["Attack"],"size":[1,1,52],"coordinates":[[5020,37552],[5088,37428]],"colors":[8165293,7835813,7440797,12303812,12633033,11386315,4214361]},
  {"id":3421,"name":"Rabbit","level":"2","category":739,"minimapdot":true,"actions":["Attack"],"size":[1,1,52],"coordinates":[[5084,37428]],"colors":[8165293,7835813,7440797,12303812,12633033,11386315,4214361]},
  {"id":3422,"name":"Rabbit","level":"2","category":739,"minimapdot":true,"actions":["Attack"],"size":[1,1,52],"coordinates":[[5088,37432]],"colors":[8165293,7835813,7440797,12303812,12633033,11386315,4214361]}
]