[
  {
    "id": 8900,
    "name": "Lord\u0020Ieuan\u0020Amlodd",
    "category": -1,
    "minimapdot": false,
    "level": 1,
    "actions": [[
      2308,
      9804
    ]],
    "coordinates": [[
      2308,
      9804
    ]],
    "models": []
  },
  {
    "id": 8896,
    "name": "Lady\u0020Tangwen\u0020Trahaearn",
    "category": -1,
    "minimapdot": false,
    "level": 1,
    "actions": [[
      2312,
      9801
    ]],
    "coordinates": [[
      2312,
      9801
    ]],
    "models": []
  },
  {
    "id": 8820,
    "name": "Islwyn",
    "category": -1,
    "minimapdot": false,
    "level": 1,
    "actions": [[
      2312,
      9814
    ]],
    "coordinates": [[
      2312,
      9814
    ]],
    "models": []
  },
  {
    "id": 3104,
    "name": "Soulless",
    "category": -1,
    "minimapdot": false,
    "level": 18,
    "actions": [
      [
        2313,
        9853
      ],
      [
        2315,
        9851
      ],
      [
        2318,
        9847
      ],
      [
        2319,
        9852
      ],
      [
        2322,
        9846
      ],
      [
        2323,
        9843
      ],
      [
        2323,
        9852
      ],
      [
        2326,
        9848
      ],
      [
        2331,
        9852
      ],
      [
        2333,
        9851
      ],
      [
        2334,
        9853
      ],
      [
        2335,
        9847
      ],
      [
        2338,
        9844
      ],
      [
        2338,
        9851
      ],
      [
        2340,
        9848
      ],
      [
        2341,
        9852
      ],
      [
        2342,
        9840
      ],
      [
        2342,
        9841
      ],
      [
        2343,
        9849
      ],
      [
        2345,
        9851
      ],
      [
        2346,
        9854
      ],
      [
        2347,
        9854
      ],
      [
        2348,
        9843
      ]
    ],
    "coordinates": [
      [
        2313,
        9853
      ],
      [
        2315,
        9851
      ],
      [
        2318,
        9847
      ],
      [
        2319,
        9852
      ],
      [
        2322,
        9846
      ],
      [
        2323,
        9843
      ],
      [
        2323,
        9852
      ],
      [
        2326,
        9848
      ],
      [
        2331,
        9852
      ],
      [
        2333,
        9851
      ],
      [
        2334,
        9853
      ],
      [
        2335,
        9847
      ],
      [
        2338,
        9844
      ],
      [
        2338,
        9851
      ],
      [
        2340,
        9848
      ],
      [
        2341,
        9852
      ],
      [
        2342,
        9840
      ],
      [
        2342,
        9841
      ],
      [
        2343,
        9849
      ],
      [
        2345,
        9851
      ],
      [
        2346,
        9854
      ],
      [
        2347,
        9854
      ],
      [
        2348,
        9843
      ]
    ],
    "models": []
  },
  {
    "id": 4551,
    "name": "Niloof",
    "category": -1,
    "minimapdot": false,
    "level": 0,
    "actions": ["Talk-to"],
    "coordinates": [[
      2315,
      9806
    ]],
    "models": [
      2970,
      2984,
      2981,
      2979,
      2985,
      2990
    ]
  },
  {
    "id": 8916,
    "name": "Lady\u0020Kelyn\u0020Ithell",
    "category": -1,
    "minimapdot": false,
    "level": 1,
    "actions": [[
      2318,
      9808
    ]],
    "coordinates": [[
      2318,
      9808
    ]],
    "models": []
  },
  {
    "id": 8905,
    "name": "Lord\u0020Piquan\u0020Crwys",
    "category": -1,
    "minimapdot": false,
    "level": 1,
    "actions": [[
      2321,
      9798
    ]],
    "coordinates": [[
      2321,
      9798
    ]],
    "models": []
  },
  {
    "id": 4552,
    "name": "Klank",
    "category": -1,
    "minimapdot": false,
    "level": 0,
    "actions": ["Talk-to"],
    "coordinates": [[
      2323,
      9804
    ]],
    "models": [
      2971,
      2984,
      2981,
      2979,
      2985
    ]
  },
  {
    "id": 4553,
    "name": "Kamen",
    "category": -1,
    "minimapdot": false,
    "level": 0,
    "actions": ["Talk-to"],
    "coordinates": [[
      2325,
      9799
    ]],
    "models": [
      2972,
      2984,
      2981,
      2979,
      2985,
      2990
    ]
  },
  {
    "id": 8909,
    "name": "Lady\u0020Carys\u0020Hefin",
    "category": -1,
    "minimapdot": false,
    "level": 1,
    "actions": [[
      2328,
      9796
    ]],
    "coordinates": [[
      2328,
      9796
    ]],
    "models": []
  },
  {
    "id": 8912,
    "name": "Lady\u0020Ffion\u0020Meilyr",
    "category": -1,
    "minimapdot": false,
    "level": 1,
    "actions": [[
      2328,
      9803
    ]],
    "coordinates": [[
      2328,
      9803
    ]],
    "models": []
  }
]