[
  {
    "id": 1473,
    "name": "Swamp\u0020toad",
    "category": -1,
    "minimapdot": false,
    "level": 0,
    "actions": ["Inflate"],
    "coordinates": [
      [
        2332,
        3061
      ],
      [
        2332,
        3063
      ],
      [
        2333,
        3060
      ],
      [
        2334,
        3065
      ],
      [
        2335,
        3067
      ],
      [
        2336,
        3059
      ],
      [
        2336,
        3068
      ],
      [
        2337,
        3067
      ],
      [
        2338,
        3056
      ],
      [
        2338,
        3061
      ],
      [
        2339,
        3066
      ],
      [
        2340,
        3056
      ],
      [
        2341,
        3062
      ],
      [
        2342,
        3057
      ],
      [
        2342,
        3062
      ]
    ],
    "models": [3447]
  },
  {
    "id": 887,
    "name": "Gruh",
    "category": -1,
    "minimapdot": false,
    "level": 0,
    "actions": ["Talk-to"],
    "coordinates": [[
      2349,
      3064
    ]],
    "models": [
      3442,
      2878
    ]
  }
]