[
  {
    "id": 2693,
    "name": "Sheep",
    "category": 507,
    "minimapdot": false,
    "level": 0,
    "actions": ["Shear"],
    "coordinates": [[
      2319,
      3191
    ]],
    "models": [
      20290,
      20291
    ]
  },
  {
    "id": 1262,
    "name": "Ram",
    "category": 1319,
    "minimapdot": false,
    "level": 2,
    "actions": ["Attack"],
    "coordinates": [[
      2322,
      3189
    ]],
    "models": [
      20292,
      20295,
      20294
    ]
  },
  {
    "id": 2699,
    "name": "Sheep",
    "category": 507,
    "minimapdot": false,
    "level": 0,
    "actions": ["Shear"],
    "coordinates": [[
      2322,
      3192
    ]],
    "models": [
      20292,
      20295,
      20293
    ]
  },
  {
    "id": 8817,
    "name": "Islwyn",
    "category": -1,
    "minimapdot": false,
    "level": 1,
    "actions": [[
      2323,
      3160
    ]],
    "coordinates": [[
      2323,
      3160
    ]],
    "models": []
  },
  {
    "id": 1481,
    "name": "Dalldav",
    "category": -1,
    "minimapdot": false,
    "level": 0,
    "actions": [
      "Talk-to",
      "Trade"
    ],
    "coordinates": [[
      2324,
      3164
    ]],
    "models": [
      38129,
      38054,
      38035,
      38066,
      38114,
      38086
    ]
  },
  {
    "id": 1478,
    "name": "Oronwen",
    "category": -1,
    "minimapdot": false,
    "level": 0,
    "actions": [
      "Talk-to",
      "Trade"
    ],
    "coordinates": [[
      2324,
      3179
    ]],
    "models": [
      38257,
      38190,
      38165,
      38215,
      38252,
      38222
    ]
  },
  {
    "id": 2697,
    "name": "Sheep",
    "category": 507,
    "minimapdot": false,
    "level": 0,
    "actions": ["Shear"],
    "coordinates": [[
      2325,
      3190
    ]],
    "models": [
      20292,
      20295,
      20293
    ]
  },
  {
    "id": 3206,
    "name": "Elena",
    "category": -1,
    "minimapdot": false,
    "level": 1,
    "actions": [[
      2326,
      3149
    ]],
    "coordinates": [[
      2326,
      3149
    ]],
    "models": []
  },
  {
    "id": 8828,
    "name": "Eluned",
    "category": -1,
    "minimapdot": false,
    "level": 1,
    "actions": [[
      2326,
      3161
    ]],
    "coordinates": [[
      2326,
      3161
    ]],
    "models": []
  },
  {
    "id": 5295,
    "name": "Elf\u0020Archer",
    "category": 512,
    "minimapdot": false,
    "level": 90,
    "actions": ["Attack"],
    "coordinates": [[
      2329,
      3170
    ]],
    "models": [
      38108,
      38067,
      38095,
      38125,
      38059,
      38049,
      38295
    ]
  },
  {
    "id": 5294,
    "name": "Elf\u0020Warrior",
    "category": 512,
    "minimapdot": false,
    "level": 108,
    "actions": ["Attack"],
    "coordinates": [[
      2329,
      3173
    ]],
    "models": [
      38246,
      38212,
      38229,
      38262,
      38197,
      38170,
      38292,
      38297
    ]
  },
  {
    "id": 5300,
    "name": "Mawrth",
    "category": -1,
    "minimapdot": false,
    "level": 0,
    "actions": [
      "Talk-to",
      "Pickpocket"
    ],
    "coordinates": [[
      2331,
      3165
    ]],
    "models": [
      38260,
      38193,
      38180,
      38214,
      38250,
      38227
    ]
  },
  {
    "id": 1477,
    "name": "Eudav",
    "category": -1,
    "minimapdot": false,
    "level": 0,
    "actions": [
      "Talk-to",
      "Trade"
    ],
    "coordinates": [[
      2334,
      3182
    ]],
    "models": [
      38124,
      38062,
      38030,
      38065,
      38113,
      38088
    ]
  },
  {
    "id": 5303,
    "name": "Iona",
    "category": -1,
    "minimapdot": false,
    "level": 0,
    "actions": ["Talk-to"],
    "coordinates": [[
      2335,
      3169
    ]],
    "models": [38148]
  },
  {
    "id": 5299,
    "name": "Arvel",
    "category": -1,
    "minimapdot": false,
    "level": 0,
    "actions": [
      "Talk-to",
      "Pickpocket"
    ],
    "coordinates": [[
      2335,
      3177
    ]],
    "models": [
      38261,
      38189,
      38174,
      38210,
      38248,
      38225
    ]
  },
  {
    "id": 5297,
    "name": "Goreu",
    "category": -1,
    "minimapdot": false,
    "level": 0,
    "actions": [
      "Talk-to",
      "Pickpocket"
    ],
    "coordinates": [[
      2337,
      3159
    ]],
    "models": [
      38124,
      38056,
      38031,
      38065,
      38111,
      38090
    ]
  },
  {
    "id": 4547,
    "name": "Lord\u0020Piquan\u0020Crwys",
    "category": -1,
    "minimapdot": false,
    "level": 1,
    "actions": [[
      2339,
      3164
    ]],
    "coordinates": [[
      2339,
      3164
    ]],
    "models": []
  },
  {
    "id": 5302,
    "name": "Eoin",
    "category": -1,
    "minimapdot": false,
    "level": 0,
    "actions": ["Talk-to"],
    "coordinates": [[
      2340,
      3173
    ]],
    "models": [38017]
  },
  {
    "id": 5293,
    "name": "Elf\u0020Warrior",
    "category": 512,
    "minimapdot": false,
    "level": 108,
    "actions": ["Attack"],
    "coordinates": [[
      2345,
      3175
    ]],
    "models": [
      38115,
      38071,
      38087,
      38121,
      38055,
      38045,
      38292,
      38297
    ]
  },
  {
    "id": 2689,
    "name": "Liliwen",
    "category": 459,
    "minimapdot": false,
    "level": 0,
    "actions": [
      "Talk-to",
      "Pay"
    ],
    "coordinates": [[
      2346,
      3160
    ]],
    "models": [
      38257,
      38190,
      38171,
      38215,
      38250,
      38225
    ]
  },
  {
    "id": 0,
    "name": "Tool\u0020Leprechaun",
    "category": 236,
    "minimapdot": false,
    "level": 0,
    "actions": [
      "Talk-to",
      "Exchange"
    ],
    "coordinates": [[
      2346,
      3164
    ]],
    "models": [10220]
  },
  {
    "id": 4542,
    "name": "Lord\u0020Ieuan\u0020Amlodd",
    "category": 922,
    "minimapdot": false,
    "level": 1,
    "actions": [[
      2349,
      3170
    ]],
    "coordinates": [[
      2349,
      3170
    ]],
    "models": []
  },
  {
    "id": 3427,
    "name": "Elena",
    "category": 922,
    "minimapdot": false,
    "level": 1,
    "actions": [[
      2349,
      3173
    ]],
    "coordinates": [[
      2349,
      3173
    ]],
    "models": []
  },
  {
    "id": 4260,
    "name": "Islwyn",
    "category": 922,
    "minimapdot": false,
    "level": 1,
    "actions": [[
      2351,
      3170
    ]],
    "coordinates": [[
      2351,
      3170
    ]],
    "models": []
  },
  {
    "id": 4258,
    "name": "Ysgawyn",
    "category": 922,
    "minimapdot": false,
    "level": 1,
    "actions": [[
      2351,
      3174
    ]],
    "coordinates": [[
      2351,
      3174
    ]],
    "models": []
  },
  {
    "id": 1479,
    "name": "Banker",
    "category": 249,
    "minimapdot": false,
    "level": 0,
    "actions": [
      "Talk-to",
      "Bank",
      "Collect"
    ],
    "coordinates": [[
      2352,
      3166
    ]],
    "models": [
      38034,
      38107,
      38091,
      38063,
      38073,
      38122
    ]
  },
  {
    "id": 4007,
    "name": "Baxtorian",
    "category": 922,
    "minimapdot": false,
    "level": 1,
    "actions": [[
      2352,
      3170
    ]],
    "coordinates": [[
      2352,
      3170
    ]],
    "models": []
  },
  {
    "id": 4261,
    "name": "Ilfeen",
    "category": 922,
    "minimapdot": false,
    "level": 1,
    "actions": [[
      2352,
      3174
    ]],
    "coordinates": [[
      2352,
      3174
    ]],
    "models": []
  },
  {
    "id": 6286,
    "name": "Eluned",
    "category": 922,
    "minimapdot": false,
    "level": 1,
    "actions": [[
      2353,
      3171
    ]],
    "coordinates": [[
      2353,
      3171
    ]],
    "models": []
  },
  {
    "id": 5292,
    "name": "Arianwyn",
    "category": 922,
    "minimapdot": false,
    "level": 1,
    "actions": [[
      2353,
      3172
    ]],
    "coordinates": [[
      2353,
      3172
    ]],
    "models": []
  },
  {
    "id": 4549,
    "name": "Lady\u0020Carys\u0020Hefin",
    "category": 922,
    "minimapdot": false,
    "level": 1,
    "actions": [[
      2353,
      3173
    ]],
    "coordinates": [[
      2353,
      3173
    ]],
    "models": []
  },
  {
    "id": 4539,
    "name": "Lady\u0020Tangwen\u0020Trahaearn",
    "category": 922,
    "minimapdot": false,
    "level": 1,
    "actions": [[
      2353,
      3175
    ]],
    "coordinates": [[
      2353,
      3175
    ]],
    "models": []
  },
  {
    "id": 4544,
    "name": "Lord\u0020Ieuan\u0020Amlodd",
    "category": -1,
    "minimapdot": false,
    "level": 1,
    "actions": [[
      2353,
      3179
    ]],
    "coordinates": [[
      2353,
      3179
    ]],
    "models": []
  },
  {
    "id": 8824,
    "name": "Ilfeen",
    "category": -1,
    "minimapdot": false,
    "level": 1,
    "actions": [[
      2354,
      3155
    ]],
    "coordinates": [[
      2354,
      3155
    ]],
    "models": []
  },
  {
    "id": 1480,
    "name": "Banker",
    "category": 249,
    "minimapdot": false,
    "level": 0,
    "actions": [
      "Talk-to",
      "Bank",
      "Collect"
    ],
    "coordinates": [[
      2354,
      3166
    ]],
    "models": [
      38166,
      38253,
      38226,
      38195,
      38213,
      38265
    ]
  },
  {
    "id": 4546,
    "name": "Lord\u0020Piquan\u0020Crwys",
    "category": 922,
    "minimapdot": false,
    "level": 1,
    "actions": [[
      2354,
      3176
    ]],
    "coordinates": [[
      2354,
      3176
    ]],
    "models": []
  }
]