[
  {
    "id": 1505,
    "name": "Ferret",
    "category": 374,
    "minimapdot": false,
    "level": 0,
    "actions": [
      [
        2305,
        3516
      ],
      [
        2309,
        3515
      ],
      [
        2311,
        3506
      ],
      [
        2311,
        3519
      ],
      [
        2313,
        3510
      ],
      [
        2316,
        3500
      ],
      [
        2316,
        3511
      ],
      [
        2317,
        3505
      ],
      [
        2319,
        3518
      ]
    ],
    "coordinates": [
      [
        2305,
        3516
      ],
      [
        2309,
        3515
      ],
      [
        2311,
        3506
      ],
      [
        2311,
        3519
      ],
      [
        2313,
        3510
      ],
      [
        2316,
        3500
      ],
      [
        2316,
        3511
      ],
      [
        2317,
        3505
      ],
      [
        2319,
        3518
      ]
    ],
    "models": [19373]
  },
  {
    "id": 2024,
    "name": "Nickolaus",
    "category": -1,
    "minimapdot": false,
    "level": 0,
    "actions": [[
      2318,
      3503
    ]],
    "coordinates": [[
      2318,
      3503
    ]],
    "models": []
  },
  {
    "id": 5317,
    "name": "Eagle",
    "category": -1,
    "minimapdot": false,
    "level": 0,
    "actions": [
      [
        2319,
        3477
      ],
      [
        2323,
        3485
      ],
      [
        2334,
        3485
      ],
      [
        2334,
        3495
      ]
    ],
    "coordinates": [
      [
        2319,
        3477
      ],
      [
        2323,
        3485
      ],
      [
        2334,
        3485
      ],
      [
        2334,
        3495
      ]
    ],
    "models": [5728]
  }
]