[
  {
    "id": 3426,
    "name": "Dire\u0020Wolf",
    "category": 310,
    "minimapdot": false,
    "level": 88,
    "actions": ["Attack"],
    "coordinates": [
      [
        2311,
        3271
      ],
      [
        2317,
        3271
      ],
      [
        2320,
        3266
      ],
      [
        2335,
        3276
      ],
      [
        2339,
        3272
      ],
      [
        2339,
        3279
      ]
    ],
    "models": [26264]
  },
  {
    "id": 3021,
    "name": "Deadly\u0020red\u0020spider",
    "category": 384,
    "minimapdot": false,
    "level": 34,
    "actions": ["Attack"],
    "coordinates": [
      [
        2337,
        3311
      ],
      [
        2337,
        3314
      ],
      [
        2338,
        3310
      ],
      [
        2341,
        3309
      ],
      [
        2342,
        3311
      ],
      [
        2343,
        3309
      ],
      [
        2344,
        3318
      ],
      [
        2345,
        3310
      ],
      [
        2345,
        3312
      ],
      [
        2350,
        3310
      ]
    ],
    "models": [
      20309,
      20312
    ]
  }
]