[
  {
    "id": 1349,
    "name": "Wild\u0020kebbit",
    "category": 372,
    "minimapdot": false,
    "level": 0,
    "actions": [
      [
        2306,
        3541
      ],
      [
        2307,
        3541
      ],
      [
        2307,
        3577
      ],
      [
        2309,
        3577
      ],
      [
        2315,
        3523
      ],
      [
        2315,
        3526
      ],
      [
        2316,
        3560
      ],
      [
        2318,
        3560
      ],
      [
        2330,
        3550
      ],
      [
        2330,
        3552
      ],
      [
        2342,
        3544
      ],
      [
        2343,
        3544
      ],
      [
        2348,
        3523
      ],
      [
        2349,
        3523
      ],
      [
        2350,
        3563
      ],
      [
        2351,
        3563
      ],
      [
        2362,
        3577
      ],
      [
        2362,
        3578
      ],
      [
        2363,
        3537
      ],
      [
        2363,
        3540
      ]
    ],
    "coordinates": [
      [
        2306,
        3541
      ],
      [
        2307,
        3541
      ],
      [
        2307,
        3577
      ],
      [
        2309,
        3577
      ],
      [
        2315,
        3523
      ],
      [
        2315,
        3526
      ],
      [
        2316,
        3560
      ],
      [
        2318,
        3560
      ],
      [
        2330,
        3550
      ],
      [
        2330,
        3552
      ],
      [
        2342,
        3544
      ],
      [
        2343,
        3544
      ],
      [
        2348,
        3523
      ],
      [
        2349,
        3523
      ],
      [
        2350,
        3563
      ],
      [
        2351,
        3563
      ],
      [
        2362,
        3577
      ],
      [
        2362,
        3578
      ],
      [
        2363,
        3537
      ],
      [
        2363,
        3540
      ]
    ],
    "models": [
      19381,
      19389,
      19385
    ]
  },
  {
    "id": 2910,
    "name": "Chinchompa",
    "category": 374,
    "minimapdot": false,
    "level": 1,
    "actions": ["Attack"],
    "coordinates": [
      [
        2315,
        3545
      ],
      [
        2315,
        3549
      ],
      [
        2317,
        3539
      ],
      [
        2322,
        3545
      ],
      [
        2350,
        3540
      ],
      [
        2351,
        3534
      ],
      [
        2354,
        3536
      ],
      [
        2356,
        3540
      ],
      [
        2360,
        3569
      ],
      [
        2361,
        3561
      ],
      [
        2364,
        3565
      ]
    ],
    "models": [19371]
  },
  {
    "id": 5556,
    "name": "Ruby\u0020harvest",
    "category": -1,
    "minimapdot": false,
    "level": 0,
    "actions": ["Catch"],
    "coordinates": [
      [
        2320,
        3535
      ],
      [
        2326,
        3527
      ],
      [
        2331,
        3540
      ],
      [
        2334,
        3544
      ],
      [
        2339,
        3546
      ],
      [
        2342,
        3540
      ],
      [
        2343,
        3525
      ],
      [
        2349,
        3554
      ],
      [
        2352,
        3549
      ],
      [
        2358,
        3563
      ],
      [
        2361,
        3549
      ],
      [
        2362,
        3557
      ]
    ],
    "models": [3022]
  },
  {
    "id": 5532,
    "name": "Dark\u0020kebbit",
    "category": -1,
    "minimapdot": false,
    "level": 0,
    "actions": ["Catch"],
    "coordinates": [[
      2365,
      3579
    ]],
    "models": [
      19381,
      19389,
      19384
    ]
  },
  {
    "id": 5533,
    "name": "Dashing\u0020kebbit",
    "category": -1,
    "minimapdot": false,
    "level": 0,
    "actions": ["Catch"],
    "coordinates": [[
      2367,
      3576
    ]],
    "models": [
      19389,
      19381,
      19384
    ]
  }
]