[
  {
    "id": 5552,
    "name": "Copper\u0020longtail",
    "category": 651,
    "minimapdot": false,
    "level": 0,
    "actions": [
      [
        2305,
        3593
      ],
      [
        2307,
        3596
      ],
      [
        2309,
        3593
      ],
      [
        2310,
        3587
      ],
      [
        2313,
        3584
      ],
      [
        2315,
        3587
      ],
      [
        2341,
        3599
      ],
      [
        2341,
        3604
      ],
      [
        2345,
        3601
      ],
      [
        2352,
        3584
      ],
      [
        2354,
        3587
      ],
      [
        2357,
        3584
      ],
      [
        2360,
        3591
      ],
      [
        2362,
        3588
      ],
      [
        2364,
        3591
      ]
    ],
    "coordinates": [
      [
        2305,
        3593
      ],
      [
        2307,
        3596
      ],
      [
        2309,
        3593
      ],
      [
        2310,
        3587
      ],
      [
        2313,
        3584
      ],
      [
        2315,
        3587
      ],
      [
        2341,
        3599
      ],
      [
        2341,
        3604
      ],
      [
        2345,
        3601
      ],
      [
        2352,
        3584
      ],
      [
        2354,
        3587
      ],
      [
        2357,
        3584
      ],
      [
        2360,
        3591
      ],
      [
        2362,
        3588
      ],
      [
        2364,
        3591
      ]
    ],
    "models": [
      26848,
      26844
    ]
  },
  {
    "id": 1346,
    "name": "Prickly\u0020kebbit",
    "category": 372,
    "minimapdot": false,
    "level": 0,
    "actions": [
      [
        2307,
        3605
      ],
      [
        2307,
        3606
      ],
      [
        2307,
        3620
      ],
      [
        2307,
        3621
      ],
      [
        2308,
        3642
      ],
      [
        2310,
        3642
      ],
      [
        2319,
        3595
      ],
      [
        2320,
        3595
      ],
      [
        2321,
        3643
      ],
      [
        2321,
        3644
      ],
      [
        2323,
        3614
      ],
      [
        2323,
        3628
      ],
      [
        2324,
        3614
      ],
      [
        2324,
        3628
      ],
      [
        2327,
        3635
      ],
      [
        2328,
        3635
      ],
      [
        2336,
        3631
      ],
      [
        2336,
        3632
      ],
      [
        2342,
        3641
      ],
      [
        2343,
        3641
      ]
    ],
    "coordinates": [
      [
        2307,
        3605
      ],
      [
        2307,
        3606
      ],
      [
        2307,
        3620
      ],
      [
        2307,
        3621
      ],
      [
        2308,
        3642
      ],
      [
        2310,
        3642
      ],
      [
        2319,
        3595
      ],
      [
        2320,
        3595
      ],
      [
        2321,
        3643
      ],
      [
        2321,
        3644
      ],
      [
        2323,
        3614
      ],
      [
        2323,
        3628
      ],
      [
        2324,
        3614
      ],
      [
        2324,
        3628
      ],
      [
        2327,
        3635
      ],
      [
        2328,
        3635
      ],
      [
        2336,
        3631
      ],
      [
        2336,
        3632
      ],
      [
        2342,
        3641
      ],
      [
        2343,
        3641
      ]
    ],
    "models": [
      19381,
      19388,
      19384
    ]
  },
  {
    "id": 5556,
    "name": "Ruby\u0020harvest",
    "category": -1,
    "minimapdot": false,
    "level": 0,
    "actions": ["Catch"],
    "coordinates": [
      [
        2311,
        3611
      ],
      [
        2315,
        3613
      ],
      [
        2316,
        3603
      ],
      [
        2319,
        3597
      ],
      [
        2321,
        3605
      ],
      [
        2324,
        3594
      ],
      [
        2325,
        3600
      ],
      [
        2328,
        3598
      ],
      [
        2334,
        3586
      ],
      [
        2338,
        3591
      ]
    ],
    "models": [3022]
  },
  {
    "id": 2910,
    "name": "Chinchompa",
    "category": 374,
    "minimapdot": false,
    "level": 1,
    "actions": ["Attack"],
    "coordinates": [
      [
        2314,
        3596
      ],
      [
        2316,
        3606
      ],
      [
        2321,
        3599
      ],
      [
        2321,
        3611
      ],
      [
        2330,
        3622
      ],
      [
        2332,
        3626
      ],
      [
        2334,
        3591
      ],
      [
        2339,
        3593
      ],
      [
        2339,
        3615
      ],
      [
        2341,
        3618
      ],
      [
        2342,
        3590
      ]
    ],
    "models": [19371]
  },
  {
    "id": 9392,
    "name": "Man",
    "category": -1,
    "minimapdot": false,
    "level": 0,
    "actions": [[
      2354,
      3608
    ]],
    "coordinates": [[
      2354,
      3608
    ]],
    "models": []
  },
  {
    "id": 4299,
    "name": "Kathy\u0020Corkat",
    "category": -1,
    "minimapdot": false,
    "level": 0,
    "actions": [
      "Talk-to",
      "Travel"
    ],
    "coordinates": [[
      2357,
      3640
    ]],
    "models": [
      399,
      14868,
      14862,
      14863,
      14867,
      14864
    ]
  }
]