[
  {
    "id": 5818,
    "name": "Iceberg",
    "category": -1,
    "minimapdot": false,
    "level": 0,
    "actions": [
      [
        2311,
        3866
      ],
      [
        2334,
        3875
      ],
      [
        2356,
        3879
      ]
    ],
    "coordinates": [
      [
        2311,
        3866
      ],
      [
        2334,
        3875
      ],
      [
        2356,
        3879
      ]
    ],
    "models": [19895]
  },
  {
    "id": 5817,
    "name": "Iceberg",
    "category": -1,
    "minimapdot": false,
    "level": 0,
    "actions": [
      [
        2317,
        3870
      ],
      [
        2327,
        3879
      ],
      [
        2337,
        3868
      ],
      [
        2342,
        3881
      ],
      [
        2366,
        3877
      ]
    ],
    "coordinates": [
      [
        2317,
        3870
      ],
      [
        2327,
        3879
      ],
      [
        2337,
        3868
      ],
      [
        2342,
        3881
      ],
      [
        2366,
        3877
      ]
    ],
    "models": [19892]
  },
  {
    "id": 5830,
    "name": "Ice\u0020troll\u0020female",
    "category": 414,
    "minimapdot": false,
    "level": 82,
    "actions": ["Attack"],
    "coordinates": [
      [
        2318,
        3891
      ],
      [
        2321,
        3894
      ],
      [
        2327,
        3858
      ],
      [
        2342,
        3894
      ],
      [
        2343,
        3890
      ],
      [
        2346,
        3863
      ],
      [
        2355,
        3865
      ],
      [
        2361,
        3894
      ],
      [
        2362,
        3890
      ]
    ],
    "models": [
      4941,
      4944,
      3755,
      3765
    ]
  },
  {
    "id": 5829,
    "name": "Ice\u0020troll\u0020male",
    "category": 309,
    "minimapdot": false,
    "level": 82,
    "actions": ["Attack"],
    "coordinates": [
      [
        2320,
        3889
      ],
      [
        2324,
        3860
      ],
      [
        2343,
        3861
      ],
      [
        2344,
        3893
      ],
      [
        2351,
        3865
      ],
      [
        2359,
        3892
      ]
    ],
    "models": [
      4942,
      4943,
      3756,
      3763
    ]
  },
  {
    "id": 5828,
    "name": "Ice\u0020troll\u0020runt",
    "category": 309,
    "minimapdot": false,
    "level": 74,
    "actions": ["Attack"],
    "coordinates": [
      [
        2321,
        3891
      ],
      [
        2325,
        3862
      ],
      [
        2340,
        3892
      ],
      [
        2341,
        3862
      ],
      [
        2354,
        3863
      ],
      [
        2362,
        3892
      ]
    ],
    "models": [
      4942,
      4943,
      3756,
      3763
    ]
  },
  {
    "id": 5831,
    "name": "Ice\u0020troll\u0020grunt",
    "category": 309,
    "minimapdot": false,
    "level": 100,
    "actions": ["Attack"],
    "coordinates": [
      [
        2323,
        3892
      ],
      [
        2341,
        3890
      ],
      [
        2364,
        3891
      ]
    ],
    "models": [
      21921,
      3759,
      21918
    ]
  }
]