[{
  "id": 498,
  "name": "Smoke\u0020devil",
  "category": -1,
  "minimapdot": false,
  "level": 160,
  "actions": ["Attack"],
  "coordinates": [
    [
      2368,
      9442
    ],
    [
      2370,
      9449
    ],
    [
      2380,
      9429
    ],
    [
      2382,
      9458
    ],
    [
      2382,
      9465
    ],
    [
      2383,
      9444
    ],
    [
      2384,
      9434
    ],
    [
      2384,
      9452
    ],
    [
      2390,
      9459
    ],
    [
      2391,
      9422
    ],
    [
      2391,
      9443
    ],
    [
      2393,
      9437
    ],
    [
      2395,
      9450
    ],
    [
      2396,
      9430
    ],
    [
      2398,
      9442
    ],
    [
      2399,
      9459
    ],
    [
      2401,
      9421
    ],
    [
      2402,
      9448
    ],
    [
      2404,
      9454
    ],
    [
      2405,
      9438
    ],
    [
      2406,
      9433
    ],
    [
      2409,
      9461
    ],
    [
      2410,
      9452
    ],
    [
      2412,
      9421
    ],
    [
      2412,
      9427
    ],
    [
      2413,
      9433
    ],
    [
      2413,
      9444
    ],
    [
      2417,
      9455
    ],
    [
      2419,
      9424
    ],
    [
      2419,
      9435
    ],
    [
      2421,
      9460
    ],
    [
      2422,
      9448
    ]
  ],
  "models": [28442]
}]