[
  {
    "id": 2082,
    "name": "Fire\u0020giant",
    "category": 346,
    "minimapdot": false,
    "level": 86,
    "actions": ["Attack"],
    "coordinates": [
      [
        2391,
        9781
      ],
      [
        2399,
        9770
      ],
      [
        2402,
        9780
      ],
      [
        2412,
        9774
      ]
    ],
    "models": [
      17451,
      17435
    ]
  },
  {
    "id": 2081,
    "name": "Fire\u0020giant",
    "category": 346,
    "minimapdot": false,
    "level": 86,
    "actions": ["Attack"],
    "coordinates": [
      [
        2392,
        9785
      ],
      [
        2395,
        9771
      ],
      [
        2400,
        9777
      ],
      [
        2410,
        9777
      ]
    ],
    "models": [
      17451,
      17438
    ]
  },
  {
    "id": 2083,
    "name": "Fire\u0020giant",
    "category": 346,
    "minimapdot": false,
    "level": 86,
    "actions": ["Attack"],
    "coordinates": [
      [
        2394,
        9778
      ],
      [
        2401,
        9784
      ],
      [
        2403,
        9769
      ],
      [
        2415,
        9772
      ]
    ],
    "models": [
      17452,
      17437
    ]
  },
  {
    "id": 105,
    "name": "Hellhound",
    "category": 217,
    "minimapdot": false,
    "level": 122,
    "actions": ["Attack"],
    "coordinates": [
      [
        2409,
        9786
      ],
      [
        2412,
        9784
      ],
      [
        2415,
        9786
      ],
      [
        2426,
        9773
      ],
      [
        2426,
        9782
      ],
      [
        2429,
        9770
      ],
      [
        2429,
        9786
      ],
      [
        2430,
        9775
      ]
    ],
    "models": [26256]
  }
]