[
  {
    "id": 886,
    "name": "Scarg",
    "category": -1,
    "minimapdot": false,
    "level": 0,
    "actions": ["Talk-to"],
    "coordinates": [[
      2380,
      3043
    ]],
    "models": [
      3442,
      2878
    ]
  },
  {
    "id": 1473,
    "name": "Swamp\u0020toad",
    "category": -1,
    "minimapdot": false,
    "level": 0,
    "actions": ["Inflate"],
    "coordinates": [
      [
        2391,
        3053
      ],
      [
        2392,
        3051
      ],
      [
        2394,
        3043
      ],
      [
        2394,
        3045
      ],
      [
        2394,
        3052
      ],
      [
        2394,
        3056
      ],
      [
        2397,
        3040
      ],
      [
        2397,
        3053
      ],
      [
        2398,
        3047
      ],
      [
        2399,
        3046
      ],
      [
        2400,
        3040
      ],
      [
        2402,
        3042
      ]
    ],
    "models": [3447]
  },
  {
    "id": 7654,
    "name": "Breive",
    "category": 922,
    "minimapdot": false,
    "level": 0,
    "actions": ["Talk-to"],
    "coordinates": [[
      2410,
      3060
    ]],
    "models": [
      6848,
      11190,
      18490,
      14321,
      173,
      10218,
      15005,
      185,
      26096
    ]
  },
  {
    "id": 885,
    "name": "Gargh",
    "category": -1,
    "minimapdot": false,
    "level": 0,
    "actions": ["Talk-to"],
    "coordinates": [[
      2411,
      3044
    ]],
    "models": [
      2878,
      3442
    ]
  }
]