[
  {
    "id": 2103,
    "name": "Hill\u0020Giant",
    "category": 346,
    "minimapdot": false,
    "level": 28,
    "actions": ["Attack"],
    "coordinates": [[
      2369,
      3394
    ]],
    "models": [
      17463,
      17447,
      17434,
      17467,
      17460
    ]
  },
  {
    "id": 2099,
    "name": "Hill\u0020Giant",
    "category": 346,
    "minimapdot": false,
    "level": 28,
    "actions": ["Attack"],
    "coordinates": [[
      2369,
      3401
    ]],
    "models": [
      17462,
      17446,
      17441,
      17466,
      17460
    ]
  },
  {
    "id": 2098,
    "name": "Hill\u0020Giant",
    "category": 346,
    "minimapdot": false,
    "level": 28,
    "actions": ["Attack"],
    "coordinates": [[
      2369,
      3404
    ]],
    "models": [
      17463,
      17446,
      17430,
      17466,
      17460
    ]
  },
  {
    "id": 6171,
    "name": "Gnome\u0020guard",
    "category": 885,
    "minimapdot": false,
    "level": 665,
    "actions": [
      [
        2369,
        3428
      ],
      [
        2378,
        3416
      ],
      [
        2393,
        3427
      ]
    ],
    "coordinates": [
      [
        2369,
        3428
      ],
      [
        2378,
        3416
      ],
      [
        2393,
        3427
      ]
    ],
    "models": []
  },
  {
    "id": 2101,
    "name": "Hill\u0020Giant",
    "category": 346,
    "minimapdot": false,
    "level": 28,
    "actions": ["Attack"],
    "coordinates": [[
      2371,
      3398
    ]],
    "models": [
      17462,
      17447,
      17440,
      17467,
      17460
    ]
  },
  {
    "id": 2102,
    "name": "Hill\u0020Giant",
    "category": 346,
    "minimapdot": false,
    "level": 28,
    "actions": ["Attack"],
    "coordinates": [[
      2372,
      3395
    ]],
    "models": [
      17464,
      17447,
      17431,
      17466,
      17460
    ]
  },
  {
    "id": 2100,
    "name": "Hill\u0020Giant",
    "category": 346,
    "minimapdot": false,
    "level": 28,
    "actions": ["Attack"],
    "coordinates": [[
      2372,
      3401
    ]],
    "models": [
      17464,
      17446,
      17434,
      17467,
      17460
    ]
  },
  {
    "id": 2064,
    "name": "Terrorbird",
    "category": 458,
    "minimapdot": false,
    "level": 28,
    "actions": ["Attack"],
    "coordinates": [
      [
        2375,
        3432
      ],
      [
        2375,
        3440
      ],
      [
        2378,
        3431
      ],
      [
        2380,
        3436
      ]
    ],
    "models": [26856]
  },
  {
    "id": 2066,
    "name": "Terrorbird",
    "category": 458,
    "minimapdot": false,
    "level": 28,
    "actions": ["Attack"],
    "coordinates": [
      [
        2375,
        3435
      ],
      [
        2382,
        3430
      ]
    ],
    "models": [26856]
  },
  {
    "id": 6095,
    "name": "Gnome",
    "category": 354,
    "minimapdot": false,
    "level": 1,
    "actions": [
      "Talk-to",
      "Attack",
      "Pickpocket"
    ],
    "coordinates": [
      [
        2377,
        3442
      ],
      [
        2380,
        3425
      ],
      [
        2383,
        3433
      ],
      [
        2405,
        3447
      ],
      [
        2406,
        3440
      ]
    ],
    "models": [
      2909,
      2890,
      2915
    ]
  },
  {
    "id": 235,
    "name": "Butterfly",
    "category": 248,
    "minimapdot": false,
    "level": 0,
    "actions": [
      [
        2378,
        3418
      ],
      [
        2380,
        3422
      ],
      [
        2393,
        3442
      ],
      [
        2397,
        3440
      ],
      [
        2423,
        3399
      ],
      [
        2425,
        3406
      ],
      [
        2427,
        3402
      ]
    ],
    "coordinates": [
      [
        2378,
        3418
      ],
      [
        2380,
        3422
      ],
      [
        2393,
        3442
      ],
      [
        2397,
        3440
      ],
      [
        2423,
        3399
      ],
      [
        2425,
        3406
      ],
      [
        2427,
        3402
      ]
    ],
    "models": [3023]
  },
  {
    "id": 6096,
    "name": "Gnome",
    "category": 354,
    "minimapdot": false,
    "level": 1,
    "actions": [
      "Talk-to",
      "Attack",
      "Pickpocket"
    ],
    "coordinates": [
      [
        2378,
        3423
      ],
      [
        2393,
        3435
      ],
      [
        2394,
        3425
      ],
      [
        2395,
        3449
      ],
      [
        2403,
        3433
      ],
      [
        2420,
        3429
      ],
      [
        2420,
        3438
      ]
    ],
    "models": [
      2909,
      2890,
      2915
    ]
  },
  {
    "id": 2065,
    "name": "Terrorbird",
    "category": 458,
    "minimapdot": false,
    "level": 28,
    "actions": ["Attack"],
    "coordinates": [
      [
        2378,
        3429
      ],
      [
        2379,
        3439
      ],
      [
        2382,
        3436
      ]
    ],
    "models": [26856]
  },
  {
    "id": 2571,
    "name": "Meegle",
    "category": 354,
    "minimapdot": false,
    "level": 0,
    "actions": ["Talk-to"],
    "coordinates": [[
      2378,
      3433
    ]],
    "models": [
      17018,
      14824,
      14825,
      17032
    ]
  },
  {
    "id": 2067,
    "name": "Mounted\u0020terrorbird\u0020gnome",
    "category": 354,
    "minimapdot": false,
    "level": 31,
    "actions": ["Attack"],
    "coordinates": [
      [
        2381,
        3428
      ],
      [
        2392,
        3405
      ],
      [
        2413,
        3397
      ],
      [
        2415,
        3408
      ]
    ],
    "models": [26858]
  },
  {
    "id": 1506,
    "name": "Rod\u0020Fishing\u0020spot",
    "category": 280,
    "minimapdot": false,
    "level": 0,
    "actions": [
      "Lure",
      "Bait"
    ],
    "coordinates": [
      [
        2382,
        3414
      ],
      [
        2383,
        3418
      ],
      [
        2385,
        3410
      ],
      [
        2385,
        3423
      ],
      [
        2389,
        3423
      ],
      [
        2390,
        3407
      ],
      [
        2391,
        3421
      ]
    ],
    "models": [1491]
  },
  {
    "id": 6094,
    "name": "Gnome",
    "category": 354,
    "minimapdot": false,
    "level": 1,
    "actions": [
      "Talk-to",
      "Attack",
      "Pickpocket"
    ],
    "coordinates": [
      [
        2383,
        3452
      ],
      [
        2401,
        3417
      ],
      [
        2402,
        3422
      ],
      [
        2402,
        3441
      ],
      [
        2403,
        3430
      ],
      [
        2408,
        3441
      ],
      [
        2409,
        3430
      ],
      [
        2423,
        3426
      ],
      [
        2427,
        3428
      ],
      [
        2427,
        3440
      ]
    ],
    "models": [
      2909,
      2890,
      2915
    ]
  },
  {
    "id": 1838,
    "name": "Duck",
    "category": 425,
    "minimapdot": false,
    "level": 1,
    "actions": ["Attack"],
    "coordinates": [
      [
        2391,
        3413
      ],
      [
        2395,
        3412
      ],
      [
        2401,
        3409
      ],
      [
        2402,
        3409
      ],
      [
        2404,
        3406
      ]
    ],
    "models": [26873]
  },
  {
    "id": 6081,
    "name": "Gnome\u0020guard",
    "category": 354,
    "minimapdot": false,
    "level": 23,
    "actions": ["Attack"],
    "coordinates": [
      [
        2392,
        3454
      ],
      [
        2394,
        3436
      ],
      [
        2408,
        3452
      ],
      [
        2421,
        3413
      ]
    ],
    "models": [
      2909,
      2893,
      2915
    ]
  },
  {
    "id": 1839,
    "name": "Duck",
    "category": 425,
    "minimapdot": false,
    "level": 1,
    "actions": ["Attack"],
    "coordinates": [[
      2393,
      3411
    ]],
    "models": [26870]
  },
  {
    "id": 2002,
    "name": "Ducklings",
    "category": 426,
    "minimapdot": false,
    "level": 0,
    "actions": [[
      2393,
      3412
    ]],
    "coordinates": [[
      2393,
      3412
    ]],
    "models": [26871]
  },
  {
    "id": 6082,
    "name": "Gnome\u0020guard",
    "category": 354,
    "minimapdot": false,
    "level": 23,
    "actions": ["Attack"],
    "coordinates": [
      [
        2410,
        3416
      ],
      [
        2420,
        3435
      ],
      [
        2420,
        3447
      ],
      [
        2427,
        3410
      ]
    ],
    "models": [
      2909,
      2892,
      2922
    ]
  },
  {
    "id": 234,
    "name": "Butterfly",
    "category": 248,
    "minimapdot": false,
    "level": 0,
    "actions": [
      [
        2416,
        3404
      ],
      [
        2424,
        3410
      ],
      [
        2430,
        3405
      ]
    ],
    "coordinates": [
      [
        2416,
        3404
      ],
      [
        2424,
        3410
      ],
      [
        2430,
        3405
      ]
    ],
    "models": [3022]
  }
]