[
  {
    "id": 3017,
    "name": "Giant\u0020spider",
    "category": 384,
    "minimapdot": false,
    "level": 2,
    "actions": ["Attack"],
    "coordinates": [
      [
        2369,
        3374
      ],
      [
        2372,
        3379
      ],
      [
        2378,
        3366
      ],
      [
        2379,
        3378
      ],
      [
        2387,
        3370
      ],
      [
        2394,
        3365
      ],
      [
        2402,
        3386
      ],
      [
        2405,
        3381
      ],
      [
        2407,
        3387
      ],
      [
        2412,
        3384
      ]
    ],
    "models": [
      20309,
      20311
    ]
  },
  {
    "id": 3045,
    "name": "Goblin",
    "category": 311,
    "minimapdot": false,
    "level": 5,
    "actions": ["Attack"],
    "coordinates": [
      [
        2373,
        3333
      ],
      [
        2385,
        3339
      ],
      [
        2394,
        3334
      ]
    ],
    "models": [
      24455,
      24482,
      24431,
      24474,
      24441,
      24448,
      24507
    ]
  },
  {
    "id": 106,
    "name": "Wolf",
    "category": 310,
    "minimapdot": false,
    "level": 64,
    "actions": ["Attack"],
    "coordinates": [
      [
        2379,
        3344
      ],
      [
        2395,
        3340
      ],
      [
        2398,
        3330
      ],
      [
        2406,
        3329
      ]
    ],
    "models": [26266]
  },
  {
    "id": 2838,
    "name": "Grizzly\u0020bear",
    "category": 438,
    "minimapdot": false,
    "level": 21,
    "actions": ["Attack"],
    "coordinates": [
      [
        2387,
        3376
      ],
      [
        2398,
        3366
      ],
      [
        2412,
        3378
      ],
      [
        2419,
        3372
      ]
    ],
    "models": [
      18884,
      18886
    ]
  },
  {
    "id": 6094,
    "name": "Gnome",
    "category": 354,
    "minimapdot": false,
    "level": 1,
    "actions": [
      "Talk-to",
      "Attack",
      "Pickpocket"
    ],
    "coordinates": [[
      2399,
      3356
    ]],
    "models": [
      2909,
      2890,
      2915
    ]
  },
  {
    "id": 6095,
    "name": "Gnome",
    "category": 354,
    "minimapdot": false,
    "level": 1,
    "actions": [
      "Talk-to",
      "Attack",
      "Pickpocket"
    ],
    "coordinates": [[
      2400,
      3356
    ]],
    "models": [
      2909,
      2890,
      2915
    ]
  },
  {
    "id": 6096,
    "name": "Gnome",
    "category": 354,
    "minimapdot": false,
    "level": 1,
    "actions": [
      "Talk-to",
      "Attack",
      "Pickpocket"
    ],
    "coordinates": [[
      2401,
      3357
    ]],
    "models": [
      2909,
      2890,
      2915
    ]
  }
]