[
  {
    "id": 6207,
    "name": "Kathy\u0020Corkat",
    "category": -1,
    "minimapdot": false,
    "level": 1,
    "actions": [[
      2368,
      3486
    ]],
    "coordinates": [[
      2368,
      3486
    ]],
    "models": []
  },
  {
    "id": 4297,
    "name": "Devin\u0020Mendelberg",
    "category": -1,
    "minimapdot": false,
    "level": 1,
    "actions": [[
      2370,
      3484
    ]],
    "coordinates": [[
      2370,
      3484
    ]],
    "models": []
  },
  {
    "id": 237,
    "name": "Butterfly",
    "category": 248,
    "minimapdot": false,
    "level": 0,
    "actions": [
      [
        2371,
        3460
      ],
      [
        2372,
        3456
      ],
      [
        2422,
        3467
      ]
    ],
    "coordinates": [
      [
        2371,
        3460
      ],
      [
        2372,
        3456
      ],
      [
        2422,
        3467
      ]
    ],
    "models": [3023]
  },
  {
    "id": 236,
    "name": "Butterfly",
    "category": 248,
    "minimapdot": false,
    "level": 0,
    "actions": [
      [
        2374,
        3469
      ],
      [
        2376,
        3466
      ]
    ],
    "coordinates": [
      [
        2374,
        3469
      ],
      [
        2376,
        3466
      ]
    ],
    "models": [3023]
  },
  {
    "id": 6087,
    "name": "Gnome\u0020woman",
    "category": 354,
    "minimapdot": false,
    "level": 1,
    "actions": [
      "Talk-to",
      "Attack",
      "Pickpocket"
    ],
    "coordinates": [
      [
        2378,
        3482
      ],
      [
        2383,
        3496
      ],
      [
        2402,
        3507
      ],
      [
        2406,
        3476
      ],
      [
        2422,
        3485
      ]
    ],
    "models": [
      2911,
      2907,
      2917
    ]
  },
  {
    "id": 6086,
    "name": "Gnome\u0020woman",
    "category": 354,
    "minimapdot": false,
    "level": 1,
    "actions": [
      "Talk-to",
      "Attack",
      "Pickpocket"
    ],
    "coordinates": [
      [
        2379,
        3482
      ],
      [
        2381,
        3496
      ],
      [
        2384,
        3497
      ],
      [
        2391,
        3476
      ],
      [
        2410,
        3496
      ],
      [
        2421,
        3481
      ]
    ],
    "models": [
      2911,
      2907,
      2917
    ]
  },
  {
    "id": 4973,
    "name": "Gnome\u0020troop",
    "category": 354,
    "minimapdot": false,
    "level": 1,
    "actions": [
      "Talk-to",
      "Attack"
    ],
    "coordinates": [
      [
        2384,
        3481
      ],
      [
        2388,
        3473
      ]
    ],
    "models": [
      2914,
      2903,
      2919
    ]
  },
  {
    "id": 3157,
    "name": "Gnome\u0020ball\u0020referee",
    "category": -1,
    "minimapdot": false,
    "level": 0,
    "actions": ["Talk-to"],
    "coordinates": [[
      2384,
      3488
    ]],
    "models": [
      2909,
      2900,
      2915
    ]
  },
  {
    "id": 3151,
    "name": "Gnome\u0020baller",
    "category": -1,
    "minimapdot": false,
    "level": 0,
    "actions": ["Tackle"],
    "coordinates": [
      [
        2391,
        3484
      ],
      [
        2391,
        3487
      ],
      [
        2391,
        3489
      ],
      [
        2391,
        3492
      ]
    ],
    "models": [
      2914,
      2905,
      2924
    ]
  },
  {
    "id": 6077,
    "name": "Gnome\u0020child",
    "category": 354,
    "minimapdot": false,
    "level": 1,
    "actions": [
      "Talk-to",
      "Attack",
      "Pickpocket"
    ],
    "coordinates": [
      [
        2392,
        3475
      ],
      [
        2394,
        3506
      ],
      [
        2396,
        3471
      ],
      [
        2405,
        3499
      ],
      [
        2416,
        3487
      ]
    ],
    "models": [
      2909,
      2899,
      2918
    ]
  },
  {
    "id": 3155,
    "name": "Gnome\u0020winger",
    "category": -1,
    "minimapdot": false,
    "level": 0,
    "actions": ["Pass-to"],
    "coordinates": [
      [
        2393,
        3483
      ],
      [
        2393,
        3493
      ]
    ],
    "models": [
      2914,
      2905,
      2924
    ]
  },
  {
    "id": 3158,
    "name": "Cheerleader",
    "category": -1,
    "minimapdot": false,
    "level": 0,
    "actions": ["Talk-to"],
    "coordinates": [
      [
        2395,
        3495
      ],
      [
        2397,
        3495
      ]
    ],
    "models": [
      2913,
      2904,
      2923
    ]
  },
  {
    "id": 6116,
    "name": "Mysterious\u0020ghost",
    "category": -1,
    "minimapdot": false,
    "level": 1,
    "actions": [[
      2396,
      3481
    ]],
    "coordinates": [[
      2396,
      3481
    ]],
    "models": []
  },
  {
    "id": 3147,
    "name": "Gnome\u0020baller",
    "category": -1,
    "minimapdot": false,
    "level": 0,
    "actions": ["Tackle"],
    "coordinates": [
      [
        2396,
        3485
      ],
      [
        2396,
        3487
      ],
      [
        2396,
        3489
      ],
      [
        2396,
        3491
      ]
    ],
    "models": [
      2914,
      2905,
      2924
    ]
  },
  {
    "id": 3143,
    "name": "Gnome\u0020baller",
    "category": -1,
    "minimapdot": false,
    "level": 0,
    "actions": ["Tackle"],
    "coordinates": [
      [
        2400,
        3483
      ],
      [
        2400,
        3485
      ],
      [
        2400,
        3487
      ],
      [
        2400,
        3489
      ],
      [
        2400,
        3491
      ],
      [
        2400,
        3493
      ]
    ],
    "models": [
      2914,
      2905,
      2924
    ]
  },
  {
    "id": 3142,
    "name": "Gnome\u0020Coach",
    "category": -1,
    "minimapdot": false,
    "level": 0,
    "actions": ["Talk-to"],
    "coordinates": [[
      2406,
      3498
    ]],
    "models": [
      9832,
      4245,
      2915,
      9833
    ]
  },
  {
    "id": 4974,
    "name": "Gnome\u0020troop",
    "category": 354,
    "minimapdot": false,
    "level": 1,
    "actions": [
      "Talk-to",
      "Attack"
    ],
    "coordinates": [[
      2409,
      3507
    ]],
    "models": [
      2914,
      2903,
      2919
    ]
  },
  {
    "id": 2573,
    "name": "Sarble",
    "category": 354,
    "minimapdot": false,
    "level": 0,
    "actions": ["Talk-to"],
    "coordinates": [[
      2417,
      3517
    ]],
    "models": [
      17018,
      16993,
      14825
    ]
  },
  {
    "id": 235,
    "name": "Butterfly",
    "category": 248,
    "minimapdot": false,
    "level": 0,
    "actions": [[
      2422,
      3489
    ]],
    "coordinates": [[
      2422,
      3489
    ]],
    "models": [3023]
  }
]