[
  {
    "id": 5532,
    "name": "Dark\u0020kebbit",
    "category": -1,
    "minimapdot": false,
    "level": 0,
    "actions": ["Catch"],
    "coordinates": [
      [
        2368,
        3589
      ],
      [
        2368,
        3594
      ],
      [
        2388,
        3590
      ],
      [
        2389,
        3598
      ]
    ],
    "models": [
      19381,
      19389,
      19384
    ]
  },
  {
    "id": 5531,
    "name": "Spotted\u0020kebbit",
    "category": -1,
    "minimapdot": false,
    "level": 0,
    "actions": ["Catch"],
    "coordinates": [
      [
        2370,
        3587
      ],
      [
        2370,
        3591
      ],
      [
        2372,
        3584
      ],
      [
        2379,
        3585
      ],
      [
        2382,
        3584
      ],
      [
        2384,
        3586
      ],
      [
        2391,
        3592
      ]
    ],
    "models": [
      19381,
      19389,
      19384
    ]
  },
  {
    "id": 1340,
    "name": "Matthias",
    "category": -1,
    "minimapdot": false,
    "level": 0,
    "actions": ["Talk-to"],
    "coordinates": [[
      2376,
      3606
    ]],
    "models": [
      10981,
      251,
      293,
      323,
      169,
      19954,
      274,
      185
    ]
  },
  {
    "id": 5533,
    "name": "Dashing\u0020kebbit",
    "category": -1,
    "minimapdot": false,
    "level": 0,
    "actions": ["Catch"],
    "coordinates": [[
      2390,
      3588
    ]],
    "models": [
      19389,
      19381,
      19384
    ]
  }
]