[
  {
    "id": 5828,
    "name": "Ice\u0020troll\u0020runt",
    "category": 309,
    "minimapdot": false,
    "level": 74,
    "actions": ["Attack"],
    "coordinates": [[
      2370,
      3833
    ]],
    "models": [
      4942,
      4943,
      3756,
      3763
    ]
  },
  {
    "id": 5830,
    "name": "Ice\u0020troll\u0020female",
    "category": 414,
    "minimapdot": false,
    "level": 82,
    "actions": ["Attack"],
    "coordinates": [[
      2372,
      3833
    ]],
    "models": [
      4941,
      4944,
      3755,
      3765
    ]
  },
  {
    "id": 1950,
    "name": "Guard",
    "category": 415,
    "minimapdot": false,
    "level": 0,
    "actions": ["Talk-to"],
    "coordinates": [
      [
        2387,
        3797
      ],
      [
        2387,
        3800
      ],
      [
        2411,
        3795
      ],
      [
        2414,
        3795
      ],
      [
        2414,
        3824
      ],
      [
        2417,
        3824
      ]
    ],
    "models": [
      4219,
      230,
      11750,
      292,
      317,
      162,
      179,
      4236,
      517,
      4226,
      4218
    ]
  },
  {
    "id": 1951,
    "name": "Freygerd",
    "category": -1,
    "minimapdot": false,
    "level": 0,
    "actions": ["Talk-to"],
    "coordinates": [[
      2390,
      3801
    ]],
    "models": [
      387,
      343,
      456,
      421,
      353,
      479,
      361
    ]
  },
  {
    "id": 1993,
    "name": "Miner",
    "category": 415,
    "minimapdot": false,
    "level": 0,
    "actions": ["Talk-to"],
    "coordinates": [
      [
        2392,
        3800
      ],
      [
        2409,
        3820
      ],
      [
        2412,
        3801
      ]
    ],
    "models": [
      211,
      246,
      10984,
      10980,
      10218,
      509,
      5218
    ]
  },
  {
    "id": 6712,
    "name": "Guard",
    "category": 885,
    "minimapdot": false,
    "level": 665,
    "actions": [
      [
        2393,
        3801
      ],
      [
        2405,
        3808
      ],
      [
        2413,
        3803
      ],
      [
        2413,
        3819
      ]
    ],
    "coordinates": [
      [
        2393,
        3801
      ],
      [
        2405,
        3808
      ],
      [
        2413,
        3803
      ],
      [
        2413,
        3819
      ]
    ],
    "models": []
  },
  {
    "id": 1944,
    "name": "Skuli\u0020Myrka",
    "category": -1,
    "minimapdot": false,
    "level": 0,
    "actions": [
      "Talk-to",
      "Trade"
    ],
    "coordinates": [[
      2394,
      3805
    ]],
    "models": [
      4220,
      252,
      299,
      162,
      179,
      4226,
      4218,
      550,
      4221,
      4219
    ]
  },
  {
    "id": 1943,
    "name": "Raum\u0020Urda-Stein",
    "category": -1,
    "minimapdot": false,
    "level": 0,
    "actions": [
      "Talk-to",
      "Trade"
    ],
    "coordinates": [[
      2396,
      3798
    ]],
    "models": [
      221,
      252,
      292,
      162,
      179,
      4226,
      4218,
      563,
      317
    ]
  },
  {
    "id": 1941,
    "name": "Hring\u0020Hring",
    "category": -1,
    "minimapdot": false,
    "level": 0,
    "actions": [
      "Talk-to",
      "Trade"
    ],
    "coordinates": [[
      2398,
      3798
    ]],
    "models": [
      214,
      252,
      5673,
      5667,
      4226,
      18128,
      5725,
      542
    ]
  },
  {
    "id": 1998,
    "name": "Gruva\u0020Patrull",
    "category": 415,
    "minimapdot": false,
    "level": 0,
    "actions": ["Talk-to"],
    "coordinates": [[
      2398,
      3814
    ]],
    "models": [
      4219,
      230,
      11750,
      292,
      317,
      162,
      179,
      4236,
      517,
      4226,
      4218
    ]
  },
  {
    "id": 5820,
    "name": "Fishing\u0020spot",
    "category": 281,
    "minimapdot": false,
    "level": 0,
    "actions": [
      "Cage",
      "Harpoon"
    ],
    "coordinates": [
      [
        2401,
        3781
      ],
      [
        2414,
        3780
      ],
      [
        2414,
        3783
      ],
      [
        2419,
        3789
      ],
      [
        2424,
        3782
      ]
    ],
    "models": [1491]
  },
  {
    "id": 1991,
    "name": "Sassilik",
    "category": -1,
    "minimapdot": false,
    "level": 0,
    "actions": ["Talk-to"],
    "coordinates": [[
      2402,
      3802
    ]],
    "models": [
      382,
      483,
      456,
      479,
      348,
      353,
      421,
      358
    ]
  },
  {
    "id": 5821,
    "name": "Fishing\u0020spot",
    "category": 282,
    "minimapdot": false,
    "level": 0,
    "actions": [
      "Net",
      "Harpoon"
    ],
    "coordinates": [
      [
        2403,
        3778
      ],
      [
        2409,
        3780
      ],
      [
        2409,
        3783
      ],
      [
        2419,
        3783
      ],
      [
        2422,
        3789
      ]
    ],
    "models": [1491]
  },
  {
    "id": 1997,
    "name": "Eric",
    "category": -1,
    "minimapdot": false,
    "level": 0,
    "actions": ["Talk-to"],
    "coordinates": [[
      2403,
      3809
    ]],
    "models": [
      215,
      185,
      249,
      310,
      173,
      176,
      275
    ]
  },
  {
    "id": 1990,
    "name": "Vanligga\u0020Gastfrihet",
    "category": -1,
    "minimapdot": false,
    "level": 0,
    "actions": ["Talk-to"],
    "coordinates": [[
      2404,
      3813
    ]],
    "models": [
      383,
      343,
      456,
      421,
      353,
      479,
      361,
      417
    ]
  },
  {
    "id": 2000,
    "name": "Grundt",
    "category": -1,
    "minimapdot": false,
    "level": 0,
    "actions": ["Talk-to"],
    "coordinates": [[
      2406,
      3816
    ]],
    "models": [
      2974,
      7072,
      7063,
      2978,
      7044,
      2985
    ]
  },
  {
    "id": 1897,
    "name": "King\u0020Gjuki\u0020Sorvott\u0020IV",
    "category": -1,
    "minimapdot": false,
    "level": 0,
    "actions": ["Talk-to"],
    "coordinates": [[
      2407,
      3802
    ]],
    "models": [
      192,
      206,
      252,
      10984,
      323,
      10301,
      177,
      4226,
      4218
    ]
  },
  {
    "id": 1898,
    "name": "HRH\u0020Hrafn",
    "category": -1,
    "minimapdot": false,
    "level": 0,
    "actions": ["Talk-to"],
    "coordinates": [[
      2408,
      3802
    ]],
    "models": [
      9427,
      9425
    ]
  },
  {
    "id": 1949,
    "name": "Guard",
    "category": 415,
    "minimapdot": false,
    "level": 0,
    "actions": ["Talk-to"],
    "coordinates": [[
      2408,
      3806
    ]],
    "models": [
      4219,
      230,
      11750,
      292,
      317,
      162,
      179,
      542,
      517,
      4226,
      4218
    ]
  },
  {
    "id": 1999,
    "name": "Brendt",
    "category": -1,
    "minimapdot": false,
    "level": 0,
    "actions": ["Talk-to"],
    "coordinates": [[
      2408,
      3815
    ]],
    "models": [
      2974,
      7069,
      7059,
      2978,
      7045,
      2985
    ]
  },
  {
    "id": 1899,
    "name": "Thorkel\u0020Silkbeard",
    "category": -1,
    "minimapdot": false,
    "level": 0,
    "actions": ["Talk-to"],
    "coordinates": [[
      2409,
      3804
    ]],
    "models": [
      215,
      244,
      249,
      21884,
      162,
      179,
      4226,
      4218
    ]
  },
  {
    "id": 1952,
    "name": "Lensa",
    "category": -1,
    "minimapdot": false,
    "level": 0,
    "actions": ["Talk-to"],
    "coordinates": [[
      2412,
      3808
    ]],
    "models": [
      382,
      470,
      343,
      353,
      421,
      358,
      479
    ]
  },
  {
    "id": 1946,
    "name": "Magnus\u0020Gram",
    "category": 249,
    "minimapdot": false,
    "level": 1,
    "actions": [[
      2416,
      3799
    ]],
    "coordinates": [[
      2416,
      3799
    ]],
    "models": []
  },
  {
    "id": 1945,
    "name": "Keepa\u0020Kettilon",
    "category": -1,
    "minimapdot": false,
    "level": 0,
    "actions": [
      "Talk-to",
      "Trade"
    ],
    "coordinates": [[
      2417,
      3817
    ]],
    "models": [
      199,
      206,
      10039,
      14791,
      162,
      179,
      12765,
      12750,
      181
    ]
  },
  {
    "id": 1942,
    "name": "Flosi\u0020Dalksson",
    "category": -1,
    "minimapdot": false,
    "level": 0,
    "actions": [
      "Talk-to",
      "Trade"
    ],
    "coordinates": [[
      2418,
      3813
    ]],
    "models": [
      217,
      252,
      292,
      305,
      162,
      179,
      12769,
      4226,
      4218
    ]
  },
  {
    "id": 1940,
    "name": "Mord\u0020Gunnars",
    "category": -1,
    "minimapdot": false,
    "level": 0,
    "actions": [
      "Talk-to",
      "Rellekka"
    ],
    "coordinates": [[
      2421,
      3781
    ]],
    "models": [
      208,
      252,
      299,
      162,
      179,
      4226,
      4218,
      3877,
      317
    ]
  }
]