[
  {
    "id": 5853,
    "name": "Baby\u0020tanglefoot",
    "category": 714,
    "minimapdot": false,
    "level": 45,
    "actions": ["Attack"],
    "coordinates": [
      [
        2373,
        4387
      ],
      [
        2373,
        4391
      ],
      [
        2377,
        4376
      ],
      [
        2377,
        4386
      ],
      [
        2392,
        4379
      ]
    ],
    "models": [11979]
  },
  {
    "id": 5854,
    "name": "Baby\u0020tanglefoot",
    "category": 714,
    "minimapdot": false,
    "level": 45,
    "actions": ["Attack"],
    "coordinates": [
      [
        2375,
        4381
      ],
      [
        2394,
        4378
      ],
      [
        2397,
        4358
      ]
    ],
    "models": [11979]
  },
  {
    "id": 6534,
    "name": "Gatekeeper",
    "category": -1,
    "minimapdot": false,
    "level": 1,
    "actions": [[
      2401,
      4378
    ]],
    "coordinates": [[
      2401,
      4378
    ]],
    "models": []
  },
  {
    "id": 1023,
    "name": "Fungi",
    "category": 409,
    "minimapdot": false,
    "level": 86,
    "actions": [
      [
        2412,
        4370
      ],
      [
        2416,
        4376
      ],
      [
        2419,
        4374
      ],
      [
        2420,
        4377
      ],
      [
        2421,
        4370
      ]
    ],
    "coordinates": [
      [
        2412,
        4370
      ],
      [
        2416,
        4376
      ],
      [
        2419,
        4374
      ],
      [
        2420,
        4377
      ],
      [
        2421,
        4370
      ]
    ],
    "models": []
  }
]