[
  {"id":5853,"name":"Baby tanglefoot","level":"45","category":714,"minimapdot":true,"actions":["Attack"],"size":[1,1,230],"coordinates":[[5396,32880],[5396,32864],[5412,32924],[5412,32884],[5472,32912]],"colors":[15394272,5157452,8167597,8562613,7442845,10208990,14720807]},
  {"id":5854,"name":"Baby tanglefoot","level":"45","category":714,"minimapdot":true,"actions":["Attack"],"size":[1,1,230],"coordinates":[[5404,32904],[5480,32916],[5492,32996]],"colors":[15394272,5157452,8167597,8562613,7442845,10208990,14720807]},
  {"id":6534,"name":"null","level":"1","category":0,"minimapdot":true,"actions":[],"size":[1,1,0],"coordinates":[[5508,32916]],"colors":[]},
  {"id":1023,"name":"null","level":"86","category":409,"minimapdot":true,"actions":[],"size":[1,1,0],"coordinates":[[5552,32948],[5568,32924],[5580,32932],[5584,32920],[5588,32948]],"colors":[]}
]