[
  {
    "id": 5828,
    "name": "Ice\u0020troll\u0020runt",
    "category": 309,
    "minimapdot": false,
    "level": 74,
    "actions": ["Attack"],
    "coordinates": [
      [
        2374,
        3888
      ],
      [
        2377,
        3894
      ],
      [
        2394,
        3862
      ],
      [
        2406,
        3865
      ]
    ],
    "models": [
      4942,
      4943,
      3756,
      3763
    ]
  },
  {
    "id": 5830,
    "name": "Ice\u0020troll\u0020female",
    "category": 414,
    "minimapdot": false,
    "level": 82,
    "actions": ["Attack"],
    "coordinates": [
      [
        2374,
        3895
      ],
      [
        2377,
        3890
      ],
      [
        2403,
        3856
      ]
    ],
    "models": [
      4941,
      4944,
      3755,
      3765
    ]
  },
  {
    "id": 5829,
    "name": "Ice\u0020troll\u0020male",
    "category": 309,
    "minimapdot": false,
    "level": 82,
    "actions": ["Attack"],
    "coordinates": [
      [
        2376,
        3892
      ],
      [
        2394,
        3866
      ],
      [
        2398,
        3853
      ],
      [
        2408,
        3863
      ]
    ],
    "models": [
      4942,
      4943,
      3756,
      3763
    ]
  },
  {
    "id": 5818,
    "name": "Iceberg",
    "category": -1,
    "minimapdot": false,
    "level": 0,
    "actions": [
      [
        2378,
        3877
      ],
      [
        2400,
        3878
      ]
    ],
    "coordinates": [
      [
        2378,
        3877
      ],
      [
        2400,
        3878
      ]
    ],
    "models": [19895]
  },
  {
    "id": 5831,
    "name": "Ice\u0020troll\u0020grunt",
    "category": 309,
    "minimapdot": false,
    "level": 100,
    "actions": ["Attack"],
    "coordinates": [[
      2379,
      3893
    ]],
    "models": [
      21921,
      3759,
      21918
    ]
  },
  {
    "id": 1874,
    "name": "Ice\u0020troll\u0020runt",
    "category": 309,
    "minimapdot": false,
    "level": 74,
    "actions": ["Attack"],
    "coordinates": [
      [
        2387,
        3869
      ],
      [
        2396,
        3856
      ]
    ],
    "models": [
      4942,
      4943,
      3756,
      3763
    ]
  },
  {
    "id": 5817,
    "name": "Iceberg",
    "category": -1,
    "minimapdot": false,
    "level": 0,
    "actions": [
      [
        2392,
        3877
      ],
      [
        2397,
        3882
      ],
      [
        2412,
        3874
      ]
    ],
    "coordinates": [
      [
        2392,
        3877
      ],
      [
        2397,
        3882
      ],
      [
        2412,
        3874
      ]
    ],
    "models": [19892]
  },
  {
    "id": 1875,
    "name": "Ice\u0020troll\u0020male",
    "category": 309,
    "minimapdot": false,
    "level": 82,
    "actions": ["Attack"],
    "coordinates": [
      [
        2400,
        3857
      ],
      [
        2418,
        3866
      ]
    ],
    "models": [
      4942,
      4943,
      3756,
      3763
    ]
  },
  {
    "id": 7437,
    "name": "Guard",
    "category": 415,
    "minimapdot": false,
    "level": 0,
    "actions": [
      [
        2406,
        3850
      ],
      [
        2408,
        3852
      ],
      [
        2410,
        3854
      ]
    ],
    "coordinates": [
      [
        2406,
        3850
      ],
      [
        2408,
        3852
      ],
      [
        2410,
        3854
      ]
    ],
    "models": [
      4219,
      230,
      11750,
      292,
      317,
      162,
      179,
      542,
      517,
      4226,
      4218
    ]
  },
  {
    "id": 7438,
    "name": "Guard",
    "category": 415,
    "minimapdot": false,
    "level": 0,
    "actions": [
      [
        2407,
        3851
      ],
      [
        2409,
        3853
      ],
      [
        2411,
        3855
      ]
    ],
    "coordinates": [
      [
        2407,
        3851
      ],
      [
        2409,
        3853
      ],
      [
        2411,
        3855
      ]
    ],
    "models": [
      4219,
      230,
      11750,
      292,
      317,
      162,
      179,
      4236,
      517,
      4226,
      4218
    ]
  },
  {
    "id": 1876,
    "name": "Ice\u0020troll\u0020female",
    "category": 414,
    "minimapdot": false,
    "level": 82,
    "actions": ["Attack"],
    "coordinates": [[
      2408,
      3859
    ]],
    "models": [
      4941,
      4944,
      3755,
      3765
    ]
  }
]