[
  {
    "id": 3967,
    "name": "Boulder",
    "category": -1,
    "minimapdot": false,
    "level": 0,
    "actions": ["Push"],
    "coordinates": [
      [
        2373,
        4692
      ],
      [
        2386,
        4689
      ],
      [
        2392,
        4678
      ]
    ],
    "models": [2846]
  },
  {
    "id": 3964,
    "name": "San\u0020Tojalon",
    "category": 278,
    "minimapdot": false,
    "level": 106,
    "actions": [
      "Talk-to",
      "Attack"
    ],
    "coordinates": [
      [
        2384,
        4706
      ],
      [
        2393,
        4713
      ],
      [
        2394,
        4731
      ],
      [
        2395,
        4721
      ]
    ],
    "models": [21195]
  },
  {
    "id": 3965,
    "name": "Irvig\u0020Senay",
    "category": 278,
    "minimapdot": false,
    "level": 100,
    "actions": [
      "Talk-to",
      "Attack"
    ],
    "coordinates": [
      [
        2401,
        4705
      ],
      [
        2405,
        4712
      ],
      [
        2412,
        4723
      ],
      [
        2414,
        4731
      ]
    ],
    "models": [21192]
  },
  {
    "id": 3966,
    "name": "Ranalph\u0020Devere",
    "category": 278,
    "minimapdot": false,
    "level": 92,
    "actions": [
      "Talk-to",
      "Attack"
    ],
    "coordinates": [
      [
        2408,
        4698
      ],
      [
        2417,
        4699
      ],
      [
        2424,
        4701
      ],
      [
        2428,
        4696
      ]
    ],
    "models": [21194]
  },
  {
    "id": 2007,
    "name": "Lesser\u0020demon",
    "category": 275,
    "minimapdot": false,
    "level": 82,
    "actions": ["Attack"],
    "coordinates": [[
      2412,
      4677
    ]],
    "models": [
      17377,
      17393,
      17385,
      17388,
      17390
    ]
  },
  {
    "id": 2006,
    "name": "Lesser\u0020demon",
    "category": 275,
    "minimapdot": false,
    "level": 82,
    "actions": ["Attack"],
    "coordinates": [[
      2413,
      4681
    ]],
    "models": [
      17378,
      17396,
      17384,
      17388,
      17390
    ]
  },
  {
    "id": 2005,
    "name": "Lesser\u0020demon",
    "category": 275,
    "minimapdot": false,
    "level": 82,
    "actions": ["Attack"],
    "coordinates": [[
      2416,
      4684
    ]],
    "models": [
      17375,
      17391,
      17384,
      17388,
      17390
    ]
  }
]