[
  {
    "id": 4533,
    "name": "Blessed\u0020spider",
    "category": 384,
    "minimapdot": false,
    "level": 39,
    "actions": ["Attack"],
    "coordinates": [
      [
        2432,
        9724
      ],
      [
        2433,
        9687
      ],
      [
        2434,
        9693
      ],
      [
        2434,
        9721
      ],
      [
        2435,
        9690
      ],
      [
        2436,
        9725
      ],
      [
        2437,
        9688
      ],
      [
        2437,
        9692
      ],
      [
        2437,
        9722
      ],
      [
        2440,
        9689
      ]
    ],
    "models": [
      20309,
      20312
    ]
  },
  {
    "id": 3045,
    "name": "Goblin",
    "category": 311,
    "minimapdot": false,
    "level": 5,
    "actions": ["Attack"],
    "coordinates": [
      [
        2438,
        9700
      ],
      [
        2439,
        9696
      ],
      [
        2441,
        9698
      ]
    ],
    "models": [
      24455,
      24482,
      24431,
      24474,
      24441,
      24448,
      24507
    ]
  },
  {
    "id": 4529,
    "name": "Koftik",
    "category": -1,
    "minimapdot": false,
    "level": 0,
    "actions": ["Talk-to"],
    "coordinates": [[
      2449,
      9716
    ]],
    "models": []
  },
  {
    "id": 26,
    "name": "Zombie",
    "category": 274,
    "minimapdot": false,
    "level": 13,
    "actions": ["Attack"],
    "coordinates": [[
      2452,
      9684
    ]],
    "models": [
      21104,
      21057,
      21037,
      21086,
      21113,
      21073,
      21140
    ]
  },
  {
    "id": 28,
    "name": "Zombie",
    "category": 274,
    "minimapdot": false,
    "level": 13,
    "actions": ["Attack"],
    "coordinates": [[
      2453,
      9680
    ]],
    "models": [
      21105,
      21059,
      21041,
      21088,
      21117,
      21073,
      21140
    ]
  },
  {
    "id": 30,
    "name": "Zombie",
    "category": 274,
    "minimapdot": false,
    "level": 13,
    "actions": ["Attack"],
    "coordinates": [[
      2455,
      9677
    ]],
    "models": [
      21002,
      20973,
      20954,
      20992,
      21016,
      20984,
      21036
    ]
  },
  {
    "id": 49,
    "name": "Zombie",
    "category": 274,
    "minimapdot": false,
    "level": 24,
    "actions": ["Attack"],
    "coordinates": [[
      2455,
      9680
    ]],
    "models": [
      21102,
      21058,
      21040,
      21087,
      21116,
      21073,
      21136
    ]
  },
  {
    "id": 2834,
    "name": "Giant\u0020bat",
    "category": 296,
    "minimapdot": false,
    "level": 27,
    "actions": ["Attack"],
    "coordinates": [
      [
        2468,
        9696
      ],
      [
        2471,
        9693
      ],
      [
        2485,
        9704
      ],
      [
        2488,
        9703
      ],
      [
        2490,
        9698
      ],
      [
        2491,
        9705
      ]
    ],
    "models": [18898]
  },
  {
    "id": 4530,
    "name": "Koftik",
    "category": -1,
    "minimapdot": false,
    "level": 0,
    "actions": ["Talk-to"],
    "coordinates": [[
      2479,
      9679
    ]],
    "models": []
  }
]