[
  {
    "id": 2854,
    "name": "Rat",
    "category": 262,
    "minimapdot": false,
    "level": 1,
    "actions": ["Attack"],
    "coordinates": [
      [
        2438,
        9885
      ],
      [
        2442,
        9891
      ],
      [
        2443,
        9882
      ],
      [
        2447,
        9891
      ],
      [
        2451,
        9882
      ],
      [
        2452,
        9878
      ],
      [
        2453,
        9890
      ],
      [
        2456,
        9858
      ],
      [
        2456,
        9872
      ],
      [
        2456,
        9883
      ],
      [
        2458,
        9877
      ],
      [
        2460,
        9863
      ],
      [
        2462,
        9890
      ],
      [
        2467,
        9860
      ],
      [
        2470,
        9888
      ],
      [
        2475,
        9866
      ],
      [
        2476,
        9887
      ],
      [
        2481,
        9869
      ],
      [
        2482,
        9865
      ],
      [
        2488,
        9861
      ],
      [
        2489,
        9866
      ]
    ],
    "models": [9610]
  },
  {
    "id": 2834,
    "name": "Giant\u0020bat",
    "category": 296,
    "minimapdot": false,
    "level": 27,
    "actions": ["Attack"],
    "coordinates": [
      [
        2443,
        9862
      ],
      [
        2451,
        9860
      ],
      [
        2460,
        9860
      ],
      [
        2469,
        9863
      ]
    ],
    "models": [18898]
  },
  {
    "id": 2856,
    "name": "Giant\u0020rat",
    "category": 262,
    "minimapdot": false,
    "level": 3,
    "actions": ["Attack"],
    "coordinates": [
      [
        2450,
        9903
      ],
      [
        2450,
        9912
      ],
      [
        2456,
        9910
      ],
      [
        2464,
        9908
      ],
      [
        2466,
        9881
      ],
      [
        2477,
        9896
      ],
      [
        2482,
        9914
      ],
      [
        2483,
        9888
      ],
      [
        2488,
        9912
      ]
    ],
    "models": [
      18891,
      18889,
      18894,
      18888
    ]
  },
  {
    "id": 6081,
    "name": "Gnome\u0020guard",
    "category": 354,
    "minimapdot": false,
    "level": 23,
    "actions": ["Attack"],
    "coordinates": [
      [
        2461,
        9895
      ],
      [
        2465,
        9894
      ],
      [
        2465,
        9899
      ]
    ],
    "models": [
      2909,
      2893,
      2915
    ]
  },
  {
    "id": 1423,
    "name": "King\u0020Narnode\u0020Shareen",
    "category": -1,
    "minimapdot": false,
    "level": 0,
    "actions": [[
      2464,
      9897
    ]],
    "coordinates": [[
      2464,
      9897
    ]],
    "models": []
  }
]