[
  {
    "id": 7259,
    "name": "Dagannoth",
    "category": 331,
    "minimapdot": false,
    "level": 74,
    "actions": ["Attack"],
    "coordinates": [
      [
        2434,
        10446
      ],
      [
        2436,
        10451
      ],
      [
        2440,
        10438
      ],
      [
        2442,
        10446
      ],
      [
        2446,
        10437
      ],
      [
        2446,
        10461
      ],
      [
        2447,
        10445
      ],
      [
        2449,
        10455
      ],
      [
        2451,
        10450
      ],
      [
        2452,
        10432
      ],
      [
        2456,
        10442
      ],
      [
        2469,
        10448
      ],
      [
        2473,
        10453
      ],
      [
        2474,
        10445
      ],
      [
        2477,
        10454
      ],
      [
        2479,
        10448
      ],
      [
        2480,
        10452
      ],
      [
        2484,
        10443
      ],
      [
        2487,
        10433
      ]
    ],
    "models": [4587]
  },
  {
    "id": 7260,
    "name": "Dagannoth",
    "category": 331,
    "minimapdot": false,
    "level": 92,
    "actions": ["Attack"],
    "coordinates": [
      [
        2436,
        10447
      ],
      [
        2438,
        10444
      ],
      [
        2443,
        10436
      ],
      [
        2444,
        10442
      ],
      [
        2447,
        10457
      ],
      [
        2450,
        10436
      ],
      [
        2451,
        10458
      ],
      [
        2452,
        10447
      ],
      [
        2452,
        10453
      ],
      [
        2455,
        10438
      ],
      [
        2472,
        10436
      ],
      [
        2474,
        10449
      ],
      [
        2475,
        10433
      ],
      [
        2478,
        10437
      ],
      [
        2478,
        10444
      ],
      [
        2481,
        10433
      ],
      [
        2481,
        10436
      ],
      [
        2481,
        10440
      ]
    ],
    "models": [4587]
  }
]