[
  {
    "id": 7954,
    "name": "Mysterious\u0020Adventurer",
    "category": 922,
    "minimapdot": false,
    "level": 0,
    "actions": ["Talk-to"],
    "coordinates": [[
      2442,
      2859
    ]],
    "models": [
      21873,
      34271,
      246,
      314,
      258,
      27638,
      13307,
      27654,
      9642,
      34282
    ]
  },
  {
    "id": 8039,
    "name": "Freja",
    "category": -1,
    "minimapdot": false,
    "level": 0,
    "actions": ["Talk-to"],
    "coordinates": [[
      2454,
      2850
    ]],
    "models": [
      34637,
      34644,
      34640,
      34642,
      34653,
      19335,
      21905
    ]
  },
  {
    "id": 8041,
    "name": "Dog",
    "category": -1,
    "minimapdot": false,
    "level": 0,
    "actions": ["Pet"],
    "coordinates": [[
      2457,
      2844
    ]],
    "models": [28272]
  },
  {
    "id": 7950,
    "name": "Alec\u0020Kincade",
    "category": -1,
    "minimapdot": false,
    "level": 0,
    "actions": ["Talk-to"],
    "coordinates": [[
      2458,
      2868
    ]],
    "models": [
      230,
      28330,
      34285,
      34290,
      176,
      34280,
      8919,
      34271
    ]
  },
  {
    "id": 8038,
    "name": "Ellen",
    "category": -1,
    "minimapdot": false,
    "level": 0,
    "actions": ["Talk-to"],
    "coordinates": [[
      2466,
      2850
    ]],
    "models": [
      34635,
      34646,
      20193,
      353,
      16496,
      417,
      34651,
      34288
    ]
  },
  {
    "id": 7985,
    "name": "Haris",
    "category": 922,
    "minimapdot": false,
    "level": 0,
    "actions": ["Talk-to"],
    "coordinates": [[
      2480,
      2875
    ]],
    "models": [
      34269,
      251,
      26639,
      20748,
      34279,
      26645,
      10218,
      6031,
      31904
    ]
  },
  {
    "id": 7987,
    "name": "Lord\u0020Marshal\u0020Brogan",
    "category": 922,
    "minimapdot": false,
    "level": 0,
    "actions": ["Talk-to"],
    "coordinates": [[
      2490,
      2850
    ]],
    "models": [
      214,
      34281,
      250,
      10218,
      34275,
      34284,
      34272
    ]
  },
  {
    "id": 7986,
    "name": "Altarkiz",
    "category": 922,
    "minimapdot": false,
    "level": 0,
    "actions": ["Talk-to"],
    "coordinates": [[
      2492,
      2848
    ]],
    "models": [
      34270,
      34273,
      20158,
      5441,
      20122,
      10218
    ]
  }
]