[
  {
    "id": 7946,
    "name": "Fishing\u0020spot",
    "category": 281,
    "minimapdot": false,
    "level": 0,
    "actions": [
      "Cage",
      "Harpoon"
    ],
    "coordinates": [
      [
        2453,
        2891
      ],
      [
        2456,
        2893
      ],
      [
        2458,
        2890
      ]
    ],
    "models": [1491]
  },
  {
    "id": 106,
    "name": "Wolf",
    "category": 310,
    "minimapdot": false,
    "level": 64,
    "actions": ["Attack"],
    "coordinates": [
      [
        2482,
        2923
      ],
      [
        2491,
        2922
      ],
      [
        2491,
        2927
      ],
      [
        2491,
        2931
      ]
    ],
    "models": [26266]
  },
  {
    "id": 115,
    "name": "Big\u0020Wolf",
    "category": 310,
    "minimapdot": false,
    "level": 73,
    "actions": ["Attack"],
    "coordinates": [[
      2487,
      2924
    ]],
    "models": [26264]
  }
]