[
  {
    "id": 861,
    "name": "Uglug\u0020Nar",
    "category": -1,
    "minimapdot": false,
    "level": 0,
    "actions": [
      "Talk-to",
      "Trade"
    ],
    "coordinates": [[
      2442,
      3049
    ]],
    "models": [
      6760,
      6769
    ]
  },
  {
    "id": 865,
    "name": "Ogre\u0020guard",
    "category": -1,
    "minimapdot": false,
    "level": 76,
    "actions": ["Talk-to"],
    "coordinates": [
      [
        2443,
        3038
      ],
      [
        2452,
        3030
      ]
    ],
    "models": [
      2880,
      2876
    ]
  },
  {
    "id": 862,
    "name": "Pilg",
    "category": -1,
    "minimapdot": false,
    "level": 0,
    "actions": ["Talk-to"],
    "coordinates": [[
      2443,
      3046
    ]],
    "models": [6768]
  },
  {
    "id": 860,
    "name": "Grish",
    "category": -1,
    "minimapdot": false,
    "level": 0,
    "actions": ["Talk-to"],
    "coordinates": [[
      2443,
      3051
    ]],
    "models": [
      6759,
      6769
    ]
  },
  {
    "id": 863,
    "name": "Grug",
    "category": -1,
    "minimapdot": false,
    "level": 0,
    "actions": ["Talk-to"],
    "coordinates": [[
      2446,
      3049
    ]],
    "models": [6768]
  },
  {
    "id": 864,
    "name": "Ogre\u0020guard",
    "category": -1,
    "minimapdot": false,
    "level": 0,
    "actions": ["Talk-to"],
    "coordinates": [[
      2454,
      3047
    ]],
    "models": [
      2880,
      2874
    ]
  },
  {
    "id": 872,
    "name": "Skogre",
    "category": 318,
    "minimapdot": false,
    "level": 44,
    "actions": ["Attack"],
    "coordinates": [
      [
        2461,
        3047
      ],
      [
        2466,
        3052
      ]
    ],
    "models": [6770]
  },
  {
    "id": 874,
    "name": "Zogre",
    "category": 318,
    "minimapdot": false,
    "level": 44,
    "actions": ["Attack"],
    "coordinates": [[
      2464,
      3045
    ]],
    "models": [
      6766,
      6771
    ]
  },
  {
    "id": 873,
    "name": "Zogre",
    "category": 318,
    "minimapdot": false,
    "level": 44,
    "actions": ["Attack"],
    "coordinates": [[
      2464,
      3049
    ]],
    "models": [
      6767,
      6772
    ]
  },
  {
    "id": 875,
    "name": "Zogre",
    "category": 318,
    "minimapdot": false,
    "level": 44,
    "actions": ["Attack"],
    "coordinates": [[
      2467,
      3049
    ]],
    "models": [
      6762,
      6771
    ]
  },
  {
    "id": 876,
    "name": "Zogre",
    "category": 318,
    "minimapdot": false,
    "level": 44,
    "actions": ["Attack"],
    "coordinates": [[
      2468,
      3046
    ]],
    "models": [
      6767,
      6773
    ]
  },
  {
    "id": 878,
    "name": "Skogre",
    "category": 318,
    "minimapdot": false,
    "level": 44,
    "actions": ["Attack"],
    "coordinates": [[
      2469,
      3039
    ]],
    "models": [
      6761,
      6770,
      6765
    ]
  },
  {
    "id": 877,
    "name": "Zogre",
    "category": 318,
    "minimapdot": false,
    "level": 44,
    "actions": ["Attack"],
    "coordinates": [[
      2470,
      3055
    ]],
    "models": [
      6761,
      6771,
      6765
    ]
  },
  {
    "id": 879,
    "name": "Skogre",
    "category": 318,
    "minimapdot": false,
    "level": 44,
    "actions": ["Attack"],
    "coordinates": [[
      2480,
      3046
    ]],
    "models": [6770]
  },
  {
    "id": 867,
    "name": "Zogre",
    "category": 318,
    "minimapdot": false,
    "level": 44,
    "actions": ["Attack"],
    "coordinates": [[
      2482,
      3046
    ]],
    "models": [
      6762,
      6771
    ]
  },
  {
    "id": 866,
    "name": "Zogre",
    "category": 318,
    "minimapdot": false,
    "level": 44,
    "actions": ["Attack"],
    "coordinates": [[
      2486,
      3048
    ]],
    "models": [
      6763,
      6774
    ]
  }
]