[
  {
    "id": 490,
    "name": "Steve",
    "category": 289,
    "minimapdot": false,
    "level": 1,
    "actions": [[
      2432,
      3423
    ]],
    "coordinates": [[
      2432,
      3423
    ]],
    "models": []
  },
  {
    "id": 6086,
    "name": "Gnome\u0020woman",
    "category": 354,
    "minimapdot": false,
    "level": 1,
    "actions": [
      "Talk-to",
      "Attack",
      "Pickpocket"
    ],
    "coordinates": [
      [
        2434,
        3436
      ],
      [
        2437,
        3451
      ],
      [
        2438,
        3427
      ],
      [
        2441,
        3411
      ],
      [
        2466,
        3449
      ],
      [
        2470,
        3399
      ],
      [
        2472,
        3400
      ],
      [
        2473,
        3412
      ],
      [
        2476,
        3454
      ],
      [
        2482,
        3397
      ],
      [
        2489,
        3401
      ]
    ],
    "models": [
      2911,
      2907,
      2917
    ]
  },
  {
    "id": 2064,
    "name": "Terrorbird",
    "category": 458,
    "minimapdot": false,
    "level": 28,
    "actions": ["Attack"],
    "coordinates": [[
      2436,
      3434
    ]],
    "models": [26856]
  },
  {
    "id": 234,
    "name": "Butterfly",
    "category": 248,
    "minimapdot": false,
    "level": 0,
    "actions": [
      [
        2437,
        3425
      ],
      [
        2438,
        3422
      ],
      [
        2450,
        3419
      ]
    ],
    "coordinates": [
      [
        2437,
        3425
      ],
      [
        2438,
        3422
      ],
      [
        2450,
        3419
      ]
    ],
    "models": [3022]
  },
  {
    "id": 2067,
    "name": "Mounted\u0020terrorbird\u0020gnome",
    "category": 354,
    "minimapdot": false,
    "level": 31,
    "actions": ["Attack"],
    "coordinates": [
      [
        2437,
        3442
      ],
      [
        2449,
        3421
      ],
      [
        2457,
        3394
      ],
      [
        2464,
        3394
      ],
      [
        2480,
        3406
      ]
    ],
    "models": [26858]
  },
  {
    "id": 2687,
    "name": "Prissy\u0020Scilla",
    "category": 459,
    "minimapdot": false,
    "level": 0,
    "actions": [
      "Talk-to",
      "Pay"
    ],
    "coordinates": [[
      2438,
      3418
    ]],
    "models": [
      8238,
      2909,
      2922
    ]
  },
  {
    "id": 0,
    "name": "Tool\u0020Leprechaun",
    "category": 236,
    "minimapdot": false,
    "level": 0,
    "actions": [
      "Talk-to",
      "Exchange"
    ],
    "coordinates": [
      [
        2439,
        3414
      ],
      [
        2478,
        3444
      ]
    ],
    "models": [10220]
  },
  {
    "id": 6087,
    "name": "Gnome\u0020woman",
    "category": 354,
    "minimapdot": false,
    "level": 1,
    "actions": [
      "Talk-to",
      "Attack",
      "Pickpocket"
    ],
    "coordinates": [
      [
        2439,
        3433
      ],
      [
        2441,
        3449
      ],
      [
        2442,
        3428
      ],
      [
        2446,
        3403
      ],
      [
        2450,
        3416
      ],
      [
        2468,
        3441
      ],
      [
        2480,
        3408
      ]
    ],
    "models": [
      2911,
      2907,
      2917
    ]
  },
  {
    "id": 235,
    "name": "Butterfly",
    "category": 248,
    "minimapdot": false,
    "level": 0,
    "actions": [
      [
        2446,
        3396
      ],
      [
        2470,
        3397
      ]
    ],
    "coordinates": [
      [
        2446,
        3396
      ],
      [
        2470,
        3397
      ]
    ],
    "models": [3023]
  },
  {
    "id": 6081,
    "name": "Gnome\u0020guard",
    "category": 354,
    "minimapdot": false,
    "level": 23,
    "actions": ["Attack"],
    "coordinates": [
      [
        2451,
        3414
      ],
      [
        2459,
        3395
      ],
      [
        2459,
        3438
      ],
      [
        2462,
        3395
      ]
    ],
    "models": [
      2909,
      2893,
      2915
    ]
  },
  {
    "id": 6095,
    "name": "Gnome",
    "category": 354,
    "minimapdot": false,
    "level": 1,
    "actions": [
      "Talk-to",
      "Attack",
      "Pickpocket"
    ],
    "coordinates": [
      [
        2456,
        3425
      ],
      [
        2459,
        3421
      ],
      [
        2462,
        3431
      ]
    ],
    "models": [
      2909,
      2890,
      2915
    ]
  },
  {
    "id": 6082,
    "name": "Gnome\u0020guard",
    "category": 354,
    "minimapdot": false,
    "level": 23,
    "actions": ["Attack"],
    "coordinates": [
      [
        2459,
        3392
      ],
      [
        2461,
        3422
      ],
      [
        2462,
        3392
      ]
    ],
    "models": [
      2909,
      2892,
      2922
    ]
  },
  {
    "id": 6171,
    "name": "Gnome\u0020guard",
    "category": 885,
    "minimapdot": false,
    "level": 665,
    "actions": [
      [
        2459,
        3393
      ],
      [
        2459,
        3394
      ],
      [
        2463,
        3393
      ],
      [
        2463,
        3394
      ],
      [
        2479,
        3428
      ]
    ],
    "coordinates": [
      [
        2459,
        3393
      ],
      [
        2459,
        3394
      ],
      [
        2463,
        3393
      ],
      [
        2463,
        3394
      ],
      [
        2479,
        3428
      ]
    ],
    "models": []
  },
  {
    "id": 6080,
    "name": "Gnome\u0020trainer",
    "category": -1,
    "minimapdot": false,
    "level": 0,
    "actions": ["Talk-to"],
    "coordinates": [
      [
        2469,
        3423
      ],
      [
        2469,
        3434
      ],
      [
        2470,
        3426
      ],
      [
        2477,
        3426
      ],
      [
        2479,
        3427
      ],
      [
        2482,
        3422
      ],
      [
        2489,
        3423
      ],
      [
        2489,
        3427
      ],
      [
        2490,
        3435
      ]
    ],
    "models": [
      2909,
      2890,
      2922
    ]
  },
  {
    "id": 2682,
    "name": "Bolongo",
    "category": 459,
    "minimapdot": false,
    "level": 0,
    "actions": [
      "Talk-to",
      "Pay"
    ],
    "coordinates": [[
      2474,
      3446
    ]],
    "models": [
      8238,
      2909,
      2922
    ]
  },
  {
    "id": 238,
    "name": "Butterfly",
    "category": 248,
    "minimapdot": false,
    "level": 0,
    "actions": [[
      2479,
      3396
    ]],
    "coordinates": [[
      2479,
      3396
    ]],
    "models": [3023]
  }
]