[
  {
    "id": 6096,
    "name": "Gnome",
    "category": 354,
    "minimapdot": false,
    "level": 1,
    "actions": [
      "Talk-to",
      "Attack",
      "Pickpocket"
    ],
    "coordinates": [
      [
        2433,
        3474
      ],
      [
        2433,
        3492
      ],
      [
        2458,
        3497
      ],
      [
        2464,
        3505
      ],
      [
        2476,
        3458
      ]
    ],
    "models": [
      2909,
      2890,
      2915
    ]
  },
  {
    "id": 236,
    "name": "Butterfly",
    "category": 248,
    "minimapdot": false,
    "level": 0,
    "actions": [
      [
        2434,
        3516
      ],
      [
        2479,
        3501
      ]
    ],
    "coordinates": [
      [
        2434,
        3516
      ],
      [
        2479,
        3501
      ]
    ],
    "models": [3023]
  },
  {
    "id": 1456,
    "name": "Garkor",
    "category": -1,
    "minimapdot": false,
    "level": 1,
    "actions": [[
      2434,
      3519
    ]],
    "coordinates": [[
      2434,
      3519
    ]],
    "models": []
  },
  {
    "id": 6094,
    "name": "Gnome",
    "category": 354,
    "minimapdot": false,
    "level": 1,
    "actions": [
      "Talk-to",
      "Attack",
      "Pickpocket"
    ],
    "coordinates": [
      [
        2435,
        3460
      ],
      [
        2440,
        3470
      ],
      [
        2447,
        3502
      ],
      [
        2457,
        3462
      ],
      [
        2478,
        3502
      ]
    ],
    "models": [
      2909,
      2890,
      2915
    ]
  },
  {
    "id": 1457,
    "name": "Lumo",
    "category": -1,
    "minimapdot": false,
    "level": 1,
    "actions": [[
      2436,
      3519
    ]],
    "coordinates": [[
      2436,
      3519
    ]],
    "models": []
  },
  {
    "id": 6095,
    "name": "Gnome",
    "category": 354,
    "minimapdot": false,
    "level": 1,
    "actions": [
      "Talk-to",
      "Attack",
      "Pickpocket"
    ],
    "coordinates": [
      [
        2437,
        3478
      ],
      [
        2442,
        3465
      ],
      [
        2456,
        3467
      ],
      [
        2471,
        3496
      ],
      [
        2474,
        3508
      ],
      [
        2475,
        3471
      ],
      [
        2479,
        3468
      ],
      [
        2486,
        3470
      ],
      [
        2492,
        3474
      ]
    ],
    "models": [
      2909,
      2890,
      2915
    ]
  },
  {
    "id": 7184,
    "name": "Lumo",
    "category": -1,
    "minimapdot": false,
    "level": 0,
    "actions": [[
      2437,
      3519
    ]],
    "coordinates": [[
      2437,
      3519
    ]],
    "models": []
  },
  {
    "id": 6086,
    "name": "Gnome\u0020woman",
    "category": 354,
    "minimapdot": false,
    "level": 1,
    "actions": [
      "Talk-to",
      "Attack",
      "Pickpocket"
    ],
    "coordinates": [
      [
        2438,
        3465
      ],
      [
        2442,
        3505
      ],
      [
        2448,
        3486
      ],
      [
        2449,
        3487
      ],
      [
        2450,
        3489
      ],
      [
        2450,
        3505
      ],
      [
        2454,
        3465
      ]
    ],
    "models": [
      2911,
      2907,
      2917
    ]
  },
  {
    "id": 6171,
    "name": "Gnome\u0020guard",
    "category": 885,
    "minimapdot": false,
    "level": 665,
    "actions": [
      [
        2438,
        3480
      ],
      [
        2440,
        3513
      ],
      [
        2464,
        3501
      ],
      [
        2465,
        3466
      ],
      [
        2466,
        3490
      ],
      [
        2467,
        3466
      ]
    ],
    "coordinates": [
      [
        2438,
        3480
      ],
      [
        2440,
        3513
      ],
      [
        2464,
        3501
      ],
      [
        2465,
        3466
      ],
      [
        2466,
        3490
      ],
      [
        2467,
        3466
      ]
    ],
    "models": []
  },
  {
    "id": 2546,
    "name": "Terrorchick\u0020gnome",
    "category": -1,
    "minimapdot": false,
    "level": 0,
    "actions": [
      [
        2439,
        3502
      ],
      [
        2440,
        3500
      ]
    ],
    "coordinates": [
      [
        2439,
        3502
      ],
      [
        2440,
        3500
      ]
    ],
    "models": [26859]
  },
  {
    "id": 6082,
    "name": "Gnome\u0020guard",
    "category": 354,
    "minimapdot": false,
    "level": 23,
    "actions": ["Attack"],
    "coordinates": [
      [
        2441,
        3497
      ],
      [
        2447,
        3510
      ],
      [
        2461,
        3487
      ],
      [
        2464,
        3472
      ],
      [
        2464,
        3489
      ],
      [
        2467,
        3489
      ],
      [
        2468,
        3472
      ],
      [
        2473,
        3503
      ],
      [
        2478,
        3497
      ]
    ],
    "models": [
      2909,
      2892,
      2922
    ]
  },
  {
    "id": 6081,
    "name": "Gnome\u0020guard",
    "category": 354,
    "minimapdot": false,
    "level": 23,
    "actions": ["Attack"],
    "coordinates": [
      [
        2442,
        3489
      ],
      [
        2450,
        3485
      ],
      [
        2451,
        3507
      ],
      [
        2453,
        3490
      ],
      [
        2459,
        3503
      ],
      [
        2461,
        3509
      ],
      [
        2464,
        3465
      ],
      [
        2464,
        3468
      ],
      [
        2468,
        3465
      ],
      [
        2468,
        3468
      ],
      [
        2468,
        3506
      ],
      [
        2472,
        3484
      ],
      [
        2475,
        3490
      ],
      [
        2475,
        3502
      ],
      [
        2477,
        3512
      ],
      [
        2481,
        3485
      ],
      [
        2482,
        3501
      ]
    ],
    "models": [
      2909,
      2893,
      2915
    ]
  },
  {
    "id": 2550,
    "name": "Spang",
    "category": -1,
    "minimapdot": false,
    "level": 0,
    "actions": ["Talk-to"],
    "coordinates": [[
      2442,
      3501
    ]],
    "models": [
      17009,
      2909,
      2915
    ]
  },
  {
    "id": 2549,
    "name": "Tamble",
    "category": -1,
    "minimapdot": false,
    "level": 0,
    "actions": ["Talk-to"],
    "coordinates": [[
      2442,
      3503
    ]],
    "models": [
      17009,
      2909,
      2915
    ]
  },
  {
    "id": 237,
    "name": "Butterfly",
    "category": 248,
    "minimapdot": false,
    "level": 0,
    "actions": [[
      2444,
      3491
    ]],
    "coordinates": [[
      2444,
      3491
    ]],
    "models": [3023]
  },
  {
    "id": 238,
    "name": "Butterfly",
    "category": 248,
    "minimapdot": false,
    "level": 0,
    "actions": [
      [
        2447,
        3467
      ],
      [
        2448,
        3469
      ]
    ],
    "coordinates": [
      [
        2447,
        3467
      ],
      [
        2448,
        3469
      ]
    ],
    "models": [3023]
  },
  {
    "id": 6087,
    "name": "Gnome\u0020woman",
    "category": 354,
    "minimapdot": false,
    "level": 1,
    "actions": [
      "Talk-to",
      "Attack",
      "Pickpocket"
    ],
    "coordinates": [
      [
        2448,
        3489
      ],
      [
        2450,
        3488
      ],
      [
        2463,
        3508
      ],
      [
        2473,
        3489
      ],
      [
        2474,
        3457
      ],
      [
        2479,
        3503
      ],
      [
        2486,
        3467
      ]
    ],
    "models": [
      2911,
      2907,
      2917
    ]
  },
  {
    "id": 2067,
    "name": "Mounted\u0020terrorbird\u0020gnome",
    "category": 354,
    "minimapdot": false,
    "level": 31,
    "actions": ["Attack"],
    "coordinates": [
      [
        2463,
        3456
      ],
      [
        2468,
        3456
      ]
    ],
    "models": [26858]
  },
  {
    "id": 1455,
    "name": "Nieve",
    "category": -1,
    "minimapdot": false,
    "level": 1,
    "actions": [[
      2465,
      3490
    ]],
    "coordinates": [[
      2465,
      3490
    ]],
    "models": []
  },
  {
    "id": 5518,
    "name": "Elder\u0020Gnome\u0020child",
    "category": 860,
    "minimapdot": false,
    "level": 0,
    "actions": ["Talk-to"],
    "coordinates": [[
      2466,
      3459
    ]],
    "models": [
      2909,
      2899,
      2918
    ]
  },
  {
    "id": 1423,
    "name": "King\u0020Narnode\u0020Shareen",
    "category": -1,
    "minimapdot": false,
    "level": 0,
    "actions": [[
      2466,
      3497
    ]],
    "coordinates": [[
      2466,
      3497
    ]],
    "models": []
  },
  {
    "id": 7179,
    "name": "Assistant\u0020Lori",
    "category": -1,
    "minimapdot": false,
    "level": 1,
    "actions": [[
      2480,
      3457
    ]],
    "coordinates": [[
      2480,
      3457
    ]],
    "models": []
  },
  {
    "id": 4730,
    "name": "Assistant\u0020Le\u0020Smith",
    "category": -1,
    "minimapdot": false,
    "level": 1,
    "actions": [
      "Talk-to",
      "Fly"
    ],
    "coordinates": [[
      2480,
      3458
    ]],
    "models": []
  }
]