[
  {
    "id": 1871,
    "name": "Baby\u0020black\u0020dragon",
    "category": 361,
    "minimapdot": false,
    "level": 83,
    "actions": ["Attack"],
    "coordinates": [[
      2438,
      4393
    ]],
    "models": [
      17411,
      17427,
      17421,
      17424
    ]
  },
  {
    "id": 256,
    "name": "Black\u0020dragon",
    "category": 347,
    "minimapdot": false,
    "level": 227,
    "actions": ["Attack"],
    "coordinates": [[
      2448,
      4359
    ]],
    "models": [
      17407,
      17425,
      17418,
      17423
    ]
  },
  {
    "id": 255,
    "name": "Black\u0020dragon",
    "category": 347,
    "minimapdot": false,
    "level": 227,
    "actions": ["Attack"],
    "coordinates": [[
      2454,
      4370
    ]],
    "models": [
      17410,
      17425,
      17420,
      17423
    ]
  },
  {
    "id": 254,
    "name": "Black\u0020dragon",
    "category": 347,
    "minimapdot": false,
    "level": 227,
    "actions": ["Attack"],
    "coordinates": [[
      2459,
      4359
    ]],
    "models": [
      17409,
      17425,
      17419,
      17423
    ]
  },
  {
    "id": 252,
    "name": "Black\u0020dragon",
    "category": 347,
    "minimapdot": false,
    "level": 227,
    "actions": ["Attack"],
    "coordinates": [[
      2460,
      4376
    ]],
    "models": [
      17407,
      17425,
      17418,
      17423
    ]
  }
]