[
  {
    "id": 5842,
    "name": "Cow",
    "category": 365,
    "minimapdot": false,
    "level": 2,
    "actions": [
      "Talk-to",
      "Attack"
    ],
    "coordinates": [
      [
        2435,
        4442
      ],
      [
        2439,
        4457
      ],
      [
        2441,
        4448
      ]
    ],
    "models": [23889]
  },
  {
    "id": 1172,
    "name": "",
    "category": -1,
    "minimapdot": false,
    "level": 0,
    "actions": [[
      2435,
      4450
    ]],
    "coordinates": [[
      2435,
      4450
    ]],
    "models": [8236]
  },
  {
    "id": 5236,
    "name": "Ork",
    "category": 349,
    "minimapdot": false,
    "level": 0,
    "actions": ["Talk-to"],
    "coordinates": [
      [
        2436,
        4455
      ],
      [
        2438,
        4453
      ]
    ],
    "models": []
  },
  {
    "id": 5387,
    "name": "Blaec",
    "category": -1,
    "minimapdot": false,
    "level": 0,
    "actions": ["Talk-to"],
    "coordinates": [[
      2438,
      4442
    ]],
    "models": [
      235,
      253,
      10705,
      163,
      10218,
      254,
      185,
      10723
    ]
  },
  {
    "id": 3367,
    "name": "Fairy",
    "category": -1,
    "minimapdot": false,
    "level": 1,
    "actions": [
      [
        2440,
        4425
      ],
      [
        2441,
        4429
      ],
      [
        2446,
        4432
      ],
      [
        2451,
        4423
      ],
      [
        2451,
        4427
      ],
      [
        2452,
        4431
      ],
      [
        2474,
        4455
      ],
      [
        2476,
        4441
      ],
      [
        2481,
        4450
      ],
      [
        2484,
        4463
      ],
      [
        2488,
        4457
      ],
      [
        2489,
        4428
      ]
    ],
    "coordinates": [
      [
        2440,
        4425
      ],
      [
        2441,
        4429
      ],
      [
        2446,
        4432
      ],
      [
        2451,
        4423
      ],
      [
        2451,
        4427
      ],
      [
        2452,
        4431
      ],
      [
        2474,
        4455
      ],
      [
        2476,
        4441
      ],
      [
        2481,
        4450
      ],
      [
        2484,
        4463
      ],
      [
        2488,
        4457
      ],
      [
        2489,
        4428
      ]
    ],
    "models": []
  },
  {
    "id": 404,
    "name": "Chaeldar",
    "category": 289,
    "minimapdot": false,
    "level": 0,
    "actions": [
      "Talk-to",
      "Assignment",
      "Trade",
      "Rewards"
    ],
    "coordinates": [[
      2444,
      4431
    ]],
    "models": [5044]
  },
  {
    "id": 5849,
    "name": "Fairy\u0020Queen",
    "category": -1,
    "minimapdot": false,
    "level": 1,
    "actions": [[
      2445,
      4427
    ]],
    "coordinates": [[
      2445,
      4427
    ]],
    "models": []
  },
  {
    "id": 5852,
    "name": "Fat\u0020Rocco",
    "category": -1,
    "minimapdot": false,
    "level": 1,
    "actions": [[
      2445,
      4430
    ]],
    "coordinates": [[
      2445,
      4430
    ]],
    "models": []
  },
  {
    "id": 5850,
    "name": "Fairy\u0020Godfather",
    "category": -1,
    "minimapdot": false,
    "level": 1,
    "actions": [[
      2446,
      4427
    ]],
    "coordinates": [[
      2446,
      4427
    ]],
    "models": []
  },
  {
    "id": 5851,
    "name": "Slim\u0020Louie",
    "category": -1,
    "minimapdot": false,
    "level": 1,
    "actions": [[
      2448,
      4428
    ]],
    "coordinates": [[
      2448,
      4428
    ]],
    "models": []
  },
  {
    "id": 5835,
    "name": "Co-ordinator",
    "category": -1,
    "minimapdot": false,
    "level": 0,
    "actions": ["Talk-to"],
    "coordinates": [[
      2452,
      4451
    ]],
    "models": [11879]
  },
  {
    "id": 5424,
    "name": "Ork",
    "category": 349,
    "minimapdot": false,
    "level": 0,
    "actions": ["Talk-to"],
    "coordinates": [
      [
        2452,
        4466
      ],
      [
        2456,
        4467
      ]
    ],
    "models": []
  },
  {
    "id": 234,
    "name": "Butterfly",
    "category": 248,
    "minimapdot": false,
    "level": 0,
    "actions": [
      [
        2464,
        4421
      ],
      [
        2466,
        4423
      ],
      [
        2486,
        4464
      ]
    ],
    "coordinates": [
      [
        2464,
        4421
      ],
      [
        2466,
        4423
      ],
      [
        2486,
        4464
      ]
    ],
    "models": [3022]
  },
  {
    "id": 5840,
    "name": "Gatekeeper",
    "category": -1,
    "minimapdot": false,
    "level": 0,
    "actions": ["Talk-to"],
    "coordinates": [
      [
        2464,
        4436
      ],
      [
        2466,
        4432
      ],
      [
        2467,
        4438
      ],
      [
        2471,
        4436
      ]
    ],
    "models": [
      6453,
      6472,
      170,
      6310,
      6471
    ]
  },
  {
    "id": 235,
    "name": "Butterfly",
    "category": 248,
    "minimapdot": false,
    "level": 0,
    "actions": [
      [
        2475,
        4459
      ],
      [
        2480,
        4458
      ],
      [
        2481,
        4454
      ],
      [
        2488,
        4465
      ]
    ],
    "coordinates": [
      [
        2475,
        4459
      ],
      [
        2480,
        4458
      ],
      [
        2481,
        4454
      ],
      [
        2488,
        4465
      ]
    ],
    "models": [3023]
  },
  {
    "id": 3202,
    "name": "Lunderwin",
    "category": -1,
    "minimapdot": false,
    "level": 0,
    "actions": ["Talk-to"],
    "coordinates": [[
      2475,
      4465
    ]],
    "models": [2857]
  },
  {
    "id": 3203,
    "name": "Irksol",
    "category": -1,
    "minimapdot": false,
    "level": 0,
    "actions": [
      "Talk-to",
      "Trade"
    ],
    "coordinates": [[
      2479,
      4469
    ]],
    "models": [
      292,
      170,
      260,
      202
    ]
  },
  {
    "id": 9392,
    "name": "Man",
    "category": -1,
    "minimapdot": false,
    "level": 0,
    "actions": [[
      2481,
      4442
    ]],
    "coordinates": [[
      2481,
      4442
    ]],
    "models": []
  },
  {
    "id": 3201,
    "name": "Jukat",
    "category": -1,
    "minimapdot": false,
    "level": 0,
    "actions": [
      "Talk-to",
      "Trade"
    ],
    "coordinates": [[
      2484,
      4452
    ]],
    "models": [2857]
  },
  {
    "id": 3204,
    "name": "Fairy",
    "category": -1,
    "minimapdot": false,
    "level": 0,
    "actions": ["Talk-to"],
    "coordinates": [[
      2486,
      4470
    ]],
    "models": [2857]
  }
]