[
  {
    "id": 5432,
    "name": "Frog",
    "category": -1,
    "minimapdot": false,
    "level": 0,
    "actions": ["Talk-to"],
    "coordinates": [
      [
        2455,
        4784
      ],
      [
        2458,
        4773
      ],
      [
        2463,
        4778
      ],
      [
        2464,
        4770
      ],
      [
        2467,
        4774
      ],
      [
        2468,
        4789
      ],
      [
        2474,
        4781
      ]
    ],
    "models": [
      6945,
      6948
    ]
  },
  {
    "id": 5431,
    "name": "Frog",
    "category": -1,
    "minimapdot": false,
    "level": 0,
    "actions": ["Talk-to"],
    "coordinates": [[
      2463,
      4782
    ]],
    "models": [
      6948,
      6944
    ]
  }
]