[
  {
    "id": 7679,
    "name": "TzHaar-Ket",
    "category": 433,
    "minimapdot": false,
    "level": 221,
    "actions": [
      "Talk-to",
      "Attack"
    ],
    "coordinates": [
      [
        2435,
        5117
      ],
      [
        2440,
        5114
      ],
      [
        2446,
        5110
      ],
      [
        2447,
        5113
      ],
      [
        2458,
        5103
      ],
      [
        2459,
        5112
      ],
      [
        2460,
        5101
      ],
      [
        2463,
        5095
      ],
      [
        2469,
        5091
      ],
      [
        2470,
        5095
      ],
      [
        2472,
        5114
      ],
      [
        2476,
        5111
      ],
      [
        2479,
        5081
      ],
      [
        2480,
        5107
      ],
      [
        2481,
        5104
      ],
      [
        2486,
        5101
      ],
      [
        2488,
        5083
      ],
      [
        2492,
        5099
      ],
      [
        2495,
        5094
      ]
    ],
    "models": [
      33124,
      33123,
      33122,
      33125,
      9306,
      9308
    ]
  },
  {
    "id": 2157,
    "name": "TzHaar-Mej",
    "category": 430,
    "minimapdot": false,
    "level": 103,
    "actions": ["Attack"],
    "coordinates": [
      [
        2437,
        5114
      ],
      [
        2477,
        5084
      ]
    ],
    "models": [
      9311,
      9310,
      9313,
      9312
    ]
  },
  {
    "id": 2179,
    "name": "TzHaar-Ket",
    "category": 433,
    "minimapdot": false,
    "level": 149,
    "actions": ["Attack"],
    "coordinates": [
      [
        2439,
        5113
      ],
      [
        2448,
        5111
      ],
      [
        2451,
        5117
      ],
      [
        2460,
        5108
      ],
      [
        2461,
        5104
      ],
      [
        2478,
        5111
      ],
      [
        2480,
        5084
      ],
      [
        2484,
        5104
      ],
      [
        2486,
        5081
      ]
    ],
    "models": [
      9301,
      9300,
      9303,
      9302,
      9306,
      9315
    ]
  },
  {
    "id": 2156,
    "name": "TzHaar-Mej",
    "category": 430,
    "minimapdot": false,
    "level": 103,
    "actions": ["Attack"],
    "coordinates": [
      [
        2443,
        5111
      ],
      [
        2456,
        5108
      ],
      [
        2472,
        5090
      ],
      [
        2482,
        5101
      ]
    ],
    "models": [
      9311,
      9310,
      9313,
      9312,
      9316
    ]
  },
  {
    "id": 7676,
    "name": "Rod\u0020Fishing\u0020spot",
    "category": -1,
    "minimapdot": false,
    "level": 0,
    "actions": ["Bait"],
    "coordinates": [
      [
        2446,
        5104
      ],
      [
        2477,
        5078
      ],
      [
        2479,
        5078
      ]
    ],
    "models": [2331]
  },
  {
    "id": 7684,
    "name": "TzHaar-Hur",
    "category": 431,
    "minimapdot": false,
    "level": 74,
    "actions": [
      "Attack",
      "Pickpocket"
    ],
    "coordinates": [
      [
        2452,
        5088
      ],
      [
        2472,
        5118
      ]
    ],
    "models": [
      9311,
      9310,
      9313,
      9312
    ]
  },
  {
    "id": 2169,
    "name": "TzHaar-Xil",
    "category": 432,
    "minimapdot": false,
    "level": 133,
    "actions": ["Attack"],
    "coordinates": [[
      2455,
      5116
    ]],
    "models": [
      9311,
      9310,
      9313,
      9312,
      9307
    ]
  },
  {
    "id": 2177,
    "name": "TzHaar-Ket",
    "category": 433,
    "minimapdot": false,
    "level": 149,
    "actions": ["Attack"],
    "coordinates": [
      [
        2456,
        5105
      ],
      [
        2466,
        5097
      ],
      [
        2486,
        5083
      ]
    ],
    "models": [
      9301,
      9300,
      9303,
      9302,
      9314,
      9315
    ]
  },
  {
    "id": 2175,
    "name": "TzHaar-Ket",
    "category": 433,
    "minimapdot": false,
    "level": 149,
    "actions": ["Attack"],
    "coordinates": [
      [
        2457,
        5117
      ],
      [
        2476,
        5087
      ]
    ],
    "models": [
      9301,
      9300,
      9303,
      9302,
      9308,
      9315
    ]
  },
  {
    "id": 7681,
    "name": "TzHaar-Mej-Bal",
    "category": -1,
    "minimapdot": false,
    "level": 0,
    "actions": ["Talk-to"],
    "coordinates": [[
      2459,
      5091
    ]],
    "models": [
      9311,
      9310,
      9313,
      9312,
      9316
    ]
  },
  {
    "id": 7687,
    "name": "TzHaar-Hur",
    "category": 431,
    "minimapdot": false,
    "level": 74,
    "actions": [
      "Attack",
      "Pickpocket"
    ],
    "coordinates": [[
      2459,
      5093
    ]],
    "models": [
      9311,
      9310,
      9313,
      9312
    ]
  },
  {
    "id": 2176,
    "name": "TzHaar-Ket",
    "category": 433,
    "minimapdot": false,
    "level": 149,
    "actions": ["Attack"],
    "coordinates": [[
      2464,
      5099
    ]],
    "models": [
      9301,
      9300,
      9303,
      9302,
      9306,
      9308
    ]
  },
  {
    "id": 2168,
    "name": "TzHaar-Xil",
    "category": 432,
    "minimapdot": false,
    "level": 133,
    "actions": ["Attack"],
    "coordinates": [[
      2468,
      5094
    ]],
    "models": [
      9311,
      9310,
      9313,
      9312,
      9317,
      9318
    ]
  },
  {
    "id": 2171,
    "name": "TzHaar-Xil",
    "category": 432,
    "minimapdot": false,
    "level": 133,
    "actions": ["Attack"],
    "coordinates": [
      [
        2473,
        5088
      ],
      [
        2485,
        5079
      ],
      [
        2490,
        5081
      ]
    ],
    "models": [
      9311,
      9310,
      9313,
      9312,
      9317,
      9318
    ]
  },
  {
    "id": 2167,
    "name": "TzHaar-Xil",
    "category": 432,
    "minimapdot": false,
    "level": 133,
    "actions": ["Attack"],
    "coordinates": [[
      2474,
      5086
    ]],
    "models": [
      9311,
      9310,
      9313,
      9312,
      9304,
      9305
    ]
  },
  {
    "id": 7682,
    "name": "TzHaar-Hur",
    "category": 431,
    "minimapdot": false,
    "level": 74,
    "actions": [
      "Attack",
      "Pickpocket"
    ],
    "coordinates": [[
      2477,
      5108
    ]],
    "models": [
      9311,
      9310,
      9313,
      9312
    ]
  },
  {
    "id": 7686,
    "name": "TzHaar-Hur",
    "category": 431,
    "minimapdot": false,
    "level": 74,
    "actions": [
      "Attack",
      "Pickpocket"
    ],
    "coordinates": [[
      2486,
      5103
    ]],
    "models": [
      9311,
      9310,
      9313,
      9312
    ]
  },
  {
    "id": 7688,
    "name": "TzHaar-Hur-Zal",
    "category": 431,
    "minimapdot": false,
    "level": 0,
    "actions": [
      "Talk-to",
      "Trade"
    ],
    "coordinates": [[
      2490,
      5070
    ]],
    "models": [
      9311,
      9310,
      9313,
      9312
    ]
  },
  {
    "id": 2173,
    "name": "TzHaar-Ket",
    "category": 433,
    "minimapdot": false,
    "level": 149,
    "actions": ["Attack"],
    "coordinates": [[
      2490,
      5076
    ]],
    "models": [
      9301,
      9300,
      9303,
      9302,
      9306,
      9315
    ]
  },
  {
    "id": 2159,
    "name": "TzHaar-Mej",
    "category": 430,
    "minimapdot": false,
    "level": 103,
    "actions": ["Attack"],
    "coordinates": [[
      2490,
      5101
    ]],
    "models": [
      9311,
      9310,
      9313,
      9312
    ]
  },
  {
    "id": 2160,
    "name": "TzHaar-Mej",
    "category": 430,
    "minimapdot": false,
    "level": 103,
    "actions": ["Attack"],
    "coordinates": [[
      2492,
      5078
    ]],
    "models": [
      9311,
      9310,
      9313,
      9312,
      9316
    ]
  },
  {
    "id": 7690,
    "name": "TzHaar-Ket-Keh",
    "category": -1,
    "minimapdot": false,
    "level": 0,
    "actions": [
      "Talk\u0020to",
      "Exchange"
    ],
    "coordinates": [[
      2494,
      5113
    ]],
    "models": [
      33124,
      33123,
      33122,
      33125,
      9316,
      9308
    ]
  },
  {
    "id": 2170,
    "name": "TzHaar-Xil",
    "category": 432,
    "minimapdot": false,
    "level": 133,
    "actions": ["Attack"],
    "coordinates": [[
      2495,
      5080
    ]],
    "models": [
      9311,
      9310,
      9313,
      9312,
      9304
    ]
  }
]