[
  {
    "id": 5173,
    "name": "Dwarf",
    "category": 669,
    "minimapdot": false,
    "level": 0,
    "actions": ["Talk-to"],
    "coordinates": [
      [
        2436,
        5526
      ],
      [
        2486,
        5525
      ]
    ],
    "models": [
      2970,
      7072,
      7059,
      2978,
      7045,
      2985
    ]
  },
  {
    "id": 5171,
    "name": "Dwarf",
    "category": 669,
    "minimapdot": false,
    "level": 0,
    "actions": ["Talk-to"],
    "coordinates": [[
      2436,
      5540
    ]],
    "models": [
      2972,
      7063,
      2978,
      7045,
      2985
    ]
  },
  {
    "id": 5166,
    "name": "Cave\u0020goblin",
    "category": 668,
    "minimapdot": false,
    "level": 0,
    "actions": ["Talk-to"],
    "coordinates": [
      [
        2436,
        5553
      ],
      [
        2439,
        5532
      ],
      [
        2487,
        5530
      ]
    ],
    "models": [
      23636,
      23685,
      23626
    ]
  },
  {
    "id": 5172,
    "name": "Dwarf",
    "category": 669,
    "minimapdot": false,
    "level": 0,
    "actions": ["Talk-to"],
    "coordinates": [
      [
        2437,
        5549
      ],
      [
        2484,
        5531
      ]
    ],
    "models": [
      7032,
      7060,
      7038,
      7048,
      7068
    ]
  },
  {
    "id": 5176,
    "name": "Ticket\u0020dwarf",
    "category": -1,
    "minimapdot": false,
    "level": 0,
    "actions": ["Talk-to"],
    "coordinates": [[
      2438,
      5535
    ]],
    "models": [
      2970,
      23873,
      7050,
      2978,
      7045,
      2985,
      23879
    ]
  },
  {
    "id": 5174,
    "name": "Dwarf",
    "category": 669,
    "minimapdot": false,
    "level": 0,
    "actions": ["Talk-to"],
    "coordinates": [[
      2439,
      5520
    ]],
    "models": [
      2972,
      7063,
      2978,
      7045,
      2985
    ]
  },
  {
    "id": 5165,
    "name": "Cave\u0020goblin",
    "category": 668,
    "minimapdot": false,
    "level": 0,
    "actions": ["Talk-to"],
    "coordinates": [
      [
        2439,
        5525
      ],
      [
        2487,
        5542
      ]
    ],
    "models": [
      23636,
      23685,
      23626
    ]
  },
  {
    "id": 5167,
    "name": "Cave\u0020goblin",
    "category": 668,
    "minimapdot": false,
    "level": 0,
    "actions": ["Talk-to"],
    "coordinates": [
      [
        2439,
        5539
      ],
      [
        2483,
        5539
      ],
      [
        2484,
        5552
      ]
    ],
    "models": [
      23670,
      23694,
      23629
    ]
  },
  {
    "id": 5170,
    "name": "Dwarf",
    "category": 669,
    "minimapdot": false,
    "level": 0,
    "actions": ["Talk-to"],
    "coordinates": [
      [
        2439,
        5544
      ],
      [
        2485,
        5535
      ]
    ],
    "models": [
      2970,
      7072,
      7059,
      2978,
      7045,
      2985
    ]
  },
  {
    "id": 5168,
    "name": "Cave\u0020goblin",
    "category": 668,
    "minimapdot": false,
    "level": 0,
    "actions": ["Talk-to"],
    "coordinates": [
      [
        2439,
        5549
      ],
      [
        2484,
        5544
      ]
    ],
    "models": [
      23673,
      23694,
      23634
    ]
  },
  {
    "id": 5164,
    "name": "Cave\u0020goblin",
    "category": 668,
    "minimapdot": false,
    "level": 0,
    "actions": ["Talk-to"],
    "coordinates": [
      [
        2484,
        5522
      ],
      [
        2486,
        5548
      ]
    ],
    "models": [
      23673,
      23694,
      23634
    ]
  },
  {
    "id": 5169,
    "name": "Ticket\u0020goblin",
    "category": 373,
    "minimapdot": false,
    "level": 0,
    "actions": ["Talk-to"],
    "coordinates": [[
      2485,
      5540
    ]],
    "models": [
      24523,
      24526,
      23629
    ]
  },
  {
    "id": 5163,
    "name": "Cave\u0020goblin",
    "category": 668,
    "minimapdot": false,
    "level": 0,
    "actions": ["Talk-to"],
    "coordinates": [[
      2487,
      5519
    ]],
    "models": [
      23670,
      23694,
      23629
    ]
  },
  {
    "id": 5175,
    "name": "Dwarf",
    "category": 669,
    "minimapdot": false,
    "level": 0,
    "actions": ["Talk-to"],
    "coordinates": [[
      2487,
      5538
    ]],
    "models": [
      7032,
      7060,
      7038,
      7048,
      7068
    ]
  }
]