[
  {
    "id": 8945,
    "name": "Tyras\u0020Guard",
    "category": 239,
    "minimapdot": false,
    "level": 110,
    "actions": [
      [
        2435,
        6094
      ],
      [
        2441,
        6112
      ],
      [
        2442,
        6100
      ],
      [
        2442,
        6118
      ],
      [
        2450,
        6107
      ],
      [
        2457,
        6084
      ]
    ],
    "coordinates": [
      [
        2435,
        6094
      ],
      [
        2441,
        6112
      ],
      [
        2442,
        6100
      ],
      [
        2442,
        6118
      ],
      [
        2450,
        6107
      ],
      [
        2457,
        6084
      ]
    ],
    "models": [
      164,
      185,
      179,
      4019,
      3329,
      313,
      555
    ]
  },
  {
    "id": 8948,
    "name": "Rebel\u0020Warrior",
    "category": -1,
    "minimapdot": false,
    "level": 108,
    "actions": [
      [
        2435,
        6112
      ],
      [
        2448,
        6118
      ]
    ],
    "coordinates": [
      [
        2435,
        6112
      ],
      [
        2448,
        6118
      ]
    ],
    "models": [
      38115,
      38071,
      38087,
      38121,
      38055,
      38045,
      38292,
      38297
    ]
  },
  {
    "id": 8941,
    "name": "Niloof",
    "category": -1,
    "minimapdot": false,
    "level": 0,
    "actions": ["Talk-to"],
    "coordinates": [[
      2437,
      6084
    ]],
    "models": [
      2970,
      2984,
      2981,
      2979,
      2985,
      2990
    ]
  },
  {
    "id": 8899,
    "name": "Lord\u0020Ieuan\u0020Amlodd",
    "category": -1,
    "minimapdot": false,
    "level": 0,
    "actions": ["Talk-to"],
    "coordinates": [[
      2437,
      6092
    ]],
    "models": [38005]
  },
  {
    "id": 8819,
    "name": "Islwyn",
    "category": -1,
    "minimapdot": false,
    "level": 0,
    "actions": [
      "Talk-to",
      "Trade"
    ],
    "coordinates": [[
      2438,
      6110
    ]],
    "models": [
      38010,
      38295
    ]
  },
  {
    "id": 8826,
    "name": "Ilfeen",
    "category": -1,
    "minimapdot": false,
    "level": 1,
    "actions": [[
      2439,
      6099
    ]],
    "coordinates": [[
      2439,
      6099
    ]],
    "models": []
  },
  {
    "id": 8947,
    "name": "Rebel\u0020Archer",
    "category": -1,
    "minimapdot": false,
    "level": 90,
    "actions": [
      [
        2439,
        6117
      ],
      [
        2446,
        6109
      ]
    ],
    "coordinates": [
      [
        2439,
        6117
      ],
      [
        2446,
        6109
      ]
    ],
    "models": [
      38249,
      38217,
      38230,
      38259,
      38196,
      38173,
      38295
    ]
  },
  {
    "id": 8908,
    "name": "Lady\u0020Carys\u0020Hefin",
    "category": -1,
    "minimapdot": false,
    "level": 0,
    "actions": ["Talk-to"],
    "coordinates": [[
      2440,
      6088
    ]],
    "models": [38145]
  },
  {
    "id": 8949,
    "name": "Rebel\u0020Warrior",
    "category": -1,
    "minimapdot": false,
    "level": 108,
    "actions": [
      [
        2440,
        6096
      ],
      [
        2449,
        6100
      ]
    ],
    "coordinates": [
      [
        2440,
        6096
      ],
      [
        2449,
        6100
      ]
    ],
    "models": [
      38246,
      38212,
      38229,
      38262,
      38197,
      38170,
      38292,
      38297
    ]
  },
  {
    "id": 8943,
    "name": "Thorgel",
    "category": 352,
    "minimapdot": false,
    "level": 0,
    "actions": ["Talk-to"],
    "coordinates": [[
      2441,
      6083
    ]],
    "models": [
      2970,
      2981,
      2979,
      2983,
      2985,
      2990
    ]
  },
  {
    "id": 8895,
    "name": "Lady\u0020Tangwen\u0020Trahaearn",
    "category": -1,
    "minimapdot": false,
    "level": 0,
    "actions": ["Talk-to"],
    "coordinates": [[
      2442,
      6087
    ]],
    "models": [38144]
  },
  {
    "id": 8946,
    "name": "Rebel\u0020Archer",
    "category": -1,
    "minimapdot": false,
    "level": 90,
    "actions": [
      [
        2444,
        6084
      ],
      [
        2449,
        6110
      ]
    ],
    "coordinates": [
      [
        2444,
        6084
      ],
      [
        2449,
        6110
      ]
    ],
    "models": [
      38108,
      38067,
      38095,
      38125,
      38059,
      38049,
      38295
    ]
  },
  {
    "id": 8809,
    "name": "Baxtorian",
    "category": 922,
    "minimapdot": false,
    "level": 0,
    "actions": ["Talk-to"],
    "coordinates": [[
      2444,
      6092
    ]],
    "models": [
      38004,
      38299
    ]
  },
  {
    "id": 8915,
    "name": "Lady\u0020Kelyn\u0020Ithell",
    "category": -1,
    "minimapdot": false,
    "level": 0,
    "actions": ["Talk-to"],
    "coordinates": [[
      2444,
      6097
    ]],
    "models": [38146]
  },
  {
    "id": 8944,
    "name": "General\u0020Hining",
    "category": 922,
    "minimapdot": false,
    "level": 0,
    "actions": ["Talk-to"],
    "coordinates": [[
      2446,
      6094
    ]],
    "models": [
      164,
      185,
      179,
      217,
      247,
      3329,
      313,
      555
    ]
  },
  {
    "id": 8829,
    "name": "Eluned",
    "category": -1,
    "minimapdot": false,
    "level": 0,
    "actions": [
      "Talk-to",
      "Enchant"
    ],
    "coordinates": [[
      2448,
      6089
    ]],
    "models": [38147]
  },
  {
    "id": 8904,
    "name": "Lord\u0020Piquan\u0020Crwys",
    "category": -1,
    "minimapdot": false,
    "level": 0,
    "actions": ["Talk-to"],
    "coordinates": [[
      2450,
      6084
    ]],
    "models": [38011]
  },
  {
    "id": 8940,
    "name": "Klank",
    "category": -1,
    "minimapdot": false,
    "level": 0,
    "actions": ["Talk-to"],
    "coordinates": [[
      2451,
      6094
    ]],
    "models": [
      2971,
      2984,
      2981,
      2979,
      2985
    ]
  },
  {
    "id": 8911,
    "name": "Lady\u0020Ffion\u0020Meilyr",
    "category": -1,
    "minimapdot": false,
    "level": 0,
    "actions": ["Talk-to"],
    "coordinates": [[
      2452,
      6090
    ]],
    "models": [38143]
  },
  {
    "id": 8942,
    "name": "Kamen",
    "category": -1,
    "minimapdot": false,
    "level": 0,
    "actions": ["Talk-to"],
    "coordinates": [[
      2453,
      6087
    ]],
    "models": [
      2972,
      2984,
      2981,
      2979,
      2985,
      2990
    ]
  },
  {
    "id": 8796,
    "name": "Elena",
    "category": -1,
    "minimapdot": false,
    "level": 1,
    "actions": [[
      2454,
      6091
    ]],
    "coordinates": [[
      2454,
      6091
    ]],
    "models": []
  },
  {
    "id": 8926,
    "name": "Iestin",
    "category": -1,
    "minimapdot": false,
    "level": 0,
    "actions": ["Talk-to"],
    "coordinates": [[
      2459,
      6089
    ]],
    "models": [38014]
  }
]