[
  {
    "id": 7119,
    "name": "Maniacal\u0020Monkey\u0020Archer",
    "category": -1,
    "minimapdot": false,
    "level": 132,
    "actions": ["Attack"],
    "coordinates": [
      [
        2504,
        9068
      ],
      [
        2504,
        9076
      ],
      [
        2509,
        9075
      ],
      [
        2523,
        9042
      ],
      [
        2526,
        9045
      ],
      [
        2531,
        9040
      ]
    ],
    "models": [
      31567,
      31565,
      4831
    ]
  },
  {
    "id": 7118,
    "name": "Maniacal\u0020monkey",
    "category": -1,
    "minimapdot": false,
    "level": 140,
    "actions": ["Attack"],
    "coordinates": [
      [
        2504,
        9072
      ],
      [
        2506,
        9070
      ],
      [
        2506,
        9076
      ],
      [
        2510,
        9072
      ],
      [
        2522,
        9044
      ],
      [
        2526,
        9042
      ],
      [
        2530,
        9042
      ]
    ],
    "models": [
      31568,
      31566
    ]
  }
]