[
  {
    "id": 1094,
    "name": "Thorodin",
    "category": -1,
    "minimapdot": false,
    "level": 0,
    "actions": ["Talk-to"],
    "coordinates": [[
      2504,
      10280
    ]],
    "models": [
      2970,
      7061,
      2978,
      2990,
      7046,
      2985
    ]
  },
  {
    "id": 1079,
    "name": "Halla",
    "category": -1,
    "minimapdot": false,
    "level": 0,
    "actions": [
      "Talk-to",
      "Trade"
    ],
    "coordinates": [[
      2506,
      10250
    ]],
    "models": [
      390,
      470,
      9359,
      353,
      8784,
      358
    ]
  },
  {
    "id": 1080,
    "name": "Finn",
    "category": -1,
    "minimapdot": false,
    "level": 0,
    "actions": [
      "Talk-to",
      "Trade"
    ],
    "coordinates": [[
      2508,
      10260
    ]],
    "models": [
      6848,
      252,
      292,
      159,
      176,
      4226,
      4218,
      15106
    ]
  },
  {
    "id": 1095,
    "name": "Ferd",
    "category": -1,
    "minimapdot": false,
    "level": 0,
    "actions": ["Talk-to"],
    "coordinates": [[
      2508,
      10278
    ]],
    "models": [
      2973,
      2986,
      7061,
      2978,
      2990,
      2981,
      2985
    ]
  },
  {
    "id": 1082,
    "name": "Runolf",
    "category": -1,
    "minimapdot": false,
    "level": 0,
    "actions": ["Talk-to"],
    "coordinates": [[
      2509,
      10257
    ]],
    "models": [
      208,
      252,
      292,
      4391,
      170,
      176,
      3711,
      265,
      185
    ]
  },
  {
    "id": 1093,
    "name": "Jari",
    "category": -1,
    "minimapdot": false,
    "level": 0,
    "actions": ["Talk-to"],
    "coordinates": [[
      2516,
      10262
    ]],
    "models": [
      7032,
      7060,
      7038,
      7048,
      7068
    ]
  },
  {
    "id": 1091,
    "name": "Alviss",
    "category": -1,
    "minimapdot": false,
    "level": 0,
    "actions": ["Talk-to"],
    "coordinates": [[
      2517,
      10263
    ]],
    "models": [
      2970,
      7071,
      7059,
      7038,
      7045,
      2985
    ]
  },
  {
    "id": 1092,
    "name": "Fullangr",
    "category": -1,
    "minimapdot": false,
    "level": 0,
    "actions": ["Talk-to"],
    "coordinates": [[
      2519,
      10263
    ]],
    "models": [
      2972,
      2983,
      2979,
      7044,
      2985
    ]
  },
  {
    "id": 1081,
    "name": "Osvald",
    "category": -1,
    "minimapdot": false,
    "level": 0,
    "actions": [
      "Talk-to",
      "Trade"
    ],
    "coordinates": [[
      2521,
      10251
    ]],
    "models": [
      206,
      252,
      302,
      159,
      176,
      4226,
      4218
    ]
  },
  {
    "id": 1083,
    "name": "Tjorvi",
    "category": -1,
    "minimapdot": false,
    "level": 0,
    "actions": ["Talk-to"],
    "coordinates": [[
      2523,
      10257
    ]],
    "models": [
      10981,
      252,
      292,
      326,
      170,
      176,
      3711,
      4226,
      4218
    ]
  },
  {
    "id": 1084,
    "name": "Ingrid",
    "category": -1,
    "minimapdot": false,
    "level": 0,
    "actions": ["Talk-to"],
    "coordinates": [[
      2526,
      10263
    ]],
    "models": [
      387,
      470,
      483,
      348,
      353,
      431,
      358
    ]
  },
  {
    "id": 1078,
    "name": "Runa",
    "category": -1,
    "minimapdot": false,
    "level": 0,
    "actions": [
      "Talk-to",
      "Trade"
    ],
    "coordinates": [[
      2528,
      10259
    ]],
    "models": [
      399,
      456,
      483,
      332,
      353,
      429,
      358
    ]
  },
  {
    "id": 1096,
    "name": "Donal",
    "category": -1,
    "minimapdot": false,
    "level": 0,
    "actions": ["Talk-to"],
    "coordinates": [[
      2529,
      10256
    ]],
    "models": [
      2971,
      7059,
      2979,
      2992,
      2981,
      2985
    ]
  },
  {
    "id": 1085,
    "name": "Thora",
    "category": -1,
    "minimapdot": false,
    "level": 0,
    "actions": ["Talk-to"],
    "coordinates": [[
      2531,
      10249
    ]],
    "models": [
      10078,
      470,
      9359,
      353,
      429,
      358,
      479
    ]
  }
]