[
  {
    "id": 891,
    "name": "Moss\u0020Guardian",
    "category": 346,
    "minimapdot": false,
    "level": 84,
    "actions": ["Attack"],
    "coordinates": [
      [
        2528,
        9843
      ],
      [
        2541,
        9845
      ],
      [
        2542,
        9819
      ]
    ],
    "models": [
      17458,
      17439,
      17460
    ]
  },
  {
    "id": 77,
    "name": "Skeleton",
    "category": 257,
    "minimapdot": false,
    "level": 25,
    "actions": ["Attack"],
    "coordinates": [[
      2529,
      9841
    ]],
    "models": [
      21170,
      21178,
      21159,
      21156,
      21180,
      21202,
      21187
    ]
  },
  {
    "id": 81,
    "name": "Skeleton",
    "category": 257,
    "minimapdot": false,
    "level": 25,
    "actions": ["Attack"],
    "coordinates": [[
      2530,
      9846
    ]],
    "models": [
      21169,
      21161,
      21157,
      21181,
      21204,
      21188
    ]
  },
  {
    "id": 29,
    "name": "Zombie",
    "category": 274,
    "minimapdot": false,
    "level": 13,
    "actions": ["Attack"],
    "coordinates": [[
      2533,
      9842
    ]],
    "models": [
      21003,
      20972,
      20953,
      20991,
      21015,
      20983,
      21036
    ]
  },
  {
    "id": 70,
    "name": "Skeleton",
    "category": 257,
    "minimapdot": false,
    "level": 22,
    "actions": ["Attack"],
    "coordinates": [[
      2538,
      9816
    ]],
    "models": [
      21175,
      21160,
      21157,
      21182,
      21201,
      21187
    ]
  },
  {
    "id": 80,
    "name": "Skeleton",
    "category": 257,
    "minimapdot": false,
    "level": 25,
    "actions": ["Attack"],
    "coordinates": [[
      2540,
      9813
    ]],
    "models": [
      21174,
      21179,
      21161,
      21156,
      21182,
      21199,
      21186
    ]
  },
  {
    "id": 234,
    "name": "Butterfly",
    "category": 248,
    "minimapdot": false,
    "level": 0,
    "actions": [
      [
        2540,
        9820
      ],
      [
        2543,
        9813
      ],
      [
        2546,
        9817
      ]
    ],
    "coordinates": [
      [
        2540,
        9820
      ],
      [
        2543,
        9813
      ],
      [
        2546,
        9817
      ]
    ],
    "models": [3022]
  },
  {
    "id": 26,
    "name": "Zombie",
    "category": 274,
    "minimapdot": false,
    "level": 13,
    "actions": ["Attack"],
    "coordinates": [[
      2540,
      9823
    ]],
    "models": [
      21104,
      21057,
      21037,
      21086,
      21113,
      21073,
      21140
    ]
  },
  {
    "id": 30,
    "name": "Zombie",
    "category": 274,
    "minimapdot": false,
    "level": 13,
    "actions": ["Attack"],
    "coordinates": [[
      2540,
      9843
    ]],
    "models": [
      21002,
      20973,
      20954,
      20992,
      21016,
      20984,
      21036
    ]
  },
  {
    "id": 50,
    "name": "Zombie",
    "category": 274,
    "minimapdot": false,
    "level": 24,
    "actions": ["Attack"],
    "coordinates": [[
      2542,
      9840
    ]],
    "models": [
      21105,
      21059,
      21041,
      21088,
      21117,
      21073,
      21136
    ]
  },
  {
    "id": 78,
    "name": "Skeleton",
    "category": 257,
    "minimapdot": false,
    "level": 25,
    "actions": ["Attack"],
    "coordinates": [
      [
        2543,
        9847
      ],
      [
        2545,
        9822
      ]
    ],
    "models": [
      21173,
      21179,
      21160,
      21156,
      21182,
      21200,
      21186
    ]
  },
  {
    "id": 51,
    "name": "Zombie",
    "category": 274,
    "minimapdot": false,
    "level": 24,
    "actions": ["Attack"],
    "coordinates": [[
      2546,
      9842
    ]],
    "models": [
      21002,
      20973,
      20954,
      20992,
      21016,
      20984,
      21029
    ]
  }
]