[
  {
    "id": 106,
    "name": "Wolf",
    "category": 310,
    "minimapdot": false,
    "level": 64,
    "actions": ["Attack"],
    "coordinates": [
      [
        2496,
        2959
      ],
      [
        2498,
        2968
      ],
      [
        2500,
        2959
      ],
      [
        2502,
        2969
      ],
      [
        2509,
        2964
      ]
    ],
    "models": [26266]
  },
  {
    "id": 2095,
    "name": "Ogre",
    "category": 271,
    "minimapdot": false,
    "level": 53,
    "actions": ["Attack"],
    "coordinates": [
      [
        2504,
        2965
      ],
      [
        2504,
        2984
      ],
      [
        2520,
        2973
      ],
      [
        2525,
        2986
      ],
      [
        2533,
        2977
      ],
      [
        2536,
        2975
      ],
      [
        2539,
        2990
      ],
      [
        2549,
        2979
      ],
      [
        2551,
        2955
      ],
      [
        2552,
        2961
      ]
    ],
    "models": [
      2878,
      2874
    ]
  },
  {
    "id": 3018,
    "name": "Giant\u0020spider",
    "category": 384,
    "minimapdot": false,
    "level": 27,
    "actions": ["Attack"],
    "coordinates": [
      [
        2517,
        2976
      ],
      [
        2550,
        2981
      ]
    ],
    "models": [
      20309,
      20310
    ]
  },
  {
    "id": 1473,
    "name": "Swamp\u0020toad",
    "category": -1,
    "minimapdot": false,
    "level": 0,
    "actions": ["Inflate"],
    "coordinates": [
      [
        2523,
        2977
      ],
      [
        2524,
        2981
      ],
      [
        2525,
        2975
      ],
      [
        2528,
        2983
      ],
      [
        2530,
        2978
      ],
      [
        2543,
        2984
      ],
      [
        2545,
        2988
      ],
      [
        2547,
        2982
      ],
      [
        2551,
        2985
      ]
    ],
    "models": [3447]
  },
  {
    "id": 2854,
    "name": "Rat",
    "category": 262,
    "minimapdot": false,
    "level": 1,
    "actions": ["Attack"],
    "coordinates": [
      [
        2527,
        2986
      ],
      [
        2531,
        2976
      ],
      [
        2547,
        2990
      ]
    ],
    "models": [9610]
  },
  {
    "id": 1359,
    "name": "Gnormadium\u0020Avlafrim",
    "category": -1,
    "minimapdot": false,
    "level": 0,
    "actions": [[
      2544,
      2973
    ]],
    "coordinates": [[
      2544,
      2973
    ]],
    "models": []
  }
]