[
  {
    "id": 2095,
    "name": "Ogre",
    "category": 271,
    "minimapdot": false,
    "level": 53,
    "actions": ["Attack"],
    "coordinates": [
      [
        2496,
        3092
      ],
      [
        2497,
        3089
      ],
      [
        2500,
        3092
      ],
      [
        2500,
        3097
      ],
      [
        2503,
        3095
      ],
      [
        2504,
        3133
      ]
    ],
    "models": [
      2878,
      2874
    ]
  },
  {
    "id": 2096,
    "name": "Ogre",
    "category": 271,
    "minimapdot": false,
    "level": 53,
    "actions": ["Attack"],
    "coordinates": [
      [
        2502,
        3114
      ],
      [
        2505,
        3111
      ],
      [
        2507,
        3108
      ],
      [
        2508,
        3119
      ],
      [
        2509,
        3087
      ],
      [
        2510,
        3084
      ],
      [
        2513,
        3087
      ],
      [
        2514,
        3081
      ]
    ],
    "models": [
      2878,
      2876
    ]
  },
  {
    "id": 4364,
    "name": "Og",
    "category": 271,
    "minimapdot": false,
    "level": 0,
    "actions": ["Talk-to"],
    "coordinates": [[
      2506,
      3116
    ]],
    "models": [
      20372,
      20383
    ]
  },
  {
    "id": 4365,
    "name": "Grew",
    "category": 271,
    "minimapdot": false,
    "level": 0,
    "actions": ["Talk-to"],
    "coordinates": [[
      2513,
      3084
    ]],
    "models": [
      20373,
      20384
    ]
  },
  {
    "id": 4406,
    "name": "Colonel\u0020Radick",
    "category": -1,
    "minimapdot": false,
    "level": 38,
    "actions": [
      "Talk-to",
      "Attack"
    ],
    "coordinates": [[
      2535,
      3091
    ]],
    "models": [
      214,
      244,
      250,
      313,
      164,
      179,
      268,
      185,
      323,
      550,
      3330
    ]
  },
  {
    "id": 4405,
    "name": "Tower\u0020guard",
    "category": -1,
    "minimapdot": false,
    "level": 28,
    "actions": [
      "Talk-to",
      "Attack"
    ],
    "coordinates": [
      [
        2540,
        3090
      ],
      [
        2545,
        3113
      ],
      [
        2546,
        3116
      ],
      [
        2549,
        3112
      ],
      [
        2554,
        3117
      ]
    ],
    "models": [
      233,
      246,
      301,
      151,
      179,
      254,
      185,
      517,
      519
    ]
  },
  {
    "id": 6706,
    "name": "Guard",
    "category": 885,
    "minimapdot": false,
    "level": 665,
    "actions": [
      [
        2540,
        3092
      ],
      [
        2558,
        3090
      ]
    ],
    "coordinates": [
      [
        2540,
        3092
      ],
      [
        2558,
        3090
      ]
    ],
    "models": []
  },
  {
    "id": 5421,
    "name": "Soldier",
    "category": -1,
    "minimapdot": false,
    "level": 28,
    "actions": ["Attack"],
    "coordinates": [
      [
        2540,
        3102
      ],
      [
        2542,
        3094
      ],
      [
        2543,
        3088
      ],
      [
        2545,
        3094
      ],
      [
        2546,
        3085
      ],
      [
        2547,
        3091
      ]
    ],
    "models": [
      219,
      301,
      167,
      179,
      274,
      185,
      249,
      518
    ]
  },
  {
    "id": 5382,
    "name": "Bert",
    "category": -1,
    "minimapdot": false,
    "level": 0,
    "actions": [[
      2550,
      3100
    ]],
    "coordinates": [[
      2550,
      3100
    ]],
    "models": []
  },
  {
    "id": 5383,
    "name": "Guard\u0020Captain",
    "category": -1,
    "minimapdot": false,
    "level": 0,
    "actions": ["Talk-to"],
    "coordinates": [[
      2551,
      3078
    ]],
    "models": [
      233,
      247,
      312,
      323,
      152,
      179,
      6098,
      263,
      4954
    ]
  },
  {
    "id": 1320,
    "name": "Bartender",
    "category": -1,
    "minimapdot": false,
    "level": 0,
    "actions": ["Talk-to"],
    "coordinates": [[
      2556,
      3078
    ]],
    "models": [
      215,
      249,
      302,
      159,
      176,
      254,
      185
    ]
  }
]