[
  {
    "id": 2064,
    "name": "Terrorbird",
    "category": 458,
    "minimapdot": false,
    "level": 28,
    "actions": ["Attack"],
    "coordinates": [
      [
        2498,
        3141
      ],
      [
        2504,
        3140
      ]
    ],
    "models": [26856]
  },
  {
    "id": 2839,
    "name": "Black\u0020bear",
    "category": 438,
    "minimapdot": false,
    "level": 19,
    "actions": ["Attack"],
    "coordinates": [[
      2501,
      3159
    ]],
    "models": [
      18882,
      18886
    ]
  },
  {
    "id": 2854,
    "name": "Rat",
    "category": 262,
    "minimapdot": false,
    "level": 1,
    "actions": ["Attack"],
    "coordinates": [
      [
        2502,
        3184
      ],
      [
        2506,
        3190
      ],
      [
        2508,
        3187
      ],
      [
        2509,
        3191
      ],
      [
        2511,
        3188
      ],
      [
        2512,
        3190
      ],
      [
        2513,
        3187
      ],
      [
        2516,
        3190
      ],
      [
        2516,
        3191
      ]
    ],
    "models": [9610]
  },
  {
    "id": 6265,
    "name": "Elkoy",
    "category": -1,
    "minimapdot": false,
    "level": 0,
    "actions": [[
      2504,
      3191
    ]],
    "coordinates": [[
      2504,
      3191
    ]],
    "models": []
  },
  {
    "id": 3045,
    "name": "Goblin",
    "category": 311,
    "minimapdot": false,
    "level": 5,
    "actions": ["Attack"],
    "coordinates": [
      [
        2505,
        3176
      ],
      [
        2519,
        3145
      ],
      [
        2523,
        3155
      ],
      [
        2542,
        3155
      ],
      [
        2550,
        3166
      ],
      [
        2557,
        3198
      ]
    ],
    "models": [
      24455,
      24482,
      24431,
      24474,
      24441,
      24448,
      24507
    ]
  },
  {
    "id": 2100,
    "name": "Hill\u0020Giant",
    "category": 346,
    "minimapdot": false,
    "level": 28,
    "actions": ["Attack"],
    "coordinates": [[
      2507,
      3149
    ]],
    "models": [
      17464,
      17446,
      17434,
      17467,
      17460
    ]
  },
  {
    "id": 6266,
    "name": "Elkoy",
    "category": -1,
    "minimapdot": false,
    "level": 0,
    "actions": [[
      2514,
      3159
    ]],
    "coordinates": [[
      2514,
      3159
    ]],
    "models": []
  },
  {
    "id": 106,
    "name": "Wolf",
    "category": 310,
    "minimapdot": false,
    "level": 64,
    "actions": ["Attack"],
    "coordinates": [
      [
        2516,
        3197
      ],
      [
        2548,
        3179
      ]
    ],
    "models": [26266]
  },
  {
    "id": 2856,
    "name": "Giant\u0020rat",
    "category": 262,
    "minimapdot": false,
    "level": 3,
    "actions": ["Attack"],
    "coordinates": [[
      2517,
      3184
    ]],
    "models": [
      18891,
      18889,
      18894,
      18888
    ]
  },
  {
    "id": 2863,
    "name": "Giant\u0020rat",
    "category": 262,
    "minimapdot": false,
    "level": 6,
    "actions": ["Attack"],
    "coordinates": [[
      2520,
      3187
    ]],
    "models": [
      18892,
      18890,
      18895,
      18888
    ]
  },
  {
    "id": 6095,
    "name": "Gnome",
    "category": 354,
    "minimapdot": false,
    "level": 1,
    "actions": [
      "Talk-to",
      "Attack",
      "Pickpocket"
    ],
    "coordinates": [
      [
        2521,
        3169
      ],
      [
        2521,
        3171
      ]
    ],
    "models": [
      2909,
      2890,
      2915
    ]
  },
  {
    "id": 4980,
    "name": "Kalron",
    "category": -1,
    "minimapdot": false,
    "level": 0,
    "actions": ["Talk-to"],
    "coordinates": [[
      2521,
      3177
    ]],
    "models": [
      2909,
      2890,
      2917
    ]
  },
  {
    "id": 6096,
    "name": "Gnome",
    "category": 354,
    "minimapdot": false,
    "level": 1,
    "actions": [
      "Talk-to",
      "Attack",
      "Pickpocket"
    ],
    "coordinates": [[
      2522,
      3172
    ]],
    "models": [
      2909,
      2890,
      2915
    ]
  },
  {
    "id": 4966,
    "name": "Remsai",
    "category": -1,
    "minimapdot": false,
    "level": 0,
    "actions": ["Talk-to"],
    "coordinates": [[
      2524,
      3169
    ]],
    "models": [
      2909,
      2890,
      2917
    ]
  },
  {
    "id": 6094,
    "name": "Gnome",
    "category": 354,
    "minimapdot": false,
    "level": 1,
    "actions": [
      "Talk-to",
      "Attack",
      "Pickpocket"
    ],
    "coordinates": [
      [
        2526,
        3168
      ],
      [
        2529,
        3163
      ],
      [
        2530,
        3172
      ],
      [
        2536,
        3169
      ]
    ],
    "models": [
      2909,
      2890,
      2915
    ]
  },
  {
    "id": 3019,
    "name": "Spider",
    "category": 384,
    "minimapdot": false,
    "level": 1,
    "actions": ["Attack"],
    "coordinates": [
      [
        2535,
        3181
      ],
      [
        2535,
        3183
      ],
      [
        2536,
        3180
      ],
      [
        2537,
        3183
      ],
      [
        2541,
        3182
      ],
      [
        2541,
        3188
      ],
      [
        2542,
        3186
      ],
      [
        2544,
        3191
      ],
      [
        2548,
        3190
      ]
    ],
    "models": [24613]
  },
  {
    "id": 238,
    "name": "Butterfly",
    "category": 248,
    "minimapdot": false,
    "level": 0,
    "actions": [[
      2540,
      3167
    ]],
    "coordinates": [[
      2540,
      3167
    ]],
    "models": [3023]
  },
  {
    "id": 4979,
    "name": "Local\u0020Gnome",
    "category": -1,
    "minimapdot": false,
    "level": 0,
    "actions": ["Talk-to"],
    "coordinates": [
      [
        2541,
        3168
      ],
      [
        2541,
        3171
      ],
      [
        2542,
        3167
      ],
      [
        2542,
        3172
      ]
    ],
    "models": [
      2909,
      2890,
      2917
    ]
  },
  {
    "id": 4963,
    "name": "King\u0020Bolren",
    "category": -1,
    "minimapdot": false,
    "level": 0,
    "actions": ["Talk-to"],
    "coordinates": [[
      2542,
      3169
    ]],
    "models": [
      2909,
      2891,
      2916
    ]
  },
  {
    "id": 2098,
    "name": "Hill\u0020Giant",
    "category": 346,
    "minimapdot": false,
    "level": 28,
    "actions": ["Attack"],
    "coordinates": [[
      2545,
      3144
    ]],
    "models": [
      17463,
      17446,
      17430,
      17466,
      17460
    ]
  },
  {
    "id": 2099,
    "name": "Hill\u0020Giant",
    "category": 346,
    "minimapdot": false,
    "level": 28,
    "actions": ["Attack"],
    "coordinates": [[
      2548,
      3147
    ]],
    "models": [
      17462,
      17446,
      17441,
      17466,
      17460
    ]
  },
  {
    "id": 234,
    "name": "Butterfly",
    "category": 248,
    "minimapdot": false,
    "level": 0,
    "actions": [[
      2549,
      3139
    ]],
    "coordinates": [[
      2549,
      3139
    ]],
    "models": [3022]
  },
  {
    "id": 3028,
    "name": "Goblin",
    "category": 311,
    "minimapdot": false,
    "level": 2,
    "actions": ["Attack"],
    "coordinates": [
      [
        2550,
        3197
      ],
      [
        2552,
        3195
      ],
      [
        2553,
        3198
      ],
      [
        2555,
        3194
      ]
    ],
    "models": [
      24458,
      24482,
      24431,
      24472,
      24441,
      24448
    ]
  },
  {
    "id": 2095,
    "name": "Ogre",
    "category": 271,
    "minimapdot": false,
    "level": 53,
    "actions": ["Attack"],
    "coordinates": [[
      2554,
      3192
    ]],
    "models": [
      2878,
      2874
    ]
  }
]