[
  {
    "id": 2911,
    "name": "Carnivorous\u0020chinchompa",
    "category": 374,
    "minimapdot": false,
    "level": 2,
    "actions": ["Attack"],
    "coordinates": [
      [
        2497,
        2901
      ],
      [
        2497,
        2909
      ],
      [
        2501,
        2906
      ],
      [
        2503,
        2881
      ],
      [
        2507,
        2885
      ],
      [
        2553,
        2935
      ],
      [
        2556,
        2914
      ],
      [
        2557,
        2932
      ],
      [
        2557,
        2936
      ],
      [
        2559,
        2911
      ],
      [
        2559,
        2918
      ]
    ],
    "models": [19371]
  },
  {
    "id": 5548,
    "name": "Tropical\u0020wagtail",
    "category": 651,
    "minimapdot": false,
    "level": 0,
    "actions": [
      [
        2499,
        2890
      ],
      [
        2502,
        2892
      ],
      [
        2504,
        2888
      ],
      [
        2511,
        2914
      ],
      [
        2513,
        2911
      ],
      [
        2515,
        2914
      ],
      [
        2523,
        2939
      ],
      [
        2525,
        2933
      ],
      [
        2526,
        2939
      ],
      [
        2538,
        2884
      ],
      [
        2543,
        2887
      ],
      [
        2545,
        2882
      ]
    ],
    "coordinates": [
      [
        2499,
        2890
      ],
      [
        2502,
        2892
      ],
      [
        2504,
        2888
      ],
      [
        2511,
        2914
      ],
      [
        2513,
        2911
      ],
      [
        2515,
        2914
      ],
      [
        2523,
        2939
      ],
      [
        2525,
        2933
      ],
      [
        2526,
        2939
      ],
      [
        2538,
        2884
      ],
      [
        2543,
        2887
      ],
      [
        2545,
        2882
      ]
    ],
    "models": [
      26839,
      26844
    ]
  },
  {
    "id": 1504,
    "name": "Hunting\u0020expert",
    "category": -1,
    "minimapdot": false,
    "level": 0,
    "actions": ["Talk-to"],
    "coordinates": [[
      2525,
      2917
    ]],
    "models": [
      19862,
      19871,
      19856,
      10706,
      19866,
      358,
      19873
    ]
  },
  {
    "id": 5529,
    "name": "Hunting\u0020expert",
    "category": -1,
    "minimapdot": false,
    "level": 0,
    "actions": ["Talk-to"],
    "coordinates": [[
      2527,
      2893
    ]],
    "models": [
      19862,
      19871,
      19856,
      10706,
      19866,
      358
    ]
  },
  {
    "id": 5553,
    "name": "Black\u0020warlock",
    "category": -1,
    "minimapdot": false,
    "level": 0,
    "actions": ["Catch"],
    "coordinates": [
      [
        2532,
        2905
      ],
      [
        2540,
        2898
      ],
      [
        2540,
        2914
      ],
      [
        2550,
        2893
      ],
      [
        2551,
        2915
      ]
    ],
    "models": [3023]
  },
  {
    "id": 2908,
    "name": "Spined\u0020larupia",
    "category": 473,
    "minimapdot": false,
    "level": 40,
    "actions": ["Tease"],
    "coordinates": [
      [
        2544,
        2910
      ],
      [
        2550,
        2904
      ],
      [
        2556,
        2895
      ]
    ],
    "models": [19376]
  }
]