[
  {
    "id": 2854,
    "name": "Rat",
    "category": 262,
    "minimapdot": false,
    "level": 1,
    "actions": ["Attack"],
    "coordinates": [
      [
        2499,
        3330
      ],
      [
        2500,
        3331
      ],
      [
        2503,
        3330
      ],
      [
        2503,
        3333
      ],
      [
        2508,
        3330
      ],
      [
        2514,
        3330
      ],
      [
        2514,
        3334
      ],
      [
        2517,
        3332
      ],
      [
        2518,
        3329
      ],
      [
        2521,
        3329
      ],
      [
        2525,
        3334
      ],
      [
        2529,
        3328
      ],
      [
        2530,
        3332
      ],
      [
        2532,
        3330
      ],
      [
        2535,
        3332
      ]
    ],
    "models": [9610]
  },
  {
    "id": 1113,
    "name": "Guard",
    "category": -1,
    "minimapdot": false,
    "level": 0,
    "actions": ["Talk-to"],
    "coordinates": [
      [
        2508,
        3370
      ],
      [
        2512,
        3374
      ],
      [
        2518,
        3371
      ],
      [
        2525,
        3380
      ]
    ],
    "models": [
      208,
      185,
      248,
      311,
      151,
      179,
      254,
      276,
      16846
    ]
  },
  {
    "id": 1111,
    "name": "Guard",
    "category": -1,
    "minimapdot": false,
    "level": 0,
    "actions": ["Talk-to"],
    "coordinates": [
      [
        2510,
        3378
      ],
      [
        2511,
        3383
      ],
      [
        2515,
        3356
      ],
      [
        2519,
        3356
      ],
      [
        2521,
        3383
      ],
      [
        2524,
        3362
      ],
      [
        2525,
        3383
      ]
    ],
    "models": [
      208,
      185,
      248,
      311,
      151,
      179,
      254,
      276,
      502,
      541
    ]
  },
  {
    "id": 2894,
    "name": "Shop\u0020keeper",
    "category": -1,
    "minimapdot": false,
    "level": 0,
    "actions": [
      "Talk-to",
      "Trade"
    ],
    "coordinates": [[
      2514,
      3385
    ]],
    "models": [
      208,
      253,
      299,
      159,
      179,
      254,
      181,
      329
    ]
  },
  {
    "id": 1112,
    "name": "Guard",
    "category": -1,
    "minimapdot": false,
    "level": 0,
    "actions": ["Talk-to"],
    "coordinates": [
      [
        2519,
        3366
      ],
      [
        2525,
        3369
      ],
      [
        2531,
        3368
      ]
    ],
    "models": [
      208,
      185,
      248,
      311,
      151,
      179,
      254,
      276,
      16846
    ]
  },
  {
    "id": 1153,
    "name": "Ogre",
    "category": 271,
    "minimapdot": false,
    "level": 63,
    "actions": ["Attack"],
    "coordinates": [
      [
        2523,
        3373
      ],
      [
        2523,
        3376
      ],
      [
        2526,
        3373
      ],
      [
        2526,
        3376
      ],
      [
        2529,
        3373
      ],
      [
        2529,
        3376
      ],
      [
        2531,
        3376
      ],
      [
        2532,
        3373
      ]
    ],
    "models": [
      2878,
      2874
    ]
  },
  {
    "id": 4265,
    "name": "Billy\u0020Rehnison",
    "category": -1,
    "minimapdot": false,
    "level": 0,
    "actions": ["Talk-to"],
    "coordinates": [[
      2530,
      3331
    ]],
    "models": [
      2897,
      2909,
      2918
    ]
  },
  {
    "id": 4263,
    "name": "Ted\u0020Rehnison",
    "category": -1,
    "minimapdot": false,
    "level": 0,
    "actions": ["Talk-to"],
    "coordinates": [[
      2531,
      3331
    ]],
    "models": [
      230,
      185,
      250,
      310,
      151,
      176,
      275
    ]
  },
  {
    "id": 4264,
    "name": "Martha\u0020Rehnison",
    "category": -1,
    "minimapdot": false,
    "level": 0,
    "actions": ["Talk-to"],
    "coordinates": [[
      2531,
      3333
    ]],
    "models": [
      378,
      361,
      474,
      351,
      353,
      438
    ]
  }
]