[
  {
    "id": 103,
    "name": "Rocks",
    "category": -1,
    "minimapdot": false,
    "level": 0,
    "actions": [
      [
        2501,
        3755
      ],
      [
        2512,
        3765
      ],
      [
        2512,
        3766
      ],
      [
        2521,
        3756
      ],
      [
        2524,
        3724
      ],
      [
        2529,
        3740
      ],
      [
        2530,
        3762
      ],
      [
        2531,
        3721
      ],
      [
        2532,
        3760
      ],
      [
        2541,
        3757
      ],
      [
        2543,
        3754
      ],
      [
        2548,
        3734
      ]
    ],
    "coordinates": [
      [
        2501,
        3755
      ],
      [
        2512,
        3765
      ],
      [
        2512,
        3766
      ],
      [
        2521,
        3756
      ],
      [
        2524,
        3724
      ],
      [
        2529,
        3740
      ],
      [
        2530,
        3762
      ],
      [
        2531,
        3721
      ],
      [
        2532,
        3760
      ],
      [
        2541,
        3757
      ],
      [
        2543,
        3754
      ],
      [
        2548,
        3734
      ]
    ],
    "models": [
      4399,
      4400
    ]
  },
  {
    "id": 101,
    "name": "Rocks",
    "category": -1,
    "minimapdot": false,
    "level": 0,
    "actions": [
      [
        2502,
        3754
      ],
      [
        2514,
        3766
      ],
      [
        2522,
        3716
      ],
      [
        2523,
        3723
      ],
      [
        2534,
        3719
      ],
      [
        2537,
        3765
      ],
      [
        2553,
        3746
      ]
    ],
    "coordinates": [
      [
        2502,
        3754
      ],
      [
        2514,
        3766
      ],
      [
        2522,
        3716
      ],
      [
        2523,
        3723
      ],
      [
        2534,
        3719
      ],
      [
        2537,
        3765
      ],
      [
        2553,
        3746
      ]
    ],
    "models": [
      4399,
      4400
    ]
  },
  {
    "id": 3049,
    "name": "Hobgoblin",
    "category": 442,
    "minimapdot": false,
    "level": 28,
    "actions": ["Attack"],
    "coordinates": [
      [
        2503,
        3730
      ],
      [
        2526,
        3739
      ]
    ],
    "models": [2994]
  },
  {
    "id": 2260,
    "name": "Askeladden",
    "category": -1,
    "minimapdot": false,
    "level": 1,
    "actions": [[
      2539,
      3739
    ]],
    "coordinates": [[
      2539,
      3739
    ]],
    "models": []
  },
  {
    "id": 10407,
    "name": "Jarvald",
    "category": -1,
    "minimapdot": false,
    "level": 0,
    "actions": [
      "Talk-to",
      "Rellekka"
    ],
    "coordinates": [[
      2544,
      3761
    ]],
    "models": [
      8747,
      252,
      292,
      162,
      176,
      4236,
      4235,
      4226,
      4218
    ]
  }
]