[
  {
    "id": 52,
    "name": "Zombie",
    "category": 274,
    "minimapdot": false,
    "level": 24,
    "actions": ["Attack"],
    "coordinates": [[
      2497,
      3292
    ]],
    "models": [
      21107,
      21063,
      21045,
      21092,
      21121,
      21077,
      21139
    ]
  },
  {
    "id": 32,
    "name": "Zombie",
    "category": 274,
    "minimapdot": false,
    "level": 13,
    "actions": ["Attack"],
    "coordinates": [[
      2499,
      3286
    ]],
    "models": [
      21103,
      21055,
      21039,
      21084,
      21115,
      21075,
      21140
    ]
  },
  {
    "id": 34,
    "name": "Zombie",
    "category": 274,
    "minimapdot": false,
    "level": 13,
    "actions": ["Attack"],
    "coordinates": [[
      2500,
      3283
    ]],
    "models": [
      21102,
      21061,
      21043,
      21090,
      21119,
      21076,
      21140
    ]
  },
  {
    "id": 4267,
    "name": "Knight\u0020of\u0020Ardougne",
    "category": -1,
    "minimapdot": false,
    "level": 46,
    "actions": [
      [
        2500,
        3320
      ],
      [
        2521,
        3283
      ],
      [
        2527,
        3326
      ],
      [
        2538,
        3304
      ],
      [
        2544,
        3324
      ],
      [
        2549,
        3282
      ],
      [
        2549,
        3315
      ],
      [
        2552,
        3326
      ]
    ],
    "coordinates": [
      [
        2500,
        3320
      ],
      [
        2521,
        3283
      ],
      [
        2527,
        3326
      ],
      [
        2538,
        3304
      ],
      [
        2544,
        3324
      ],
      [
        2549,
        3282
      ],
      [
        2549,
        3315
      ],
      [
        2552,
        3326
      ]
    ],
    "models": []
  },
  {
    "id": 85,
    "name": "Ghost",
    "category": 278,
    "minimapdot": false,
    "level": 19,
    "actions": ["Attack"],
    "coordinates": [[
      2501,
      3289
    ]],
    "models": [21154]
  },
  {
    "id": 89,
    "name": "Ghost",
    "category": 278,
    "minimapdot": false,
    "level": 19,
    "actions": ["Attack"],
    "coordinates": [[
      2501,
      3294
    ]],
    "models": [21143]
  },
  {
    "id": 9223,
    "name": "Mourner",
    "category": -1,
    "minimapdot": false,
    "level": 1,
    "actions": [
      [
        2501,
        3315
      ],
      [
        2513,
        3325
      ],
      [
        2526,
        3279
      ],
      [
        2528,
        3297
      ],
      [
        2535,
        3288
      ],
      [
        2548,
        3287
      ]
    ],
    "coordinates": [
      [
        2501,
        3315
      ],
      [
        2513,
        3325
      ],
      [
        2526,
        3279
      ],
      [
        2528,
        3297
      ],
      [
        2535,
        3288
      ],
      [
        2548,
        3287
      ]
    ],
    "models": []
  },
  {
    "id": 4262,
    "name": "Paladin",
    "category": -1,
    "minimapdot": false,
    "level": 62,
    "actions": [
      [
        2502,
        3304
      ],
      [
        2525,
        3308
      ],
      [
        2531,
        3327
      ],
      [
        2532,
        3274
      ],
      [
        2548,
        3298
      ],
      [
        2549,
        3323
      ]
    ],
    "coordinates": [
      [
        2502,
        3304
      ],
      [
        2525,
        3308
      ],
      [
        2531,
        3327
      ],
      [
        2532,
        3274
      ],
      [
        2548,
        3298
      ],
      [
        2549,
        3323
      ]
    ],
    "models": []
  },
  {
    "id": 1132,
    "name": "Child",
    "category": -1,
    "minimapdot": false,
    "level": 0,
    "actions": ["Talk-to"],
    "coordinates": [
      [
        2504,
        3318
      ],
      [
        2547,
        3277
      ]
    ],
    "models": [
      2897,
      2910,
      2918
    ]
  },
  {
    "id": 1130,
    "name": "Woman",
    "category": -1,
    "minimapdot": false,
    "level": 4,
    "actions": [
      "Talk-to",
      "Attack"
    ],
    "coordinates": [
      [
        2504,
        3326
      ],
      [
        2509,
        3314
      ],
      [
        2546,
        3277
      ]
    ],
    "models": [
      390,
      474,
      351,
      353,
      438,
      358
    ]
  },
  {
    "id": 37,
    "name": "Zombie",
    "category": 274,
    "minimapdot": false,
    "level": 13,
    "actions": ["Attack"],
    "coordinates": [[
      2506,
      3284
    ]],
    "models": [
      21002,
      20977,
      20958,
      20995,
      21020,
      20986,
      21036
    ]
  },
  {
    "id": 1118,
    "name": "Man",
    "category": -1,
    "minimapdot": false,
    "level": 4,
    "actions": [
      "Talk-to",
      "Attack"
    ],
    "coordinates": [[
      2509,
      3325
    ]],
    "models": [
      215,
      185,
      249,
      310,
      173,
      176,
      275
    ]
  },
  {
    "id": 1131,
    "name": "Woman",
    "category": -1,
    "minimapdot": false,
    "level": 3,
    "actions": [
      "Talk-to",
      "Attack"
    ],
    "coordinates": [
      [
        2510,
        3318
      ],
      [
        2524,
        3271
      ]
    ],
    "models": [
      378,
      474,
      351,
      353,
      438,
      358
    ]
  },
  {
    "id": 54,
    "name": "Zombie",
    "category": 274,
    "minimapdot": false,
    "level": 24,
    "actions": ["Attack"],
    "coordinates": [[
      2511,
      3287
    ]],
    "models": [
      21106,
      21060,
      21042,
      21089,
      21118,
      21076,
      21139
    ]
  },
  {
    "id": 1119,
    "name": "Woman",
    "category": -1,
    "minimapdot": false,
    "level": 3,
    "actions": [
      "Talk-to",
      "Attack"
    ],
    "coordinates": [
      [
        2511,
        3322
      ],
      [
        2540,
        3279
      ]
    ],
    "models": [
      408,
      361,
      474,
      332,
      353,
      438
    ]
  },
  {
    "id": 5287,
    "name": "Mourner",
    "category": -1,
    "minimapdot": false,
    "level": 1,
    "actions": [
      [
        2513,
        3294
      ],
      [
        2518,
        3320
      ],
      [
        2530,
        3274
      ],
      [
        2535,
        3296
      ]
    ],
    "coordinates": [
      [
        2513,
        3294
      ],
      [
        2518,
        3320
      ],
      [
        2530,
        3274
      ],
      [
        2535,
        3296
      ]
    ],
    "models": []
  },
  {
    "id": 1142,
    "name": "Woman",
    "category": -1,
    "minimapdot": false,
    "level": 14,
    "actions": [
      "Talk-to",
      "Attack"
    ],
    "coordinates": [[
      2513,
      3315
    ]],
    "models": [
      399,
      455,
      351,
      353,
      437,
      358
    ]
  },
  {
    "id": 1152,
    "name": "Nurse\u0020Sarah",
    "category": -1,
    "minimapdot": false,
    "level": 0,
    "actions": ["Talk-to"],
    "coordinates": [[
      2516,
      3274
    ]],
    "models": [
      390,
      456,
      332,
      353,
      429,
      358
    ]
  },
  {
    "id": 1133,
    "name": "Child",
    "category": -1,
    "minimapdot": false,
    "level": 0,
    "actions": ["Talk-to"],
    "coordinates": [
      [
        2518,
        3275
      ],
      [
        2523,
        3307
      ]
    ],
    "models": [
      2897,
      2909,
      2922
    ]
  },
  {
    "id": 9226,
    "name": "Mourner",
    "category": -1,
    "minimapdot": false,
    "level": 1,
    "actions": [
      [
        2518,
        3309
      ],
      [
        2526,
        3303
      ],
      [
        2543,
        3309
      ]
    ],
    "coordinates": [
      [
        2518,
        3309
      ],
      [
        2526,
        3303
      ],
      [
        2543,
        3309
      ]
    ],
    "models": []
  },
  {
    "id": 1140,
    "name": "Woman",
    "category": -1,
    "minimapdot": false,
    "level": 12,
    "actions": [
      "Talk-to",
      "Attack"
    ],
    "coordinates": [[
      2519,
      3277
    ]],
    "models": [
      404,
      478,
      351,
      353,
      437,
      358
    ]
  },
  {
    "id": 8968,
    "name": "Clerk",
    "category": -1,
    "minimapdot": false,
    "level": 0,
    "actions": ["Talk-to"],
    "coordinates": [[
      2520,
      3314
    ]],
    "models": [
      217,
      246,
      292,
      327,
      151,
      176,
      254,
      181
    ]
  },
  {
    "id": 9222,
    "name": "Mourner",
    "category": -1,
    "minimapdot": false,
    "level": 1,
    "actions": [
      [
        2524,
        3292
      ],
      [
        2536,
        3294
      ],
      [
        2538,
        3321
      ]
    ],
    "coordinates": [
      [
        2524,
        3292
      ],
      [
        2536,
        3294
      ],
      [
        2538,
        3321
      ]
    ],
    "models": []
  },
  {
    "id": 4255,
    "name": "Clerk",
    "category": -1,
    "minimapdot": false,
    "level": 0,
    "actions": ["Talk-to"],
    "coordinates": [[
      2528,
      3317
    ]],
    "models": [
      230,
      247,
      245,
      292,
      327,
      151,
      176,
      254,
      181
    ]
  },
  {
    "id": 1137,
    "name": "Priest",
    "category": -1,
    "minimapdot": false,
    "level": 0,
    "actions": ["Talk-to"],
    "coordinates": [[
      2529,
      3285
    ]],
    "models": [
      230,
      181,
      250,
      292,
      170,
      176,
      260
    ]
  },
  {
    "id": 7382,
    "name": "Mourner",
    "category": 922,
    "minimapdot": false,
    "level": 1,
    "actions": [
      [
        2534,
        3273
      ],
      [
        2539,
        3273
      ]
    ],
    "coordinates": [
      [
        2534,
        3273
      ],
      [
        2539,
        3273
      ]
    ],
    "models": []
  },
  {
    "id": 4271,
    "name": "Man",
    "category": -1,
    "minimapdot": false,
    "level": 0,
    "actions": ["Talk-to"],
    "coordinates": [[
      2536,
      3308
    ]],
    "models": [
      214,
      250,
      8845,
      11431,
      10218,
      275,
      185
    ]
  },
  {
    "id": 4252,
    "name": "Bravek",
    "category": -1,
    "minimapdot": false,
    "level": 0,
    "actions": ["Talk-to"],
    "coordinates": [[
      2536,
      3314
    ]],
    "models": [
      206,
      299,
      159,
      274,
      185,
      323,
      252,
      176
    ]
  },
  {
    "id": 1141,
    "name": "Woman",
    "category": -1,
    "minimapdot": false,
    "level": 3,
    "actions": [
      "Talk-to",
      "Attack"
    ],
    "coordinates": [[
      2537,
      3324
    ]],
    "models": [
      404,
      11360,
      351,
      353,
      437,
      358
    ]
  },
  {
    "id": 5312,
    "name": "Jethick",
    "category": -1,
    "minimapdot": false,
    "level": 1,
    "actions": [[
      2540,
      3305
    ]],
    "coordinates": [[
      2540,
      3305
    ]],
    "models": []
  },
  {
    "id": 4270,
    "name": "Man",
    "category": -1,
    "minimapdot": false,
    "level": 0,
    "actions": ["Talk-to"],
    "coordinates": [[
      2540,
      3308
    ]],
    "models": [
      214,
      250,
      299,
      159,
      179,
      271,
      185
    ]
  },
  {
    "id": 5286,
    "name": "Head\u0020Mourner",
    "category": -1,
    "minimapdot": false,
    "level": 1,
    "actions": [[
      2542,
      3286
    ]],
    "coordinates": [[
      2542,
      3286
    ]],
    "models": []
  },
  {
    "id": 5311,
    "name": "Recruiter",
    "category": -1,
    "minimapdot": false,
    "level": 1,
    "actions": [[
      2542,
      3306
    ]],
    "coordinates": [[
      2542,
      3306
    ]],
    "models": []
  },
  {
    "id": 9231,
    "name": "Mourner",
    "category": -1,
    "minimapdot": false,
    "level": 1,
    "actions": [
      [
        2545,
        3326
      ],
      [
        2551,
        3322
      ],
      [
        2555,
        3324
      ]
    ],
    "coordinates": [
      [
        2545,
        3326
      ],
      [
        2551,
        3322
      ],
      [
        2555,
        3324
      ]
    ],
    "models": []
  },
  {
    "id": 9229,
    "name": "Mourner",
    "category": -1,
    "minimapdot": false,
    "level": 1,
    "actions": [
      [
        2548,
        3324
      ],
      [
        2550,
        3326
      ],
      [
        2553,
        3325
      ]
    ],
    "coordinates": [
      [
        2548,
        3324
      ],
      [
        2550,
        3326
      ],
      [
        2553,
        3325
      ]
    ],
    "models": []
  },
  {
    "id": 9227,
    "name": "Mourner",
    "category": -1,
    "minimapdot": false,
    "level": 1,
    "actions": [[
      2552,
      3320
    ]],
    "coordinates": [[
      2552,
      3320
    ]],
    "models": []
  },
  {
    "id": 1139,
    "name": "Woman",
    "category": -1,
    "minimapdot": false,
    "level": 4,
    "actions": [
      "Talk-to",
      "Attack"
    ],
    "coordinates": [[
      2553,
      3275
    ]],
    "models": [
      399,
      474,
      351,
      353,
      437,
      358
    ]
  },
  {
    "id": 9224,
    "name": "Kilron",
    "category": 922,
    "minimapdot": false,
    "level": 1,
    "actions": [[
      2556,
      3266
    ]],
    "coordinates": [[
      2556,
      3266
    ]],
    "models": []
  },
  {
    "id": 9225,
    "name": "Omart",
    "category": 922,
    "minimapdot": false,
    "level": 1,
    "actions": [[
      2559,
      3266
    ]],
    "coordinates": [[
      2559,
      3266
    ]],
    "models": []
  },
  {
    "id": 9232,
    "name": "Mourner",
    "category": -1,
    "minimapdot": false,
    "level": 1,
    "actions": [[
      2559,
      3304
    ]],
    "coordinates": [[
      2559,
      3304
    ]],
    "models": []
  }
]