[
  {
    "id": 1542,
    "name": "Fishing\u0020spot",
    "category": 1174,
    "minimapdot": false,
    "level": 0,
    "actions": ["Use-rod"],
    "coordinates": [
      [
        2500,
        3506
      ],
      [
        2500,
        3512
      ],
      [
        2504,
        3497
      ],
      [
        2506,
        3493
      ],
      [
        2520,
        3518
      ]
    ],
    "models": [1491]
  },
  {
    "id": 2914,
    "name": "Otto\u0020Godblessed",
    "category": 369,
    "minimapdot": false,
    "level": 0,
    "actions": ["Talk-to"],
    "coordinates": [[
      2501,
      3487
    ]],
    "models": [
      18192,
      11747,
      22163,
      280,
      11759,
      11764,
      11727,
      11731,
      19250,
      11733
    ]
  },
  {
    "id": 4182,
    "name": "Hudon",
    "category": -1,
    "minimapdot": false,
    "level": 0,
    "actions": ["Talk-to"],
    "coordinates": [[
      2511,
      3484
    ]],
    "models": [
      2897,
      2910,
      2918
    ]
  },
  {
    "id": 4181,
    "name": "Almera",
    "category": -1,
    "minimapdot": false,
    "level": 0,
    "actions": ["Talk-to"],
    "coordinates": [[
      2522,
      3498
    ]],
    "models": [
      390,
      456,
      332,
      353,
      429,
      358
    ]
  },
  {
    "id": 5188,
    "name": "Guard",
    "category": 671,
    "minimapdot": false,
    "level": 10,
    "actions": [
      "Talk-to",
      "Attack"
    ],
    "coordinates": [[
      2554,
      3472
    ]],
    "models": [
      2971,
      2986,
      7051,
      7040,
      7043,
      7065,
      2993
    ]
  },
  {
    "id": 5189,
    "name": "Guard",
    "category": 671,
    "minimapdot": false,
    "level": 10,
    "actions": [
      "Talk-to",
      "Attack"
    ],
    "coordinates": [[
      2554,
      3476
    ]],
    "models": [
      2971,
      2986,
      7051,
      7040,
      7043,
      7065,
      2993
    ]
  }
]