[
  {
    "id": 2063,
    "name": "Penguin",
    "category": 428,
    "minimapdot": false,
    "level": 2,
    "actions": ["Attack"],
    "coordinates": [
      [
        2499,
        3893
      ],
      [
        2499,
        3896
      ],
      [
        2500,
        3895
      ],
      [
        2501,
        3896
      ],
      [
        2501,
        3897
      ],
      [
        2503,
        3898
      ],
      [
        2505,
        3897
      ],
      [
        2505,
        3899
      ]
    ],
    "models": [21547]
  },
  {
    "id": 3675,
    "name": "Einar",
    "category": 517,
    "minimapdot": false,
    "level": 1,
    "actions": [
      "Talk-to",
      "Attack"
    ],
    "coordinates": [[
      2501,
      3868
    ]],
    "models": [
      4220,
      4219,
      292,
      162,
      179,
      4226,
      4218,
      250,
      3707
    ]
  },
  {
    "id": 3677,
    "name": "Thorhild",
    "category": 517,
    "minimapdot": false,
    "level": 1,
    "actions": [
      "Talk-to",
      "Attack"
    ],
    "coordinates": [[
      2502,
      3852
    ]],
    "models": [
      383,
      469,
      347,
      353,
      421,
      358
    ]
  },
  {
    "id": 1099,
    "name": "Guard",
    "category": -1,
    "minimapdot": false,
    "level": 0,
    "actions": ["Talk-to"],
    "coordinates": [[
      2509,
      3848
    ]],
    "models": [
      4220,
      250,
      292,
      162,
      179,
      4226,
      4218,
      326,
      4221,
      4219
    ]
  },
  {
    "id": 3683,
    "name": "Valgerd",
    "category": 517,
    "minimapdot": false,
    "level": 2,
    "actions": [
      "Talk-to",
      "Attack"
    ],
    "coordinates": [[
      2511,
      3854
    ]],
    "models": [
      390,
      343,
      456,
      421,
      353,
      479,
      361,
      417
    ]
  },
  {
    "id": 3682,
    "name": "Thora",
    "category": 517,
    "minimapdot": false,
    "level": 2,
    "actions": [
      "Talk-to",
      "Attack"
    ],
    "coordinates": [[
      2511,
      3871
    ]],
    "models": [
      382,
      470,
      343,
      353,
      421,
      358,
      479
    ]
  },
  {
    "id": 3661,
    "name": "Chicken",
    "category": 444,
    "minimapdot": false,
    "level": 1,
    "actions": ["Attack"],
    "coordinates": [
      [
        2512,
        3862
      ],
      [
        2512,
        3867
      ],
      [
        2537,
        3892
      ],
      [
        2539,
        3893
      ],
      [
        2545,
        3893
      ],
      [
        2547,
        3893
      ]
    ],
    "models": [23905]
  },
  {
    "id": 3685,
    "name": "Broddi",
    "category": 517,
    "minimapdot": false,
    "level": 2,
    "actions": [
      "Talk-to",
      "Attack"
    ],
    "coordinates": [[
      2512,
      3871
    ]],
    "models": [
      206,
      252,
      292,
      162,
      176,
      4226,
      4218,
      4391
    ]
  },
  {
    "id": 3681,
    "name": "Rannveig",
    "category": 517,
    "minimapdot": false,
    "level": 2,
    "actions": [
      "Talk-to",
      "Attack"
    ],
    "coordinates": [[
      2513,
      3865
    ]],
    "models": [
      387,
      343,
      456,
      421,
      353,
      479,
      361
    ]
  },
  {
    "id": 3684,
    "name": "Skraeling",
    "category": 517,
    "minimapdot": false,
    "level": 2,
    "actions": [
      "Talk-to",
      "Attack"
    ],
    "coordinates": [[
      2513,
      3866
    ]],
    "models": [
      4220,
      252,
      292,
      162,
      176,
      4221,
      4219,
      4226,
      4218,
      550,
      4235,
      4391
    ]
  },
  {
    "id": 3676,
    "name": "Alrik",
    "category": 517,
    "minimapdot": false,
    "level": 1,
    "actions": [
      "Talk-to",
      "Attack"
    ],
    "coordinates": [[
      2514,
      3855
    ]],
    "models": [
      215,
      252,
      311,
      169,
      176,
      4226,
      4218,
      3706
    ]
  },
  {
    "id": 3662,
    "name": "Chicken",
    "category": 444,
    "minimapdot": false,
    "level": 1,
    "actions": ["Attack"],
    "coordinates": [
      [
        2514,
        3859
      ],
      [
        2516,
        3865
      ]
    ],
    "models": [23905]
  },
  {
    "id": 3673,
    "name": "Flower\u0020Girl",
    "category": -1,
    "minimapdot": false,
    "level": 0,
    "actions": ["Talk-to"],
    "coordinates": [[
      2514,
      3866
    ]],
    "models": [
      390,
      471,
      348,
      353,
      428,
      358
    ]
  },
  {
    "id": 3686,
    "name": "Skraeling",
    "category": 517,
    "minimapdot": false,
    "level": 2,
    "actions": [
      "Talk-to",
      "Attack"
    ],
    "coordinates": [[
      2515,
      3863
    ]],
    "models": [
      4220,
      252,
      299,
      162,
      179,
      4226,
      4218,
      550,
      4235,
      4221,
      4219
    ]
  },
  {
    "id": 3689,
    "name": "Greengrocer",
    "category": -1,
    "minimapdot": false,
    "level": 0,
    "actions": [
      "Talk-to",
      "Trade"
    ],
    "coordinates": [[
      2516,
      3864
    ]],
    "models": [
      206,
      252,
      292,
      162,
      179,
      4226,
      4218,
      4391,
      317
    ]
  },
  {
    "id": 3674,
    "name": "Ragnar",
    "category": 517,
    "minimapdot": false,
    "level": 1,
    "actions": [
      "Talk-to",
      "Attack"
    ],
    "coordinates": [[
      2518,
      3859
    ]],
    "models": [
      4220,
      250,
      292,
      151,
      176,
      4226,
      4218,
      4219
    ]
  },
  {
    "id": 3663,
    "name": "Rooster",
    "category": 444,
    "minimapdot": false,
    "level": 2,
    "actions": ["Attack"],
    "coordinates": [[
      2518,
      3865
    ]],
    "models": [23905]
  },
  {
    "id": 3688,
    "name": "Fishmonger",
    "category": -1,
    "minimapdot": false,
    "level": 0,
    "actions": [
      "Talk-to",
      "Trade"
    ],
    "coordinates": [[
      2518,
      3866
    ]],
    "models": [
      230,
      252,
      292,
      162,
      179,
      4226,
      4218,
      326,
      317
    ]
  },
  {
    "id": 3687,
    "name": "Ragnvald",
    "category": 517,
    "minimapdot": false,
    "level": 2,
    "actions": [
      "Talk-to",
      "Attack"
    ],
    "coordinates": [[
      2518,
      3867
    ]],
    "models": [
      208,
      252,
      292,
      170,
      176,
      265,
      185,
      317,
      4391,
      3711
    ]
  },
  {
    "id": 3654,
    "name": "Miner\u0020Magnus",
    "category": 517,
    "minimapdot": false,
    "level": 0,
    "actions": [
      "Talk-to",
      "Check-Approval"
    ],
    "coordinates": [[
      2526,
      3893
    ]],
    "models": [
      215,
      247,
      299,
      168,
      179,
      4226,
      4218,
      509
    ]
  },
  {
    "id": 3656,
    "name": "Gardener\u0020Gunnhild",
    "category": 517,
    "minimapdot": false,
    "level": 0,
    "actions": [
      "Talk-to",
      "Check-Approval"
    ],
    "coordinates": [[
      2527,
      3855
    ]],
    "models": [
      390,
      478,
      332,
      356,
      421,
      358,
      480,
      7125
    ]
  },
  {
    "id": 3672,
    "name": "Farmer",
    "category": -1,
    "minimapdot": false,
    "level": 0,
    "actions": [[
      2538,
      3852
    ]],
    "coordinates": [[
      2538,
      3852
    ]],
    "models": [
      215,
      248,
      292,
      162,
      179,
      4226,
      4218,
      507,
      4390,
      317
    ]
  },
  {
    "id": 3678,
    "name": "Halla",
    "category": 517,
    "minimapdot": false,
    "level": 1,
    "actions": [
      "Talk-to",
      "Attack"
    ],
    "coordinates": [[
      2541,
      3896
    ]],
    "models": [
      393,
      462,
      341,
      353,
      426,
      358,
      414
    ]
  },
  {
    "id": 3665,
    "name": "Rabbit",
    "category": 739,
    "minimapdot": false,
    "level": 2,
    "actions": ["Attack"],
    "coordinates": [
      [
        2545,
        3869
      ],
      [
        2554,
        3871
      ]
    ],
    "models": [23901]
  },
  {
    "id": 3664,
    "name": "Rabbit",
    "category": 739,
    "minimapdot": false,
    "level": 2,
    "actions": ["Attack"],
    "coordinates": [
      [
        2549,
        3869
      ],
      [
        2552,
        3866
      ]
    ],
    "models": [23901]
  },
  {
    "id": 3653,
    "name": "Lumberjack\u0020Leif",
    "category": 517,
    "minimapdot": false,
    "level": 0,
    "actions": [
      "Talk-to",
      "Check-Approval"
    ],
    "coordinates": [[
      2550,
      3869
    ]],
    "models": [
      215,
      252,
      299,
      167,
      179,
      4226,
      4218,
      510
    ]
  },
  {
    "id": 3671,
    "name": "Derrik",
    "category": -1,
    "minimapdot": false,
    "level": 0,
    "actions": ["Talk-to"],
    "coordinates": [[
      2551,
      3897
    ]],
    "models": [
      214,
      252,
      302,
      167,
      179,
      4226,
      4218,
      491
    ]
  }
]