[
  {
    "id": 2848,
    "name": "Monkey",
    "category": 299,
    "minimapdot": false,
    "level": 3,
    "actions": ["Attack"],
    "coordinates": [
      [
        2509,
        4550
      ],
      [
        2513,
        4553
      ],
      [
        2516,
        4552
      ],
      [
        2518,
        4545
      ],
      [
        2522,
        4556
      ],
      [
        2524,
        4552
      ],
      [
        2525,
        4549
      ]
    ],
    "models": [3004]
  },
  {
    "id": 4712,
    "name": "Fishing\u0020spot",
    "category": 633,
    "minimapdot": false,
    "level": 0,
    "actions": ["Fish"],
    "coordinates": [[
      2515,
      4591
    ]],
    "models": [1491]
  },
  {
    "id": 4705,
    "name": "Tamayu",
    "category": -1,
    "minimapdot": false,
    "level": 0,
    "actions": [[
      2523,
      4567
    ]],
    "coordinates": [[
      2523,
      4567
    ]],
    "models": [
      231,
      8919,
      246,
      315,
      173,
      176,
      8925,
      540,
      201
    ]
  },
  {
    "id": 4709,
    "name": "The\u0020Shaikahan",
    "category": -1,
    "minimapdot": false,
    "level": 83,
    "actions": [
      [
        2524,
        4567
      ],
      [
        2540,
        4566
      ]
    ],
    "coordinates": [
      [
        2524,
        4567
      ],
      [
        2540,
        4566
      ]
    ],
    "models": [3879]
  },
  {
    "id": 4699,
    "name": "Tiadeche",
    "category": -1,
    "minimapdot": false,
    "level": 0,
    "actions": ["Talk-to"],
    "coordinates": [[
      2528,
      4589
    ]],
    "models": [
      231,
      8919,
      246,
      315,
      173,
      176,
      8925,
      201,
      289
    ]
  },
  {
    "id": 4713,
    "name": "Fishing\u0020spot",
    "category": 633,
    "minimapdot": false,
    "level": 0,
    "actions": ["Fish"],
    "coordinates": [[
      2528,
      4591
    ]],
    "models": [1491]
  },
  {
    "id": 283,
    "name": "Pelican",
    "category": 255,
    "minimapdot": false,
    "level": 0,
    "actions": [
      [
        2530,
        4578
      ],
      [
        2550,
        4577
      ]
    ],
    "coordinates": [
      [
        2530,
        4578
      ],
      [
        2550,
        4577
      ]
    ],
    "models": [
      26846,
      26838
    ]
  },
  {
    "id": 4706,
    "name": "Tamayu",
    "category": -1,
    "minimapdot": false,
    "level": 0,
    "actions": [[
      2541,
      4565
    ]],
    "coordinates": [[
      2541,
      4565
    ]],
    "models": [
      231,
      8919,
      246,
      315,
      173,
      176,
      8925,
      540,
      201
    ]
  },
  {
    "id": 282,
    "name": "Cormorant",
    "category": 255,
    "minimapdot": false,
    "level": 0,
    "actions": [[
      2547,
      4580
    ]],
    "coordinates": [[
      2547,
      4580
    ]],
    "models": [
      26840,
      26838
    ]
  },
  {
    "id": 281,
    "name": "Gull",
    "category": 255,
    "minimapdot": false,
    "level": 0,
    "actions": [[
      2553,
      4576
    ]],
    "coordinates": [[
      2553,
      4576
    ]],
    "models": [
      26841,
      26844
    ]
  }
]