[
  {
    "id": 2159,
    "name": "TzHaar-Mej",
    "category": 430,
    "minimapdot": false,
    "level": 103,
    "actions": ["Attack"],
    "coordinates": [[
      2497,
      5082
    ]],
    "models": [
      9311,
      9310,
      9313,
      9312
    ]
  },
  {
    "id": 7679,
    "name": "TzHaar-Ket",
    "category": 433,
    "minimapdot": false,
    "level": 221,
    "actions": [
      "Talk-to",
      "Attack"
    ],
    "coordinates": [
      [
        2497,
        5085
      ],
      [
        2499,
        5079
      ],
      [
        2499,
        5099
      ],
      [
        2504,
        5100
      ],
      [
        2505,
        5073
      ],
      [
        2505,
        5083
      ],
      [
        2507,
        5104
      ],
      [
        2510,
        5070
      ],
      [
        2512,
        5105
      ],
      [
        2513,
        5085
      ],
      [
        2516,
        5072
      ],
      [
        2516,
        5113
      ],
      [
        2519,
        5080
      ],
      [
        2520,
        5118
      ],
      [
        2521,
        5087
      ],
      [
        2527,
        5088
      ],
      [
        2530,
        5101
      ],
      [
        2532,
        5110
      ],
      [
        2535,
        5104
      ],
      [
        2536,
        5115
      ]
    ],
    "models": [
      33124,
      33123,
      33122,
      33125,
      9306,
      9308
    ]
  },
  {
    "id": 2172,
    "name": "TzHaar-Xil",
    "category": 432,
    "minimapdot": false,
    "level": 133,
    "actions": ["Attack"],
    "coordinates": [
      [
        2497,
        5093
      ],
      [
        2515,
        5083
      ],
      [
        2516,
        5118
      ]
    ],
    "models": [
      9311,
      9310,
      9313,
      9312,
      9307
    ]
  },
  {
    "id": 2157,
    "name": "TzHaar-Mej",
    "category": 430,
    "minimapdot": false,
    "level": 103,
    "actions": ["Attack"],
    "coordinates": [
      [
        2497,
        5101
      ],
      [
        2502,
        5079
      ],
      [
        2508,
        5102
      ]
    ],
    "models": [
      9311,
      9310,
      9313,
      9312
    ]
  },
  {
    "id": 2160,
    "name": "TzHaar-Mej",
    "category": 430,
    "minimapdot": false,
    "level": 103,
    "actions": ["Attack"],
    "coordinates": [[
      2500,
      5084
    ]],
    "models": [
      9311,
      9310,
      9313,
      9312,
      9316
    ]
  },
  {
    "id": 2169,
    "name": "TzHaar-Xil",
    "category": 432,
    "minimapdot": false,
    "level": 133,
    "actions": ["Attack"],
    "coordinates": [
      [
        2501,
        5101
      ],
      [
        2528,
        5097
      ]
    ],
    "models": [
      9311,
      9310,
      9313,
      9312,
      9307
    ]
  },
  {
    "id": 2177,
    "name": "TzHaar-Ket",
    "category": 433,
    "minimapdot": false,
    "level": 149,
    "actions": ["Attack"],
    "coordinates": [[
      2502,
      5082
    ]],
    "models": [
      9301,
      9300,
      9303,
      9302,
      9314,
      9315
    ]
  },
  {
    "id": 2171,
    "name": "TzHaar-Xil",
    "category": 432,
    "minimapdot": false,
    "level": 133,
    "actions": ["Attack"],
    "coordinates": [
      [
        2502,
        5098
      ],
      [
        2513,
        5109
      ],
      [
        2521,
        5085
      ],
      [
        2532,
        5097
      ]
    ],
    "models": [
      9311,
      9310,
      9313,
      9312,
      9317,
      9318
    ]
  },
  {
    "id": 2167,
    "name": "TzHaar-Xil",
    "category": 432,
    "minimapdot": false,
    "level": 133,
    "actions": ["Attack"],
    "coordinates": [[
      2504,
      5098
    ]],
    "models": [
      9311,
      9310,
      9313,
      9312,
      9304,
      9305
    ]
  },
  {
    "id": 2179,
    "name": "TzHaar-Ket",
    "category": 433,
    "minimapdot": false,
    "level": 149,
    "actions": ["Attack"],
    "coordinates": [[
      2505,
      5102
    ]],
    "models": [
      9301,
      9300,
      9303,
      9302,
      9306,
      9315
    ]
  },
  {
    "id": 2158,
    "name": "TzHaar-Mej",
    "category": 430,
    "minimapdot": false,
    "level": 103,
    "actions": ["Attack"],
    "coordinates": [[
      2508,
      5068
    ]],
    "models": [
      9311,
      9310,
      9313,
      9312,
      9316
    ]
  },
  {
    "id": 7686,
    "name": "TzHaar-Hur",
    "category": 431,
    "minimapdot": false,
    "level": 74,
    "actions": [
      "Attack",
      "Pickpocket"
    ],
    "coordinates": [
      [
        2508,
        5071
      ],
      [
        2530,
        5097
      ],
      [
        2533,
        5103
      ]
    ],
    "models": [
      9311,
      9310,
      9313,
      9312
    ]
  },
  {
    "id": 7684,
    "name": "TzHaar-Hur",
    "category": 431,
    "minimapdot": false,
    "level": 74,
    "actions": [
      "Attack",
      "Pickpocket"
    ],
    "coordinates": [
      [
        2509,
        5105
      ],
      [
        2513,
        5115
      ],
      [
        2516,
        5112
      ],
      [
        2519,
        5115
      ]
    ],
    "models": [
      9311,
      9310,
      9313,
      9312
    ]
  },
  {
    "id": 2155,
    "name": "TzHaar-Mej",
    "category": 430,
    "minimapdot": false,
    "level": 103,
    "actions": ["Attack"],
    "coordinates": [[
      2510,
      5084
    ]],
    "models": [
      9311,
      9310,
      9313,
      9312,
      9316
    ]
  },
  {
    "id": 2168,
    "name": "TzHaar-Xil",
    "category": 432,
    "minimapdot": false,
    "level": 133,
    "actions": ["Attack"],
    "coordinates": [
      [
        2510,
        5108
      ],
      [
        2527,
        5099
      ],
      [
        2532,
        5107
      ]
    ],
    "models": [
      9311,
      9310,
      9313,
      9312,
      9317,
      9318
    ]
  },
  {
    "id": 2156,
    "name": "TzHaar-Mej",
    "category": 430,
    "minimapdot": false,
    "level": 103,
    "actions": ["Attack"],
    "coordinates": [[
      2511,
      5110
    ]],
    "models": [
      9311,
      9310,
      9313,
      9312,
      9316
    ]
  },
  {
    "id": 7683,
    "name": "TzHaar-Hur",
    "category": 431,
    "minimapdot": false,
    "level": 74,
    "actions": [
      "Attack",
      "Pickpocket"
    ],
    "coordinates": [
      [
        2513,
        5112
      ],
      [
        2540,
        5116
      ]
    ],
    "models": [
      9311,
      9310,
      9313,
      9312
    ]
  },
  {
    "id": 2176,
    "name": "TzHaar-Ket",
    "category": 433,
    "minimapdot": false,
    "level": 149,
    "actions": ["Attack"],
    "coordinates": [
      [
        2514,
        5107
      ],
      [
        2535,
        5111
      ],
      [
        2536,
        5101
      ]
    ],
    "models": [
      9301,
      9300,
      9303,
      9302,
      9306,
      9308
    ]
  },
  {
    "id": 7682,
    "name": "TzHaar-Hur",
    "category": 431,
    "minimapdot": false,
    "level": 74,
    "actions": [
      "Attack",
      "Pickpocket"
    ],
    "coordinates": [[
      2516,
      5115
    ]],
    "models": [
      9311,
      9310,
      9313,
      9312
    ]
  },
  {
    "id": 2178,
    "name": "TzHaar-Ket",
    "category": 433,
    "minimapdot": false,
    "level": 149,
    "actions": ["Attack"],
    "coordinates": [
      [
        2517,
        5085
      ],
      [
        2527,
        5091
      ],
      [
        2534,
        5113
      ]
    ],
    "models": [
      9301,
      9300,
      9303,
      9302,
      9306
    ]
  },
  {
    "id": 2174,
    "name": "TzHaar-Ket",
    "category": 433,
    "minimapdot": false,
    "level": 149,
    "actions": ["Attack"],
    "coordinates": [[
      2519,
      5116
    ]],
    "models": [
      9301,
      9300,
      9303,
      9302
    ]
  },
  {
    "id": 7689,
    "name": "TzHaar-Hur-Rin",
    "category": 431,
    "minimapdot": false,
    "level": 0,
    "actions": [
      "Talk-to",
      "Trade"
    ],
    "coordinates": [[
      2523,
      5075
    ]],
    "models": [
      9311,
      9310,
      9313,
      9312
    ]
  },
  {
    "id": 7685,
    "name": "TzHaar-Hur",
    "category": 431,
    "minimapdot": false,
    "level": 74,
    "actions": [
      "Attack",
      "Pickpocket"
    ],
    "coordinates": [
      [
        2524,
        5088
      ],
      [
        2525,
        5094
      ],
      [
        2531,
        5090
      ],
      [
        2533,
        5095
      ]
    ],
    "models": [
      9311,
      9310,
      9313,
      9312
    ]
  },
  {
    "id": 2154,
    "name": "TzHaar-Mej",
    "category": 430,
    "minimapdot": false,
    "level": 103,
    "actions": ["Attack"],
    "coordinates": [[
      2528,
      5095
    ]],
    "models": [
      9311,
      9310,
      9313,
      9312,
      9316
    ]
  },
  {
    "id": 2175,
    "name": "TzHaar-Ket",
    "category": 433,
    "minimapdot": false,
    "level": 149,
    "actions": ["Attack"],
    "coordinates": [
      [
        2533,
        5105
      ],
      [
        2538,
        5110
      ]
    ],
    "models": [
      9301,
      9300,
      9303,
      9302,
      9308,
      9315
    ]
  },
  {
    "id": 7687,
    "name": "TzHaar-Hur",
    "category": 431,
    "minimapdot": false,
    "level": 74,
    "actions": [
      "Attack",
      "Pickpocket"
    ],
    "coordinates": [[
      2535,
      5091
    ]],
    "models": [
      9311,
      9310,
      9313,
      9312
    ]
  },
  {
    "id": 7676,
    "name": "Rod\u0020Fishing\u0020spot",
    "category": -1,
    "minimapdot": false,
    "level": 0,
    "actions": ["Bait"],
    "coordinates": [
      [
        2536,
        5086
      ],
      [
        2541,
        5088
      ]
    ],
    "models": [2331]
  },
  {
    "id": 10626,
    "name": "TzHaar-Ket-Rak",
    "category": 922,
    "minimapdot": false,
    "level": 0,
    "actions": [[
      2545,
      5110
    ]],
    "coordinates": [[
      2545,
      5110
    ]],
    "models": []
  }
]