[
  {
    "id": 5181,
    "name": "Builder",
    "category": 670,
    "minimapdot": false,
    "level": 0,
    "actions": ["Talk-to"],
    "coordinates": [[
      2511,
      5532
    ]],
    "models": [
      2972,
      23874,
      23878,
      2978,
      23875,
      2985
    ]
  },
  {
    "id": 5178,
    "name": "Builder",
    "category": 670,
    "minimapdot": false,
    "level": 0,
    "actions": ["Talk-to"],
    "coordinates": [[
      2511,
      5536
    ]],
    "models": [
      2970,
      23874,
      23877,
      2978,
      2990,
      23875,
      2985
    ]
  },
  {
    "id": 5182,
    "name": "Tegdak",
    "category": 311,
    "minimapdot": false,
    "level": 0,
    "actions": ["Talk-to"],
    "coordinates": [[
      2511,
      5563
    ]],
    "models": [
      24525,
      24522,
      23633
    ]
  },
  {
    "id": 5179,
    "name": "Builder",
    "category": 670,
    "minimapdot": false,
    "level": 0,
    "actions": ["Talk-to"],
    "coordinates": [[
      2512,
      5535
    ]],
    "models": [
      2974,
      23874,
      23878,
      2978,
      2990,
      23875,
      2985
    ]
  },
  {
    "id": 6284,
    "name": "Zanik",
    "category": -1,
    "minimapdot": false,
    "level": 1,
    "actions": [[
      2512,
      5563
    ]],
    "coordinates": [[
      2512,
      5563
    ]],
    "models": []
  },
  {
    "id": 5180,
    "name": "Builder",
    "category": 670,
    "minimapdot": false,
    "level": 0,
    "actions": ["Talk-to"],
    "coordinates": [[
      2513,
      5533
    ]],
    "models": [
      2971,
      23874,
      23878,
      2978,
      23875,
      2985
    ]
  }
]