[
  {
    "id": 2177,
    "name": "TzHaar-Ket",
    "category": 433,
    "minimapdot": false,
    "level": 149,
    "actions": ["Attack"],
    "coordinates": [
      [
        2497,
        5143
      ],
      [
        2541,
        5122
      ]
    ],
    "models": [
      9301,
      9300,
      9303,
      9302,
      9314,
      9315
    ]
  },
  {
    "id": 2157,
    "name": "TzHaar-Mej",
    "category": 430,
    "minimapdot": false,
    "level": 103,
    "actions": ["Attack"],
    "coordinates": [
      [
        2498,
        5140
      ],
      [
        2502,
        5139
      ]
    ],
    "models": [
      9311,
      9310,
      9313,
      9312
    ]
  },
  {
    "id": 7679,
    "name": "TzHaar-Ket",
    "category": 433,
    "minimapdot": false,
    "level": 221,
    "actions": [
      "Talk-to",
      "Attack"
    ],
    "coordinates": [
      [
        2499,
        5143
      ],
      [
        2505,
        5136
      ],
      [
        2505,
        5142
      ],
      [
        2513,
        5130
      ],
      [
        2513,
        5160
      ],
      [
        2515,
        5121
      ],
      [
        2515,
        5128
      ],
      [
        2520,
        5129
      ],
      [
        2523,
        5155
      ],
      [
        2524,
        5145
      ],
      [
        2529,
        5135
      ],
      [
        2533,
        5138
      ],
      [
        2538,
        5129
      ]
    ],
    "models": [
      33124,
      33123,
      33122,
      33125,
      9306,
      9308
    ]
  },
  {
    "id": 2168,
    "name": "TzHaar-Xil",
    "category": 432,
    "minimapdot": false,
    "level": 133,
    "actions": ["Attack"],
    "coordinates": [
      [
        2500,
        5160
      ],
      [
        2500,
        5172
      ],
      [
        2508,
        5163
      ],
      [
        2518,
        5162
      ],
      [
        2523,
        5158
      ],
      [
        2529,
        5133
      ],
      [
        2537,
        5124
      ]
    ],
    "models": [
      9311,
      9310,
      9313,
      9312,
      9317,
      9318
    ]
  },
  {
    "id": 2178,
    "name": "TzHaar-Ket",
    "category": 433,
    "minimapdot": false,
    "level": 149,
    "actions": ["Attack"],
    "coordinates": [
      [
        2501,
        5142
      ],
      [
        2511,
        5136
      ],
      [
        2516,
        5125
      ]
    ],
    "models": [
      9301,
      9300,
      9303,
      9302,
      9306
    ]
  },
  {
    "id": 7684,
    "name": "TzHaar-Hur",
    "category": 431,
    "minimapdot": false,
    "level": 74,
    "actions": [
      "Attack",
      "Pickpocket"
    ],
    "coordinates": [
      [
        2501,
        5169
      ],
      [
        2503,
        5162
      ],
      [
        2508,
        5135
      ],
      [
        2519,
        5130
      ]
    ],
    "models": [
      9311,
      9310,
      9313,
      9312
    ]
  },
  {
    "id": 7686,
    "name": "TzHaar-Hur",
    "category": 431,
    "minimapdot": false,
    "level": 74,
    "actions": [
      "Attack",
      "Pickpocket"
    ],
    "coordinates": [
      [
        2502,
        5143
      ],
      [
        2510,
        5132
      ],
      [
        2526,
        5132
      ]
    ],
    "models": [
      9311,
      9310,
      9313,
      9312
    ]
  },
  {
    "id": 2158,
    "name": "TzHaar-Mej",
    "category": 430,
    "minimapdot": false,
    "level": 103,
    "actions": ["Attack"],
    "coordinates": [[
      2504,
      5139
    ]],
    "models": [
      9311,
      9310,
      9313,
      9312,
      9316
    ]
  },
  {
    "id": 2172,
    "name": "TzHaar-Xil",
    "category": 432,
    "minimapdot": false,
    "level": 133,
    "actions": ["Attack"],
    "coordinates": [
      [
        2506,
        5134
      ],
      [
        2519,
        5125
      ],
      [
        2523,
        5149
      ],
      [
        2530,
        5139
      ]
    ],
    "models": [
      9311,
      9310,
      9313,
      9312,
      9307
    ]
  },
  {
    "id": 2173,
    "name": "TzHaar-Ket",
    "category": 433,
    "minimapdot": false,
    "level": 149,
    "actions": ["Attack"],
    "coordinates": [[
      2506,
      5168
    ]],
    "models": [
      9301,
      9300,
      9303,
      9302,
      9306,
      9315
    ]
  },
  {
    "id": 2167,
    "name": "TzHaar-Xil",
    "category": 432,
    "minimapdot": false,
    "level": 133,
    "actions": ["Attack"],
    "coordinates": [[
      2508,
      5139
    ]],
    "models": [
      9311,
      9310,
      9313,
      9312,
      9304,
      9305
    ]
  },
  {
    "id": 2171,
    "name": "TzHaar-Xil",
    "category": 432,
    "minimapdot": false,
    "level": 133,
    "actions": ["Attack"],
    "coordinates": [
      [
        2510,
        5134
      ],
      [
        2541,
        5128
      ]
    ],
    "models": [
      9311,
      9310,
      9313,
      9312,
      9317,
      9318
    ]
  },
  {
    "id": 2175,
    "name": "TzHaar-Ket",
    "category": 433,
    "minimapdot": false,
    "level": 149,
    "actions": ["Attack"],
    "coordinates": [
      [
        2513,
        5134
      ],
      [
        2526,
        5152
      ]
    ],
    "models": [
      9301,
      9300,
      9303,
      9302,
      9308,
      9315
    ]
  },
  {
    "id": 7687,
    "name": "TzHaar-Hur",
    "category": 431,
    "minimapdot": false,
    "level": 74,
    "actions": [
      "Attack",
      "Pickpocket"
    ],
    "coordinates": [[
      2517,
      5129
    ]],
    "models": [
      9311,
      9310,
      9313,
      9312
    ]
  },
  {
    "id": 2156,
    "name": "TzHaar-Mej",
    "category": 430,
    "minimapdot": false,
    "level": 103,
    "actions": ["Attack"],
    "coordinates": [
      [
        2517,
        5132
      ],
      [
        2529,
        5142
      ]
    ],
    "models": [
      9311,
      9310,
      9313,
      9312,
      9316
    ]
  },
  {
    "id": 2174,
    "name": "TzHaar-Ket",
    "category": 433,
    "minimapdot": false,
    "level": 149,
    "actions": ["Attack"],
    "coordinates": [
      [
        2517,
        5158
      ],
      [
        2522,
        5131
      ]
    ],
    "models": [
      9301,
      9300,
      9303,
      9302
    ]
  },
  {
    "id": 2179,
    "name": "TzHaar-Ket",
    "category": 433,
    "minimapdot": false,
    "level": 149,
    "actions": ["Attack"],
    "coordinates": [[
      2519,
      5128
    ]],
    "models": [
      9301,
      9300,
      9303,
      9302,
      9306,
      9315
    ]
  },
  {
    "id": 2159,
    "name": "TzHaar-Mej",
    "category": 430,
    "minimapdot": false,
    "level": 103,
    "actions": ["Attack"],
    "coordinates": [[
      2520,
      5123
    ]],
    "models": [
      9311,
      9310,
      9313,
      9312
    ]
  },
  {
    "id": 2169,
    "name": "TzHaar-Xil",
    "category": 432,
    "minimapdot": false,
    "level": 133,
    "actions": ["Attack"],
    "coordinates": [
      [
        2521,
        5162
      ],
      [
        2543,
        5132
      ]
    ],
    "models": [
      9311,
      9310,
      9313,
      9312,
      9307
    ]
  },
  {
    "id": 2176,
    "name": "TzHaar-Ket",
    "category": 433,
    "minimapdot": false,
    "level": 149,
    "actions": ["Attack"],
    "coordinates": [[
      2527,
      5142
    ]],
    "models": [
      9301,
      9300,
      9303,
      9302,
      9306,
      9308
    ]
  },
  {
    "id": 7682,
    "name": "TzHaar-Hur",
    "category": 431,
    "minimapdot": false,
    "level": 74,
    "actions": [
      "Attack",
      "Pickpocket"
    ],
    "coordinates": [[
      2528,
      5145
    ]],
    "models": [
      9311,
      9310,
      9313,
      9312
    ]
  },
  {
    "id": 7683,
    "name": "TzHaar-Hur",
    "category": 431,
    "minimapdot": false,
    "level": 74,
    "actions": [
      "Attack",
      "Pickpocket"
    ],
    "coordinates": [[
      2531,
      5128
    ]],
    "models": [
      9311,
      9310,
      9313,
      9312
    ]
  },
  {
    "id": 2170,
    "name": "TzHaar-Xil",
    "category": 432,
    "minimapdot": false,
    "level": 133,
    "actions": ["Attack"],
    "coordinates": [[
      2533,
      5142
    ]],
    "models": [
      9311,
      9310,
      9313,
      9312,
      9304
    ]
  },
  {
    "id": 2155,
    "name": "TzHaar-Mej",
    "category": 430,
    "minimapdot": false,
    "level": 103,
    "actions": ["Attack"],
    "coordinates": [[
      2537,
      5121
    ]],
    "models": [
      9311,
      9310,
      9313,
      9312,
      9316
    ]
  },
  {
    "id": 7678,
    "name": "TzHaar-Ket-Yil",
    "category": 433,
    "minimapdot": false,
    "level": 0,
    "actions": [
      "Talk-to",
      "Bank",
      "Collect"
    ],
    "coordinates": [[
      2542,
      5140
    ]],
    "models": [
      9301,
      9300,
      9303,
      9302,
      9306
    ]
  },
  {
    "id": 7680,
    "name": "TzHaar-Mej-Dir",
    "category": -1,
    "minimapdot": false,
    "level": 0,
    "actions": ["Talk-to"],
    "coordinates": [[
      2550,
      5128
    ]],
    "models": [
      9311,
      9310,
      9313,
      9312,
      9316
    ]
  }
]