[
  {
    "id": 1086,
    "name": "Signy",
    "category": -1,
    "minimapdot": false,
    "level": 0,
    "actions": ["Talk-to"],
    "coordinates": [[
      2571,
      10278
    ]],
    "models": [
      391,
      414,
      456,
      9359,
      353,
      437,
      358,
      479
    ]
  },
  {
    "id": 1088,
    "name": "Armod",
    "category": -1,
    "minimapdot": false,
    "level": 0,
    "actions": ["Talk-to"],
    "coordinates": [[
      2572,
      10277
    ]],
    "models": [
      10981,
      246,
      292,
      9607,
      170,
      176,
      4226,
      4218,
      4391
    ]
  },
  {
    "id": 1090,
    "name": "Reinn",
    "category": -1,
    "minimapdot": false,
    "level": 0,
    "actions": ["Talk-to"],
    "coordinates": [[
      2572,
      10278
    ]],
    "models": [
      206,
      246,
      292,
      317,
      170,
      176,
      4226,
      4218,
      322
    ]
  },
  {
    "id": 1089,
    "name": "Beigarth",
    "category": -1,
    "minimapdot": false,
    "level": 0,
    "actions": ["Talk-to"],
    "coordinates": [[
      2573,
      10277
    ]],
    "models": [
      203,
      246,
      292,
      9607,
      163,
      176,
      4226,
      4218,
      4391
    ]
  },
  {
    "id": 1087,
    "name": "Hild",
    "category": -1,
    "minimapdot": false,
    "level": 0,
    "actions": ["Talk-to"],
    "coordinates": [[
      2573,
      10278
    ]],
    "models": [
      399,
      470,
      343,
      353,
      429,
      358
    ]
  },
  {
    "id": 1098,
    "name": "Sea\u0020Snake\u0020Hatchling",
    "category": 340,
    "minimapdot": false,
    "level": 62,
    "actions": ["Attack"],
    "coordinates": [
      [
        2577,
        10295
      ],
      [
        2581,
        10297
      ],
      [
        2583,
        10294
      ],
      [
        2587,
        10294
      ],
      [
        2589,
        10287
      ],
      [
        2589,
        10291
      ],
      [
        2592,
        10288
      ]
    ],
    "models": [13911]
  },
  {
    "id": 1097,
    "name": "Sea\u0020Snake\u0020Young",
    "category": 340,
    "minimapdot": false,
    "level": 90,
    "actions": ["Attack"],
    "coordinates": [
      [
        2595,
        10271
      ],
      [
        2595,
        10280
      ],
      [
        2597,
        10263
      ],
      [
        2597,
        10275
      ],
      [
        2598,
        10253
      ],
      [
        2599,
        10257
      ],
      [
        2599,
        10267
      ],
      [
        2604,
        10247
      ],
      [
        2605,
        10251
      ],
      [
        2611,
        10251
      ]
    ],
    "models": [13911]
  }
]