[{
  "id": 3023,
  "name": "Poison\u0020spider",
  "category": 384,
  "minimapdot": false,
  "level": 64,
  "actions": ["Attack"],
  "coordinates": [
    [
      2570,
      9567
    ],
    [
      2575,
      9578
    ],
    [
      2577,
      9580
    ],
    [
      2578,
      9583
    ],
    [
      2579,
      9577
    ],
    [
      2579,
      9583
    ],
    [
      2581,
      9583
    ],
    [
      2582,
      9577
    ],
    [
      2584,
      9575
    ],
    [
      2590,
      9574
    ],
    [
      2594,
      9569
    ],
    [
      2596,
      9556
    ],
    [
      2598,
      9570
    ],
    [
      2599,
      9555
    ],
    [
      2599,
      9565
    ],
    [
      2600,
      9552
    ],
    [
      2601,
      9559
    ],
    [
      2603,
      9558
    ]
  ],
  "models": [
    20315,
    20316
  ]
}]