[
  {
    "id": 7119,
    "name": "Maniacal\u0020Monkey\u0020Archer",
    "category": -1,
    "minimapdot": false,
    "level": 132,
    "actions": ["Attack"],
    "coordinates": [
      [
        2565,
        9046
      ],
      [
        2567,
        9050
      ],
      [
        2575,
        9054
      ],
      [
        2578,
        9059
      ],
      [
        2582,
        9060
      ],
      [
        2583,
        9055
      ],
      [
        2584,
        9058
      ]
    ],
    "models": [
      31567,
      31565,
      4831
    ]
  },
  {
    "id": 7118,
    "name": "Maniacal\u0020monkey",
    "category": -1,
    "minimapdot": false,
    "level": 140,
    "actions": ["Attack"],
    "coordinates": [
      [
        2577,
        9052
      ],
      [
        2577,
        9056
      ],
      [
        2579,
        9061
      ],
      [
        2582,
        9053
      ],
      [
        2582,
        9059
      ],
      [
        2586,
        9054
      ]
    ],
    "models": [
      31568,
      31566
    ]
  }
]