[
  {
    "id": 2834,
    "name": "Giant\u0020bat",
    "category": 296,
    "minimapdot": false,
    "level": 27,
    "actions": ["Attack"],
    "coordinates": [
      [
        2563,
        9753
      ],
      [
        2565,
        9754
      ],
      [
        2567,
        9752
      ],
      [
        2569,
        9753
      ],
      [
        2572,
        9752
      ]
    ],
    "models": [18898]
  },
  {
    "id": 2095,
    "name": "Ogre",
    "category": 271,
    "minimapdot": false,
    "level": 53,
    "actions": ["Attack"],
    "coordinates": [
      [
        2581,
        9738
      ],
      [
        2581,
        9742
      ],
      [
        2584,
        9734
      ],
      [
        2585,
        9738
      ],
      [
        2587,
        9733
      ],
      [
        2587,
        9740
      ],
      [
        2590,
        9737
      ]
    ],
    "models": [
      2878,
      2874
    ]
  }
]