[
  {
    "id": 2095,
    "name": "Ogre",
    "category": 271,
    "minimapdot": false,
    "level": 53,
    "actions": ["Attack"],
    "coordinates": [
      [
        2561,
        3020
      ],
      [
        2567,
        3046
      ]
    ],
    "models": [
      2878,
      2874
    ]
  },
  {
    "id": 2096,
    "name": "Ogre",
    "category": 271,
    "minimapdot": false,
    "level": 53,
    "actions": ["Attack"],
    "coordinates": [
      [
        2571,
        3027
      ],
      [
        2572,
        3031
      ],
      [
        2575,
        3024
      ],
      [
        2578,
        3031
      ]
    ],
    "models": [
      2878,
      2876
    ]
  },
  {
    "id": 2837,
    "name": "Unicorn",
    "category": -1,
    "minimapdot": false,
    "level": 15,
    "actions": ["Attack"],
    "coordinates": [
      [
        2571,
        3058
      ],
      [
        2579,
        3066
      ]
    ],
    "models": [
      25755,
      25756
    ]
  },
  {
    "id": 4366,
    "name": "Toban",
    "category": 271,
    "minimapdot": false,
    "level": 0,
    "actions": ["Talk-to"],
    "coordinates": [[
      2576,
      3027
    ]],
    "models": [
      20374,
      20385
    ]
  },
  {
    "id": 4367,
    "name": "Gorad",
    "category": 271,
    "minimapdot": false,
    "level": 68,
    "actions": [
      "Talk-to",
      "Attack"
    ],
    "coordinates": [[
      2577,
      3021
    ]],
    "models": [
      20371,
      20386
    ]
  },
  {
    "id": 290,
    "name": "Dwarf",
    "category": 352,
    "minimapdot": false,
    "level": 10,
    "actions": ["Attack"],
    "coordinates": [
      [
        2596,
        3056
      ],
      [
        2600,
        3062
      ],
      [
        2605,
        3057
      ],
      [
        2608,
        3061
      ]
    ],
    "models": [
      2970,
      2981,
      2979,
      2983,
      2985,
      2990
    ]
  },
  {
    "id": 2839,
    "name": "Black\u0020bear",
    "category": 438,
    "minimapdot": false,
    "level": 19,
    "actions": ["Attack"],
    "coordinates": [[
      2606,
      3008
    ]],
    "models": [
      18882,
      18886
    ]
  }
]