[
  {
    "id": 8685,
    "name": "Frenita",
    "category": -1,
    "minimapdot": false,
    "level": 0,
    "actions": [
      "Talk-to",
      "Trade"
    ],
    "coordinates": [[
      2566,
      3098
    ]],
    "models": [
      378,
      465,
      346,
      353,
      428,
      358
    ]
  },
  {
    "id": 1502,
    "name": "Leon",
    "category": -1,
    "minimapdot": false,
    "level": 0,
    "actions": [
      "Talk-to",
      "Trade",
      "Ammo"
    ],
    "coordinates": [[
      2567,
      3085
    ]],
    "models": [
      9452,
      245,
      9620,
      10984,
      6036,
      151,
      179,
      19839,
      11339,
      181
    ]
  },
  {
    "id": 1501,
    "name": "Aleck",
    "category": -1,
    "minimapdot": false,
    "level": 0,
    "actions": [
      "Talk-to",
      "Trade"
    ],
    "coordinates": [[
      2568,
      3082
    ]],
    "models": [
      19822,
      19832,
      14175,
      169,
      179,
      19333,
      19814
    ]
  },
  {
    "id": 0,
    "name": "Tool\u0020Leprechaun",
    "category": 236,
    "minimapdot": false,
    "level": 0,
    "actions": [
      "Talk-to",
      "Exchange"
    ],
    "coordinates": [[
      2573,
      3108
    ]],
    "models": [10220]
  },
  {
    "id": 6706,
    "name": "Guard",
    "category": 885,
    "minimapdot": false,
    "level": 665,
    "actions": [
      [
        2575,
        3090
      ],
      [
        2599,
        3087
      ],
      [
        2612,
        3092
      ],
      [
        2614,
        3104
      ]
    ],
    "coordinates": [
      [
        2575,
        3090
      ],
      [
        2599,
        3087
      ],
      [
        2612,
        3092
      ],
      [
        2614,
        3104
      ]
    ],
    "models": []
  },
  {
    "id": 2671,
    "name": "Selena",
    "category": 459,
    "minimapdot": false,
    "level": 0,
    "actions": [
      "Talk-to",
      "Pay"
    ],
    "coordinates": [[
      2578,
      3101
    ]],
    "models": [
      377,
      390,
      456,
      343,
      353,
      7368,
      428,
      361
    ]
  },
  {
    "id": 2790,
    "name": "Cow",
    "category": 365,
    "minimapdot": false,
    "level": 2,
    "actions": ["Attack"],
    "coordinates": [
      [
        2580,
        3117
      ],
      [
        2582,
        3122
      ],
      [
        2588,
        3119
      ],
      [
        2604,
        3114
      ]
    ],
    "models": [23889]
  },
  {
    "id": 1172,
    "name": "",
    "category": -1,
    "minimapdot": false,
    "level": 0,
    "actions": [[
      2585,
      3122
    ]],
    "coordinates": [[
      2585,
      3122
    ]],
    "models": [8236]
  },
  {
    "id": 881,
    "name": "Zavistic\u0020Rarve",
    "category": -1,
    "minimapdot": false,
    "level": 0,
    "actions": ["Talk-to"],
    "coordinates": [[
      2588,
      3087
    ]],
    "models": [
      202,
      214,
      251,
      290,
      292,
      323,
      162,
      176,
      534,
      256
    ]
  },
  {
    "id": 3257,
    "name": "Wizard",
    "category": -1,
    "minimapdot": false,
    "level": 9,
    "actions": ["Attack"],
    "coordinates": [
      [
        2588,
        3090
      ],
      [
        2589,
        3084
      ]
    ],
    "models": [
      215,
      181,
      246,
      292,
      170,
      176,
      265,
      202,
      3189,
      326
    ]
  },
  {
    "id": 2561,
    "name": "Professor\u0020Imblewyn",
    "category": -1,
    "minimapdot": false,
    "level": 0,
    "actions": ["Talk-to"],
    "coordinates": [[
      2590,
      3092
    ]],
    "models": [
      17016,
      10340,
      16983
    ]
  },
  {
    "id": 3248,
    "name": "Wizard\u0020Distentor",
    "category": -1,
    "minimapdot": false,
    "level": 0,
    "actions": [
      "Talk-to",
      "Teleport"
    ],
    "coordinates": [[
      2594,
      3089
    ]],
    "models": [
      214,
      181,
      250,
      292,
      170,
      176,
      265,
      202,
      534,
      290
    ]
  },
  {
    "id": 5007,
    "name": "Imp",
    "category": 748,
    "minimapdot": false,
    "level": 2,
    "actions": ["Attack"],
    "coordinates": [
      [
        2595,
        3131
      ],
      [
        2597,
        3120
      ],
      [
        2606,
        3126
      ],
      [
        2608,
        3134
      ],
      [
        2614,
        3116
      ],
      [
        2616,
        3126
      ],
      [
        2621,
        3133
      ],
      [
        2622,
        3118
      ]
    ],
    "models": [19982]
  },
  {
    "id": 3106,
    "name": "Man",
    "category": 266,
    "minimapdot": false,
    "level": 2,
    "actions": [
      "Talk-to",
      "Attack",
      "Pickpocket"
    ],
    "coordinates": [[
      2596,
      3104
    ]],
    "models": [
      215,
      246,
      292,
      326,
      151,
      177,
      12138,
      181
    ]
  },
  {
    "id": 3108,
    "name": "Man",
    "category": 266,
    "minimapdot": false,
    "level": 2,
    "actions": [
      "Talk-to",
      "Attack",
      "Pickpocket"
    ],
    "coordinates": [[
      2596,
      3106
    ]],
    "models": [
      235,
      253,
      292,
      326,
      151,
      177,
      267,
      181
    ]
  },
  {
    "id": 383,
    "name": "Tramp",
    "category": 272,
    "minimapdot": false,
    "level": 0,
    "actions": [[
      2606,
      3100
    ]],
    "coordinates": [[
      2606,
      3100
    ]],
    "models": [
      214,
      246,
      310,
      151,
      176,
      275,
      181
    ]
  },
  {
    "id": 1120,
    "name": "Dominic\u0020Onion",
    "category": -1,
    "minimapdot": false,
    "level": 0,
    "actions": [
      "Talk-to",
      "Dream"
    ],
    "coordinates": [[
      2608,
      3116
    ]],
    "models": [
      217,
      249,
      16485,
      16472,
      16476,
      16481,
      16473,
      12086,
      270
    ]
  },
  {
    "id": 1618,
    "name": "Banker",
    "category": 249,
    "minimapdot": false,
    "level": 0,
    "actions": [
      "Talk-to",
      "Bank",
      "Collect"
    ],
    "coordinates": [[
      2615,
      3091
    ]],
    "models": [
      378,
      470,
      343,
      353,
      419,
      358
    ]
  },
  {
    "id": 1613,
    "name": "Banker",
    "category": 249,
    "minimapdot": false,
    "level": 0,
    "actions": [
      "Talk-to",
      "Bank",
      "Collect"
    ],
    "coordinates": [[
      2615,
      3092
    ]],
    "models": [
      215,
      246,
      292,
      162,
      176,
      254,
      181,
      320
    ]
  },
  {
    "id": 6528,
    "name": "Financial\u0020Wizard",
    "category": 249,
    "minimapdot": false,
    "level": 1,
    "actions": [[
      2615,
      3094
    ]],
    "coordinates": [[
      2615,
      3094
    ]],
    "models": []
  }
]