[
  {
    "id": 5187,
    "name": "Guard",
    "category": 671,
    "minimapdot": false,
    "level": 10,
    "actions": [
      "Talk-to",
      "Attack"
    ],
    "coordinates": [[
      2560,
      3456
    ]],
    "models": [
      2970,
      2986,
      7051,
      7040,
      7043,
      7065,
      2993
    ]
  },
  {
    "id": 5192,
    "name": "Goblin",
    "category": 672,
    "minimapdot": false,
    "level": 2,
    "actions": ["Attack"],
    "coordinates": [[
      2564,
      3456
    ]],
    "models": [
      24455,
      24483,
      24432,
      24476,
      24441,
      24449
    ]
  },
  {
    "id": 5191,
    "name": "Captain\u0020Lawgof",
    "category": -1,
    "minimapdot": false,
    "level": 0,
    "actions": ["Talk-to"],
    "coordinates": [[
      2567,
      3460
    ]],
    "models": [
      7029,
      6020,
      7050,
      7039,
      2991,
      7042
    ]
  },
  {
    "id": 2834,
    "name": "Giant\u0020bat",
    "category": 296,
    "minimapdot": false,
    "level": 27,
    "actions": ["Attack"],
    "coordinates": [
      [
        2571,
        3481
      ],
      [
        2572,
        3472
      ],
      [
        2578,
        3476
      ],
      [
        2586,
        3473
      ],
      [
        2591,
        3479
      ],
      [
        2592,
        3484
      ],
      [
        2594,
        3474
      ]
    ],
    "models": [18898]
  },
  {
    "id": 5186,
    "name": "Guard",
    "category": 671,
    "minimapdot": false,
    "level": 10,
    "actions": [
      "Talk-to",
      "Attack"
    ],
    "coordinates": [[
      2572,
      3456
    ]],
    "models": [
      2971,
      2986,
      7051,
      7040,
      7043,
      7065,
      2993
    ]
  },
  {
    "id": 3364,
    "name": "Stankers",
    "category": -1,
    "minimapdot": false,
    "level": 0,
    "actions": ["Talk-to"],
    "coordinates": [[
      2575,
      3486
    ]],
    "models": [
      2970,
      2981,
      2979,
      2983,
      2985,
      2990,
      2988
    ]
  },
  {
    "id": 2854,
    "name": "Rat",
    "category": 262,
    "minimapdot": false,
    "level": 1,
    "actions": ["Attack"],
    "coordinates": [
      [
        2610,
        3479
      ],
      [
        2611,
        3475
      ],
      [
        2614,
        3478
      ]
    ],
    "models": [9610]
  },
  {
    "id": 4064,
    "name": "Galahad",
    "category": -1,
    "minimapdot": false,
    "level": 0,
    "actions": ["Talk-to"],
    "coordinates": [[
      2612,
      3474
    ]],
    "models": [
      223,
      295,
      162,
      176,
      265,
      185,
      284,
      249
    ]
  }
]