[
  {
    "id": 5197,
    "name": "Goblin",
    "category": 311,
    "minimapdot": false,
    "level": 2,
    "actions": ["Attack"],
    "coordinates": [
      [
        2563,
        3398
      ],
      [
        2569,
        3442
      ]
    ],
    "models": [
      24458,
      24486,
      24433,
      24476,
      24441,
      24449
    ]
  },
  {
    "id": 5200,
    "name": "Goblin",
    "category": 311,
    "minimapdot": false,
    "level": 2,
    "actions": ["Attack"],
    "coordinates": [[
      2563,
      3416
    ]],
    "models": [
      24467,
      24488,
      24434,
      24478,
      24442,
      24450
    ]
  },
  {
    "id": 5206,
    "name": "Goblin",
    "category": 672,
    "minimapdot": false,
    "level": 2,
    "actions": ["Attack"],
    "coordinates": [
      [
        2563,
        3439
      ],
      [
        2581,
        3395
      ]
    ],
    "models": [
      24457,
      24483,
      24437,
      24475,
      24442,
      24449,
      24505
    ]
  },
  {
    "id": 5208,
    "name": "Goblin",
    "category": 672,
    "minimapdot": false,
    "level": 2,
    "actions": ["Attack"],
    "coordinates": [
      [
        2564,
        3407
      ],
      [
        2572,
        3420
      ]
    ],
    "models": [
      24455,
      24486,
      24436,
      24478,
      24442,
      24449,
      24505
    ]
  },
  {
    "id": 5195,
    "name": "Goblin",
    "category": 311,
    "minimapdot": false,
    "level": 2,
    "actions": ["Attack"],
    "coordinates": [
      [
        2566,
        3453
      ],
      [
        2578,
        3400
      ]
    ],
    "models": [
      24457,
      24482,
      24431,
      24472,
      24441,
      24449
    ]
  },
  {
    "id": 5196,
    "name": "Goblin",
    "category": 311,
    "minimapdot": false,
    "level": 2,
    "actions": ["Attack"],
    "coordinates": [
      [
        2567,
        3428
      ],
      [
        2568,
        3403
      ]
    ],
    "models": [
      24455,
      24488,
      24433,
      24478,
      24441,
      24449
    ]
  },
  {
    "id": 5207,
    "name": "Goblin",
    "category": 672,
    "minimapdot": false,
    "level": 2,
    "actions": ["Attack"],
    "coordinates": [
      [
        2568,
        3433
      ],
      [
        2572,
        3396
      ],
      [
        2584,
        3428
      ]
    ],
    "models": [
      24458,
      24486,
      24431,
      24476,
      24442,
      24449,
      24498,
      24506
    ]
  },
  {
    "id": 5205,
    "name": "Goblin",
    "category": 672,
    "minimapdot": false,
    "level": 2,
    "actions": ["Attack"],
    "coordinates": [
      [
        2569,
        3410
      ],
      [
        2576,
        3436
      ],
      [
        2623,
        3397
      ]
    ],
    "models": [
      24455,
      24488,
      24433,
      24478,
      24442,
      24449,
      24494
    ]
  },
  {
    "id": 5199,
    "name": "Goblin",
    "category": 311,
    "minimapdot": false,
    "level": 2,
    "actions": ["Attack"],
    "coordinates": [[
      2571,
      3442
    ]],
    "models": [
      24466,
      24487,
      24432,
      24478,
      24441,
      24449
    ]
  },
  {
    "id": 5201,
    "name": "Goblin",
    "category": 311,
    "minimapdot": false,
    "level": 2,
    "actions": ["Attack"],
    "coordinates": [[
      2574,
      3409
    ]],
    "models": [
      24467,
      24483,
      24437,
      24476,
      24442,
      24450
    ]
  },
  {
    "id": 5202,
    "name": "Goblin",
    "category": 311,
    "minimapdot": false,
    "level": 2,
    "actions": ["Attack"],
    "coordinates": [
      [
        2579,
        3413
      ],
      [
        2620,
        3394
      ]
    ],
    "models": [
      24469,
      24483,
      24437,
      24478,
      24442,
      24450
    ]
  },
  {
    "id": 5204,
    "name": "Goblin",
    "category": 672,
    "minimapdot": false,
    "level": 2,
    "actions": ["Attack"],
    "coordinates": [
      [
        2583,
        3435
      ],
      [
        2584,
        3412
      ],
      [
        2623,
        3396
      ]
    ],
    "models": [
      24458,
      24482,
      24434,
      24476,
      24442,
      24450,
      24509
    ]
  },
  {
    "id": 1613,
    "name": "Banker",
    "category": 249,
    "minimapdot": false,
    "level": 0,
    "actions": [
      "Talk-to",
      "Bank",
      "Collect"
    ],
    "coordinates": [
      [
        2584,
        3418
      ],
      [
        2584,
        3419
      ],
      [
        2584,
        3422
      ]
    ],
    "models": [
      215,
      246,
      292,
      162,
      176,
      254,
      181,
      320
    ]
  },
  {
    "id": 1618,
    "name": "Banker",
    "category": 249,
    "minimapdot": false,
    "level": 0,
    "actions": [
      "Talk-to",
      "Bank",
      "Collect"
    ],
    "coordinates": [[
      2584,
      3421
    ]],
    "models": [
      378,
      470,
      343,
      353,
      419,
      358
    ]
  },
  {
    "id": 5203,
    "name": "Goblin",
    "category": 311,
    "minimapdot": false,
    "level": 2,
    "actions": ["Attack"],
    "coordinates": [
      [
        2586,
        3425
      ],
      [
        2621,
        3393
      ]
    ],
    "models": [
      24457,
      24488,
      24433,
      24478,
      24442,
      24450
    ]
  },
  {
    "id": 2854,
    "name": "Rat",
    "category": 262,
    "minimapdot": false,
    "level": 1,
    "actions": ["Attack"],
    "coordinates": [[
      2592,
      3416
    ]],
    "models": [9610]
  },
  {
    "id": 1839,
    "name": "Duck",
    "category": 425,
    "minimapdot": false,
    "level": 1,
    "actions": ["Attack"],
    "coordinates": [
      [
        2593,
        3445
      ],
      [
        2593,
        3454
      ],
      [
        2594,
        3452
      ],
      [
        2595,
        3447
      ],
      [
        2595,
        3454
      ],
      [
        2596,
        3439
      ],
      [
        2597,
        3443
      ],
      [
        2597,
        3446
      ],
      [
        2598,
        3437
      ],
      [
        2598,
        3454
      ],
      [
        2599,
        3434
      ],
      [
        2600,
        3440
      ],
      [
        2600,
        3445
      ],
      [
        2601,
        3436
      ],
      [
        2602,
        3433
      ],
      [
        2604,
        3430
      ],
      [
        2604,
        3434
      ],
      [
        2605,
        3432
      ],
      [
        2607,
        3433
      ],
      [
        2613,
        3422
      ],
      [
        2614,
        3424
      ],
      [
        2614,
        3449
      ],
      [
        2615,
        3421
      ],
      [
        2615,
        3425
      ],
      [
        2615,
        3453
      ],
      [
        2616,
        3423
      ],
      [
        2617,
        3405
      ],
      [
        2617,
        3410
      ],
      [
        2617,
        3448
      ],
      [
        2618,
        3406
      ],
      [
        2618,
        3422
      ],
      [
        2619,
        3424
      ],
      [
        2619,
        3450
      ],
      [
        2620,
        3403
      ],
      [
        2621,
        3405
      ],
      [
        2621,
        3410
      ]
    ],
    "models": [26870]
  },
  {
    "id": 2002,
    "name": "Ducklings",
    "category": 426,
    "minimapdot": false,
    "level": 0,
    "actions": [
      [
        2593,
        3446
      ],
      [
        2601,
        3437
      ],
      [
        2604,
        3431
      ],
      [
        2613,
        3423
      ],
      [
        2616,
        3424
      ]
    ],
    "coordinates": [
      [
        2593,
        3446
      ],
      [
        2601,
        3437
      ],
      [
        2604,
        3431
      ],
      [
        2613,
        3423
      ],
      [
        2616,
        3424
      ]
    ],
    "models": [26871]
  },
  {
    "id": 1838,
    "name": "Duck",
    "category": 425,
    "minimapdot": false,
    "level": 1,
    "actions": ["Attack"],
    "coordinates": [
      [
        2594,
        3446
      ],
      [
        2595,
        3449
      ],
      [
        2596,
        3453
      ],
      [
        2598,
        3440
      ],
      [
        2598,
        3444
      ],
      [
        2600,
        3435
      ],
      [
        2605,
        3433
      ],
      [
        2615,
        3423
      ],
      [
        2616,
        3420
      ],
      [
        2616,
        3450
      ],
      [
        2617,
        3407
      ],
      [
        2617,
        3425
      ],
      [
        2619,
        3409
      ],
      [
        2619,
        3421
      ],
      [
        2620,
        3405
      ],
      [
        2620,
        3407
      ],
      [
        2620,
        3449
      ]
    ],
    "models": [26873]
  },
  {
    "id": 8684,
    "name": "Roachey",
    "category": -1,
    "minimapdot": false,
    "level": 0,
    "actions": [
      "Talk-to",
      "Trade"
    ],
    "coordinates": [[
      2596,
      3400
    ]],
    "models": [
      230,
      299,
      151,
      179,
      267,
      185,
      194,
      251,
      562,
      236,
      320
    ]
  },
  {
    "id": 1510,
    "name": "Fishing\u0020spot",
    "category": 281,
    "minimapdot": false,
    "level": 0,
    "actions": [
      "Cage",
      "Harpoon"
    ],
    "coordinates": [
      [
        2599,
        3419
      ],
      [
        2602,
        3426
      ],
      [
        2603,
        3419
      ],
      [
        2604,
        3417
      ],
      [
        2604,
        3426
      ],
      [
        2606,
        3416
      ],
      [
        2607,
        3410
      ],
      [
        2608,
        3416
      ],
      [
        2612,
        3411
      ],
      [
        2612,
        3414
      ],
      [
        2612,
        3415
      ]
    ],
    "models": [1491]
  },
  {
    "id": 7735,
    "name": "Kylie\u0020Minnow",
    "category": 743,
    "minimapdot": false,
    "level": 1,
    "actions": [
      [
        2599,
        3425
      ],
      [
        2614,
        3446
      ]
    ],
    "coordinates": [
      [
        2599,
        3425
      ],
      [
        2614,
        3446
      ]
    ],
    "models": []
  },
  {
    "id": 1511,
    "name": "Fishing\u0020spot",
    "category": 282,
    "minimapdot": false,
    "level": 0,
    "actions": [
      "Net",
      "Harpoon"
    ],
    "coordinates": [
      [
        2601,
        3422
      ],
      [
        2602,
        3412
      ],
      [
        2602,
        3415
      ],
      [
        2605,
        3420
      ],
      [
        2605,
        3424
      ],
      [
        2605,
        3425
      ]
    ],
    "models": [1491]
  },
  {
    "id": 7730,
    "name": "Fishing\u0020spot",
    "category": 1137,
    "minimapdot": false,
    "level": 0,
    "actions": ["Small\u0020Net"],
    "coordinates": [[
      2609,
      3443
    ]],
    "models": [33186]
  },
  {
    "id": 2913,
    "name": "Master\u0020fisher",
    "category": -1,
    "minimapdot": false,
    "level": 0,
    "actions": ["Talk-to"],
    "coordinates": [[
      2611,
      3393
    ]],
    "models": [
      230,
      244,
      248,
      295,
      162,
      176,
      274,
      185,
      18933
    ]
  },
  {
    "id": 7731,
    "name": "Fishing\u0020spot",
    "category": 1137,
    "minimapdot": false,
    "level": 0,
    "actions": ["Small\u0020Net"],
    "coordinates": [[
      2612,
      3444
    ]],
    "models": [33186]
  },
  {
    "id": 7732,
    "name": "Fishing\u0020spot",
    "category": 1137,
    "minimapdot": false,
    "level": 0,
    "actions": ["Small\u0020Net"],
    "coordinates": [[
      2617,
      3444
    ]],
    "models": [33186]
  },
  {
    "id": 7733,
    "name": "Fishing\u0020spot",
    "category": 1137,
    "minimapdot": false,
    "level": 0,
    "actions": ["Small\u0020Net"],
    "coordinates": [[
      2620,
      3443
    ]],
    "models": [33186]
  },
  {
    "id": 3106,
    "name": "Man",
    "category": 266,
    "minimapdot": false,
    "level": 2,
    "actions": [
      "Talk-to",
      "Attack",
      "Pickpocket"
    ],
    "coordinates": [[
      2603,
      3421
    ]],
    "models": [
      215,
      246,
      292,
      326,
      151,
      177,
      12138,
      181
    ]
  }
]