[
  {"id":3950,"name":"Warrior","level":"48","category":0,"minimapdot":true,"actions":["Attack"],"size":[1,1,192],"coordinates":[[6380,35744],[6392,35812]],"colors":[65536,9877468,2972269,2972269,5938859,9877468,1073781,5938859,2785415,1055596,5867833,8500688,5992062,65536,2133684,11185077,1055586,1071989,6523808,4815242,13254912,2582393,9146517,7042945,6516344]},
  {"id":3854,"name":"null","level":"0","category":0,"minimapdot":true,"actions":[],"size":[1,1,0],"coordinates":[[6384,35656]],"colors":[]},
  {"id":6535,"name":"null","level":"1","category":0,"minimapdot":true,"actions":[],"size":[1,1,0],"coordinates":[[6388,35696]],"colors":[]},
  {"id":7322,"name":"null","level":"1","category":0,"minimapdot":true,"actions":[],"size":[1,1,0],"coordinates":[[6388,35668]],"colors":[]}
]