[
  {
    "id": 1645,
    "name": "Baby\u0020impling",
    "category": 388,
    "minimapdot": false,
    "level": 0,
    "actions": ["Catch"],
    "coordinates": [
      [
        2563,
        4291
      ],
      [
        2563,
        4348
      ],
      [
        2568,
        4323
      ],
      [
        2571,
        4305
      ],
      [
        2571,
        4337
      ],
      [
        2581,
        4300
      ],
      [
        2584,
        4344
      ],
      [
        2596,
        4296
      ],
      [
        2609,
        4339
      ],
      [
        2610,
        4304
      ],
      [
        2615,
        4322
      ],
      [
        2620,
        4291
      ],
      [
        2620,
        4348
      ]
    ],
    "models": [
      26366,
      26367
    ]
  },
  {
    "id": 5738,
    "name": "Imp\u0020defender",
    "category": 698,
    "minimapdot": false,
    "level": 0,
    "actions": [
      [
        2563,
        4292
      ],
      [
        2564,
        4348
      ],
      [
        2566,
        4294
      ],
      [
        2566,
        4345
      ],
      [
        2569,
        4297
      ],
      [
        2570,
        4342
      ],
      [
        2572,
        4300
      ],
      [
        2572,
        4339
      ],
      [
        2575,
        4303
      ],
      [
        2575,
        4336
      ],
      [
        2578,
        4306
      ],
      [
        2578,
        4333
      ],
      [
        2581,
        4309
      ],
      [
        2581,
        4330
      ],
      [
        2602,
        4310
      ],
      [
        2602,
        4330
      ],
      [
        2604,
        4306
      ],
      [
        2605,
        4333
      ],
      [
        2608,
        4303
      ],
      [
        2608,
        4336
      ],
      [
        2611,
        4300
      ],
      [
        2611,
        4339
      ],
      [
        2614,
        4297
      ],
      [
        2614,
        4342
      ],
      [
        2616,
        4294
      ],
      [
        2617,
        4345
      ],
      [
        2619,
        4291
      ],
      [
        2619,
        4348
      ]
    ],
    "coordinates": [
      [
        2563,
        4292
      ],
      [
        2564,
        4348
      ],
      [
        2566,
        4294
      ],
      [
        2566,
        4345
      ],
      [
        2569,
        4297
      ],
      [
        2570,
        4342
      ],
      [
        2572,
        4300
      ],
      [
        2572,
        4339
      ],
      [
        2575,
        4303
      ],
      [
        2575,
        4336
      ],
      [
        2578,
        4306
      ],
      [
        2578,
        4333
      ],
      [
        2581,
        4309
      ],
      [
        2581,
        4330
      ],
      [
        2602,
        4310
      ],
      [
        2602,
        4330
      ],
      [
        2604,
        4306
      ],
      [
        2605,
        4333
      ],
      [
        2608,
        4303
      ],
      [
        2608,
        4336
      ],
      [
        2611,
        4300
      ],
      [
        2611,
        4339
      ],
      [
        2614,
        4297
      ],
      [
        2614,
        4342
      ],
      [
        2616,
        4294
      ],
      [
        2617,
        4345
      ],
      [
        2619,
        4291
      ],
      [
        2619,
        4348
      ]
    ],
    "models": [26394]
  },
  {
    "id": 1646,
    "name": "Young\u0020impling",
    "category": 388,
    "minimapdot": false,
    "level": 0,
    "actions": ["Catch"],
    "coordinates": [
      [
        2564,
        4321
      ],
      [
        2574,
        4321
      ],
      [
        2574,
        4331
      ],
      [
        2587,
        4300
      ],
      [
        2590,
        4348
      ],
      [
        2592,
        4291
      ],
      [
        2595,
        4343
      ],
      [
        2612,
        4309
      ],
      [
        2612,
        4327
      ],
      [
        2619,
        4322
      ]
    ],
    "models": [
      26365,
      26367
    ]
  },
  {
    "id": 1650,
    "name": "Eclectic\u0020impling",
    "category": 388,
    "minimapdot": false,
    "level": 0,
    "actions": ["Catch"],
    "coordinates": [
      [
        2567,
        4319
      ],
      [
        2591,
        4295
      ],
      [
        2591,
        4340
      ],
      [
        2615,
        4326
      ]
    ],
    "models": [
      26370,
      26367
    ]
  },
  {
    "id": 1647,
    "name": "Gourmet\u0020impling",
    "category": 388,
    "minimapdot": false,
    "level": 0,
    "actions": ["Catch"],
    "coordinates": [
      [
        2568,
        4296
      ],
      [
        2568,
        4327
      ],
      [
        2574,
        4311
      ],
      [
        2580,
        4343
      ],
      [
        2585,
        4296
      ],
      [
        2597,
        4293
      ],
      [
        2602,
        4346
      ],
      [
        2609,
        4317
      ],
      [
        2615,
        4298
      ],
      [
        2615,
        4342
      ],
      [
        2618,
        4321
      ]
    ],
    "models": [
      26371,
      26367
    ]
  },
  {
    "id": 1648,
    "name": "Earth\u0020impling",
    "category": 388,
    "minimapdot": false,
    "level": 0,
    "actions": ["Catch"],
    "coordinates": [
      [
        2568,
        4317
      ],
      [
        2570,
        4330
      ],
      [
        2574,
        4305
      ],
      [
        2587,
        4342
      ],
      [
        2590,
        4298
      ],
      [
        2598,
        4340
      ],
      [
        2611,
        4334
      ],
      [
        2612,
        4310
      ]
    ],
    "models": [
      26369,
      26367
    ]
  },
  {
    "id": 9391,
    "name": "Man",
    "category": -1,
    "minimapdot": false,
    "level": 0,
    "actions": [
      [
        2569,
        4342
      ],
      [
        2570,
        4297
      ],
      [
        2572,
        4321
      ],
      [
        2575,
        4306
      ],
      [
        2578,
        4334
      ],
      [
        2591,
        4301
      ],
      [
        2591,
        4339
      ],
      [
        2605,
        4306
      ],
      [
        2605,
        4334
      ],
      [
        2610,
        4320
      ],
      [
        2616,
        4343
      ],
      [
        2617,
        4295
      ]
    ],
    "coordinates": [
      [
        2569,
        4342
      ],
      [
        2570,
        4297
      ],
      [
        2572,
        4321
      ],
      [
        2575,
        4306
      ],
      [
        2578,
        4334
      ],
      [
        2591,
        4301
      ],
      [
        2591,
        4339
      ],
      [
        2605,
        4306
      ],
      [
        2605,
        4334
      ],
      [
        2610,
        4320
      ],
      [
        2616,
        4343
      ],
      [
        2617,
        4295
      ]
    ],
    "models": []
  },
  {
    "id": 9392,
    "name": "Man",
    "category": -1,
    "minimapdot": false,
    "level": 0,
    "actions": [
      [
        2570,
        4332
      ],
      [
        2574,
        4322
      ],
      [
        2578,
        4299
      ],
      [
        2585,
        4340
      ],
      [
        2589,
        4299
      ],
      [
        2598,
        4302
      ],
      [
        2603,
        4340
      ],
      [
        2609,
        4322
      ],
      [
        2614,
        4308
      ],
      [
        2615,
        4333
      ]
    ],
    "coordinates": [
      [
        2570,
        4332
      ],
      [
        2574,
        4322
      ],
      [
        2578,
        4299
      ],
      [
        2585,
        4340
      ],
      [
        2589,
        4299
      ],
      [
        2598,
        4302
      ],
      [
        2603,
        4340
      ],
      [
        2609,
        4322
      ],
      [
        2614,
        4308
      ],
      [
        2615,
        4333
      ]
    ],
    "models": []
  },
  {
    "id": 1649,
    "name": "Essence\u0020impling",
    "category": 388,
    "minimapdot": false,
    "level": 0,
    "actions": ["Catch"],
    "coordinates": [
      [
        2574,
        4317
      ],
      [
        2576,
        4337
      ],
      [
        2585,
        4298
      ],
      [
        2601,
        4343
      ],
      [
        2612,
        4318
      ]
    ],
    "models": [
      26372,
      26367
    ]
  },
  {
    "id": 9390,
    "name": "Man",
    "category": -1,
    "minimapdot": false,
    "level": 0,
    "actions": [
      [
        2576,
        4336
      ],
      [
        2610,
        4301
      ]
    ],
    "coordinates": [
      [
        2576,
        4336
      ],
      [
        2610,
        4301
      ]
    ],
    "models": []
  },
  {
    "id": 5734,
    "name": "Elnock\u0020Inquisitor",
    "category": 354,
    "minimapdot": false,
    "level": 0,
    "actions": [
      "Talk-to",
      "Trade",
      "Exchange",
      "Quick-withdraw"
    ],
    "coordinates": [[
      2586,
      4314
    ]],
    "models": [
      19773,
      10340,
      25205
    ]
  },
  {
    "id": 9394,
    "name": "Man",
    "category": -1,
    "minimapdot": false,
    "level": 0,
    "actions": [[
      2590,
      4319
    ]],
    "coordinates": [[
      2590,
      4319
    ]],
    "models": []
  },
  {
    "id": 9395,
    "name": "Man",
    "category": -1,
    "minimapdot": false,
    "level": 0,
    "actions": [[
      2590,
      4320
    ]],
    "coordinates": [[
      2590,
      4320
    ]],
    "models": []
  },
  {
    "id": 9397,
    "name": "Man",
    "category": -1,
    "minimapdot": false,
    "level": 0,
    "actions": [[
      2591,
      4319
    ]],
    "coordinates": [[
      2591,
      4319
    ]],
    "models": []
  },
  {
    "id": 5735,
    "name": "Immenizz",
    "category": -1,
    "minimapdot": false,
    "level": 0,
    "actions": ["Talk-to"],
    "coordinates": [[
      2592,
      4320
    ]],
    "models": [26374]
  },
  {
    "id": 9396,
    "name": "Man",
    "category": -1,
    "minimapdot": false,
    "level": 0,
    "actions": [[
      2593,
      4319
    ]],
    "coordinates": [[
      2593,
      4319
    ]],
    "models": []
  }
]