[
  {
    "id": 3049,
    "name": "Hobgoblin",
    "category": 442,
    "minimapdot": false,
    "level": 28,
    "actions": ["Attack"],
    "coordinates": [
      [
        2576,
        4460
      ],
      [
        2576,
        4462
      ],
      [
        2579,
        4458
      ],
      [
        2579,
        4461
      ],
      [
        2579,
        4463
      ],
      [
        2581,
        4462
      ],
      [
        2582,
        4461
      ]
    ],
    "models": [2994]
  },
  {
    "id": 892,
    "name": "Golrie",
    "category": -1,
    "minimapdot": false,
    "level": 0,
    "actions": ["Talk-to"],
    "coordinates": [[
      2579,
      4451
    ]],
    "models": [
      2900,
      2914,
      2915
    ]
  },
  {
    "id": 49,
    "name": "Zombie",
    "category": 274,
    "minimapdot": false,
    "level": 24,
    "actions": ["Attack"],
    "coordinates": [[
      2603,
      4446
    ]],
    "models": [
      21102,
      21058,
      21040,
      21087,
      21116,
      21073,
      21136
    ]
  },
  {
    "id": 2834,
    "name": "Giant\u0020bat",
    "category": 296,
    "minimapdot": false,
    "level": 27,
    "actions": ["Attack"],
    "coordinates": [
      [
        2604,
        4446
      ],
      [
        2606,
        4437
      ],
      [
        2607,
        4444
      ]
    ],
    "models": [18898]
  },
  {
    "id": 27,
    "name": "Zombie",
    "category": 274,
    "minimapdot": false,
    "level": 13,
    "actions": ["Attack"],
    "coordinates": [[
      2605,
      4449
    ]],
    "models": [
      21102,
      21058,
      21040,
      21087,
      21116,
      21073,
      21140
    ]
  },
  {
    "id": 28,
    "name": "Zombie",
    "category": 274,
    "minimapdot": false,
    "level": 13,
    "actions": ["Attack"],
    "coordinates": [[
      2612,
      4447
    ]],
    "models": [
      21105,
      21059,
      21041,
      21088,
      21117,
      21073,
      21140
    ]
  }
]