[
  {
    "id": 233,
    "name": "Macaroni\u0020Penguin",
    "category": -1,
    "minimapdot": false,
    "level": 0,
    "actions": [[
      2571,
      3907
    ]],
    "coordinates": [[
      2571,
      3907
    ]],
    "models": [21550]
  },
  {
    "id": 2063,
    "name": "Penguin",
    "category": 428,
    "minimapdot": false,
    "level": 2,
    "actions": ["Attack"],
    "coordinates": [
      [
        2579,
        3908
      ],
      [
        2580,
        3910
      ],
      [
        2581,
        3912
      ],
      [
        2581,
        3915
      ],
      [
        2581,
        3916
      ],
      [
        2582,
        3908
      ],
      [
        2583,
        3916
      ],
      [
        2584,
        3907
      ],
      [
        2584,
        3910
      ],
      [
        2584,
        3913
      ],
      [
        2584,
        3914
      ],
      [
        2585,
        3918
      ],
      [
        2586,
        3908
      ],
      [
        2586,
        3911
      ],
      [
        2586,
        3916
      ],
      [
        2587,
        3913
      ],
      [
        2587,
        3917
      ],
      [
        2588,
        3907
      ],
      [
        2588,
        3910
      ],
      [
        2588,
        3915
      ],
      [
        2590,
        3911
      ],
      [
        2590,
        3914
      ],
      [
        2590,
        3917
      ],
      [
        2591,
        3908
      ],
      [
        2593,
        3909
      ],
      [
        2593,
        3911
      ]
    ],
    "models": [21547]
  }
]