[
  {
    "id": 5499,
    "name": "Pheasant",
    "category": 269,
    "minimapdot": false,
    "level": 3,
    "actions": ["Kill"],
    "coordinates": [
      [
        2597,
        4779
      ],
      [
        2598,
        4774
      ],
      [
        2605,
        4777
      ]
    ],
    "models": []
  },
  {
    "id": 5498,
    "name": "Pheasant",
    "category": 269,
    "minimapdot": false,
    "level": 3,
    "actions": ["Kill"],
    "coordinates": [
      [
        2598,
        4777
      ],
      [
        2606,
        4778
      ],
      [
        2608,
        4772
      ]
    ],
    "models": []
  },
  {
    "id": 5497,
    "name": "Pheasant",
    "category": 269,
    "minimapdot": false,
    "level": 3,
    "actions": ["Kill"],
    "coordinates": [
      [
        2599,
        4772
      ],
      [
        2603,
        4774
      ],
      [
        2610,
        4774
      ]
    ],
    "models": []
  },
  {
    "id": 372,
    "name": "Freaky\u0020Forester",
    "category": -1,
    "minimapdot": false,
    "level": 0,
    "actions": ["Talk-to"],
    "coordinates": [[
      2599,
      4775
    ]],
    "models": [
      215,
      249,
      299,
      170,
      176,
      8777,
      185,
      8781,
      8775
    ]
  },
  {
    "id": 5501,
    "name": "Pheasant",
    "category": 269,
    "minimapdot": false,
    "level": 3,
    "actions": ["Kill"],
    "coordinates": [
      [
        2600,
        4777
      ],
      [
        2603,
        4769
      ],
      [
        2607,
        4775
      ]
    ],
    "models": []
  }
]