[
  {
    "id": 4522,
    "name": "Guard",
    "category": 619,
    "minimapdot": false,
    "level": 22,
    "actions": [
      "Pickpocket",
      "Attack",
      "Talk-to"
    ],
    "coordinates": [[
      2566,
      5189
    ]],
    "models": [
      169,
      176,
      517,
      250,
      181,
      265,
      296,
      5434,
      5430,
      5433,
      317,
      5437
    ]
  },
  {
    "id": 4523,
    "name": "Guard",
    "category": 619,
    "minimapdot": false,
    "level": 22,
    "actions": [
      "Pickpocket",
      "Attack",
      "Talk-to"
    ],
    "coordinates": [[
      2566,
      5201
    ]],
    "models": [
      169,
      176,
      517,
      250,
      181,
      265,
      296,
      5434,
      5430,
      5433,
      317,
      5437
    ]
  },
  {
    "id": 4524,
    "name": "Guard",
    "category": 619,
    "minimapdot": false,
    "level": 22,
    "actions": [
      "Pickpocket",
      "Attack",
      "Talk-to"
    ],
    "coordinates": [[
      2567,
      5195
    ]],
    "models": [
      169,
      176,
      517,
      250,
      181,
      265,
      296,
      5434,
      5430,
      5433,
      317,
      5437
    ]
  },
  {
    "id": 4526,
    "name": "Guard",
    "category": 619,
    "minimapdot": false,
    "level": 22,
    "actions": [
      "Pickpocket",
      "Attack",
      "Talk-to"
    ],
    "coordinates": [[
      2567,
      5202
    ]],
    "models": [
      169,
      176,
      517,
      250,
      181,
      265,
      296,
      5434,
      5430,
      5433,
      317,
      5437
    ]
  },
  {
    "id": 4525,
    "name": "Guard",
    "category": 619,
    "minimapdot": false,
    "level": 22,
    "actions": [
      "Pickpocket",
      "Attack",
      "Talk-to"
    ],
    "coordinates": [[
      2577,
      5201
    ]],
    "models": [
      169,
      176,
      517,
      250,
      181,
      265,
      296,
      5434,
      5430,
      5433,
      317,
      5437
    ]
  }
]