[
  {
    "id": 2856,
    "name": "Giant\u0020rat",
    "category": 262,
    "minimapdot": false,
    "level": 3,
    "actions": ["Attack"],
    "coordinates": [
      [
        2631,
        9695
      ],
      [
        2647,
        9701
      ],
      [
        2647,
        9716
      ]
    ],
    "models": [
      18891,
      18889,
      18894,
      18888
    ]
  },
  {
    "id": 2857,
    "name": "Giant\u0020rat",
    "category": 262,
    "minimapdot": false,
    "level": 3,
    "actions": ["Attack"],
    "coordinates": [
      [
        2636,
        9697
      ],
      [
        2644,
        9708
      ],
      [
        2651,
        9700
      ]
    ],
    "models": [
      18892,
      18890,
      18895,
      18888
    ]
  },
  {
    "id": 2854,
    "name": "Rat",
    "category": 262,
    "minimapdot": false,
    "level": 1,
    "actions": ["Attack"],
    "coordinates": [
      [
        2641,
        9698
      ],
      [
        2645,
        9711
      ],
      [
        2669,
        9681
      ],
      [
        2673,
        9678
      ],
      [
        2680,
        9701
      ]
    ],
    "models": [9610]
  },
  {
    "id": 2858,
    "name": "Giant\u0020rat",
    "category": 262,
    "minimapdot": false,
    "level": 3,
    "actions": ["Attack"],
    "coordinates": [
      [
        2642,
        9712
      ],
      [
        2644,
        9696
      ]
    ],
    "models": [
      18893,
      18889,
      18896,
      18888
    ]
  },
  {
    "id": 51,
    "name": "Zombie",
    "category": 274,
    "minimapdot": false,
    "level": 24,
    "actions": ["Attack"],
    "coordinates": [[
      2675,
      9680
    ]],
    "models": [
      21002,
      20973,
      20954,
      20992,
      21016,
      20984,
      21029
    ]
  },
  {
    "id": 50,
    "name": "Zombie",
    "category": 274,
    "minimapdot": false,
    "level": 24,
    "actions": ["Attack"],
    "coordinates": [[
      2676,
      9684
    ]],
    "models": [
      21105,
      21059,
      21041,
      21088,
      21117,
      21073,
      21136
    ]
  },
  {
    "id": 49,
    "name": "Zombie",
    "category": 274,
    "minimapdot": false,
    "level": 24,
    "actions": ["Attack"],
    "coordinates": [[
      2676,
      9687
    ]],
    "models": [
      21102,
      21058,
      21040,
      21087,
      21116,
      21073,
      21136
    ]
  }
]