[
  {
    "id": 2090,
    "name": "Moss\u0020giant",
    "category": 346,
    "minimapdot": false,
    "level": 42,
    "actions": ["Attack"],
    "coordinates": [
      [
        2636,
        9544
      ],
      [
        2651,
        9564
      ],
      [
        2653,
        9574
      ],
      [
        2663,
        9556
      ],
      [
        2670,
        9544
      ]
    ],
    "models": [
      17455,
      17439,
      17460
    ]
  },
  {
    "id": 2091,
    "name": "Moss\u0020giant",
    "category": 346,
    "minimapdot": false,
    "level": 42,
    "actions": ["Attack"],
    "coordinates": [
      [
        2640,
        9583
      ],
      [
        2647,
        9554
      ],
      [
        2673,
        9592
      ],
      [
        2680,
        9544
      ]
    ],
    "models": [
      17455,
      17444,
      17460
    ]
  },
  {
    "id": 2092,
    "name": "Moss\u0020giant",
    "category": 346,
    "minimapdot": false,
    "level": 42,
    "actions": ["Attack"],
    "coordinates": [
      [
        2648,
        9537
      ],
      [
        2654,
        9587
      ],
      [
        2680,
        9594
      ],
      [
        2682,
        9573
      ]
    ],
    "models": [
      17456,
      17444,
      17460
    ]
  },
  {
    "id": 2093,
    "name": "Moss\u0020giant",
    "category": 346,
    "minimapdot": false,
    "level": 42,
    "actions": ["Attack"],
    "coordinates": [[
      2659,
      9548
    ]],
    "models": [
      17457,
      17445,
      17460
    ]
  }
]