[
  {
    "id": 852,
    "name": "Icelord",
    "category": 317,
    "minimapdot": false,
    "level": 51,
    "actions": ["Attack"],
    "coordinates": [[
      2641,
      10426
    ]],
    "models": [
      21802,
      21801,
      21806
    ]
  },
  {
    "id": 853,
    "name": "Icelord",
    "category": 317,
    "minimapdot": false,
    "level": 51,
    "actions": ["Attack"],
    "coordinates": [[
      2644,
      10424
    ]],
    "models": [
      21803,
      21801
    ]
  },
  {
    "id": 854,
    "name": "Icelord",
    "category": 317,
    "minimapdot": false,
    "level": 51,
    "actions": ["Attack"],
    "coordinates": [[
      2647,
      10425
    ]],
    "models": [
      21804,
      21801
    ]
  },
  {
    "id": 841,
    "name": "KGP\u0020Agent",
    "category": -1,
    "minimapdot": false,
    "level": 0,
    "actions": ["Talk-to"],
    "coordinates": [[
      2648,
      10384
    ]],
    "models": [21552]
  },
  {
    "id": 855,
    "name": "Icelord",
    "category": 317,
    "minimapdot": false,
    "level": 51,
    "actions": ["Attack"],
    "coordinates": [[
      2650,
      10423
    ]],
    "models": [
      21805,
      21801
    ]
  },
  {
    "id": 831,
    "name": "Penguin",
    "category": -1,
    "minimapdot": false,
    "level": 0,
    "actions": ["Talk-to"],
    "coordinates": [
      [
        2655,
        10389
      ],
      [
        2655,
        10402
      ],
      [
        2660,
        10378
      ]
    ],
    "models": [21547]
  },
  {
    "id": 1983,
    "name": "KGP\u0020Agent",
    "category": -1,
    "minimapdot": false,
    "level": 0,
    "actions": ["Talk-to"],
    "coordinates": [[
      2655,
      10408
    ]],
    "models": []
  },
  {
    "id": 839,
    "name": "Ping",
    "category": -1,
    "minimapdot": false,
    "level": 0,
    "actions": ["Talk-to"],
    "coordinates": [[
      2670,
      10395
    ]],
    "models": [21547]
  },
  {
    "id": 840,
    "name": "Pong",
    "category": -1,
    "minimapdot": false,
    "level": 0,
    "actions": ["Talk-to"],
    "coordinates": [[
      2670,
      10397
    ]],
    "models": [21547]
  }
]