[
  {
    "id": 1014,
    "name": "Gamer",
    "category": 335,
    "minimapdot": false,
    "level": 0,
    "actions": ["Talk-to"],
    "coordinates": [[
      2647,
      9635
    ]],
    "models": [
      215,
      186,
      249,
      10077,
      317,
      10073,
      10074,
      10076,
      185,
      326
    ]
  },
  {
    "id": 4613,
    "name": "Rat",
    "category": 624,
    "minimapdot": false,
    "level": 0,
    "actions": [
      [
        2649,
        9638
      ],
      [
        2651,
        9641
      ],
      [
        2653,
        9636
      ],
      [
        2654,
        9642
      ],
      [
        2655,
        9637
      ],
      [
        2665,
        9625
      ]
    ],
    "coordinates": [
      [
        2649,
        9638
      ],
      [
        2651,
        9641
      ],
      [
        2653,
        9636
      ],
      [
        2654,
        9642
      ],
      [
        2655,
        9637
      ],
      [
        2665,
        9625
      ]
    ],
    "models": [9610]
  },
  {
    "id": 4614,
    "name": "Rat",
    "category": 624,
    "minimapdot": false,
    "level": 0,
    "actions": [
      [
        2649,
        9641
      ],
      [
        2653,
        9638
      ],
      [
        2654,
        9636
      ],
      [
        2661,
        9625
      ]
    ],
    "coordinates": [
      [
        2649,
        9641
      ],
      [
        2653,
        9638
      ],
      [
        2654,
        9636
      ],
      [
        2661,
        9625
      ]
    ],
    "models": [9610]
  },
  {
    "id": 4615,
    "name": "Rat",
    "category": 624,
    "minimapdot": false,
    "level": 0,
    "actions": [
      [
        2650,
        9635
      ],
      [
        2650,
        9642
      ],
      [
        2652,
        9637
      ],
      [
        2655,
        9639
      ],
      [
        2662,
        9623
      ],
      [
        2663,
        9625
      ]
    ],
    "coordinates": [
      [
        2650,
        9635
      ],
      [
        2650,
        9642
      ],
      [
        2652,
        9637
      ],
      [
        2655,
        9639
      ],
      [
        2662,
        9623
      ],
      [
        2663,
        9625
      ]
    ],
    "models": [9610]
  },
  {
    "id": 1016,
    "name": "Gamer",
    "category": 335,
    "minimapdot": false,
    "level": 0,
    "actions": ["Talk-to"],
    "coordinates": [[
      2653,
      9632
    ]],
    "models": [
      387,
      470,
      480,
      332,
      353,
      438,
      8934
    ]
  },
  {
    "id": 1019,
    "name": "Gamer",
    "category": 335,
    "minimapdot": false,
    "level": 0,
    "actions": ["Talk-to"],
    "coordinates": [[
      2656,
      9643
    ]],
    "models": [
      9452,
      246,
      315,
      173,
      176,
      275,
      181
    ]
  },
  {
    "id": 1011,
    "name": "Gamer",
    "category": 335,
    "minimapdot": false,
    "level": 0,
    "actions": ["Talk-to"],
    "coordinates": [[
      2660,
      9622
    ]],
    "models": [
      215,
      10038,
      5215,
      5221,
      326,
      162,
      176,
      3711,
      274,
      181
    ]
  },
  {
    "id": 4603,
    "name": "Topsy",
    "category": -1,
    "minimapdot": false,
    "level": 0,
    "actions": [[
      2663,
      9623
    ]],
    "coordinates": [[
      2663,
      9623
    ]],
    "models": [
      9386,
      9388
    ]
  },
  {
    "id": 4602,
    "name": "Claude",
    "category": -1,
    "minimapdot": false,
    "level": 0,
    "actions": [[
      2664,
      9626
    ]],
    "coordinates": [[
      2664,
      9626
    ]],
    "models": [
      9386,
      9388
    ]
  },
  {
    "id": 1015,
    "name": "Gamer",
    "category": 335,
    "minimapdot": false,
    "level": 0,
    "actions": ["Talk-to"],
    "coordinates": [[
      2664,
      9628
    ]],
    "models": [
      378,
      9361,
      479,
      332,
      353,
      428,
      7614
    ]
  }
]