[
  {
    "id": 7118,
    "name": "Maniacal\u0020monkey",
    "category": -1,
    "minimapdot": false,
    "level": 140,
    "actions": ["Attack"],
    "coordinates": [
      [
        2629,
        9113
      ],
      [
        2633,
        9117
      ],
      [
        2634,
        9109
      ],
      [
        2636,
        9117
      ],
      [
        2638,
        9103
      ],
      [
        2638,
        9113
      ],
      [
        2639,
        9109
      ],
      [
        2639,
        9118
      ],
      [
        2642,
        9111
      ],
      [
        2644,
        9110
      ],
      [
        2644,
        9115
      ],
      [
        2657,
        9150
      ],
      [
        2659,
        9151
      ],
      [
        2660,
        9147
      ],
      [
        2660,
        9149
      ],
      [
        2663,
        9148
      ],
      [
        2665,
        9149
      ],
      [
        2665,
        9151
      ],
      [
        2667,
        9147
      ]
    ],
    "models": [
      31568,
      31566
    ]
  },
  {
    "id": 7119,
    "name": "Maniacal\u0020Monkey\u0020Archer",
    "category": -1,
    "minimapdot": false,
    "level": 132,
    "actions": ["Attack"],
    "coordinates": [
      [
        2631,
        9110
      ],
      [
        2631,
        9115
      ],
      [
        2634,
        9114
      ],
      [
        2636,
        9108
      ],
      [
        2640,
        9114
      ],
      [
        2642,
        9117
      ],
      [
        2643,
        9108
      ]
    ],
    "models": [
      31567,
      31565,
      4831
    ]
  }
]