[
  {
    "id": 275,
    "name": "Steel\u0020dragon",
    "category": 347,
    "minimapdot": false,
    "level": 246,
    "actions": ["Attack"],
    "coordinates": [
      [
        2632,
        9420
      ],
      [
        2637,
        9425
      ],
      [
        2638,
        9432
      ],
      [
        2639,
        9418
      ],
      [
        2646,
        9424
      ],
      [
        2646,
        9431
      ],
      [
        2653,
        9427
      ],
      [
        2655,
        9419
      ],
      [
        2663,
        9417
      ]
    ],
    "models": [
      24578,
      24587,
      24583,
      17423
    ]
  },
  {
    "id": 271,
    "name": "Bronze\u0020dragon",
    "category": 347,
    "minimapdot": false,
    "level": 131,
    "actions": ["Attack"],
    "coordinates": [
      [
        2632,
        9457
      ],
      [
        2636,
        9450
      ],
      [
        2639,
        9456
      ],
      [
        2642,
        9446
      ],
      [
        2646,
        9455
      ]
    ],
    "models": [
      24576,
      24585,
      24581,
      17423
    ]
  },
  {
    "id": 273,
    "name": "Iron\u0020dragon",
    "category": 347,
    "minimapdot": false,
    "level": 189,
    "actions": ["Attack"],
    "coordinates": [
      [
        2661,
        9453
      ],
      [
        2663,
        9459
      ],
      [
        2666,
        9452
      ],
      [
        2670,
        9447
      ],
      [
        2670,
        9459
      ],
      [
        2673,
        9453
      ],
      [
        2674,
        9442
      ],
      [
        2678,
        9457
      ]
    ],
    "models": [
      24577,
      24586,
      24582,
      17423
    ]
  },
  {
    "id": 7667,
    "name": "Hieve",
    "category": 922,
    "minimapdot": false,
    "level": 0,
    "actions": ["Talk-to"],
    "coordinates": [[
      2683,
      9434
    ]],
    "models": [
      201,
      223,
      247,
      299,
      159,
      10218,
      263,
      8919,
      26424,
      26656
    ]
  }
]