[
  {
    "id": 3020,
    "name": "Jungle\u0020spider",
    "category": 384,
    "minimapdot": false,
    "level": 44,
    "actions": ["Attack"],
    "coordinates": [
      [
        2667,
        3090
      ],
      [
        2669,
        3091
      ],
      [
        2670,
        3087
      ],
      [
        2670,
        3089
      ],
      [
        2672,
        3093
      ],
      [
        2673,
        3085
      ],
      [
        2673,
        3088
      ],
      [
        2673,
        3092
      ],
      [
        2674,
        3096
      ],
      [
        2674,
        3111
      ],
      [
        2677,
        3097
      ],
      [
        2678,
        3084
      ],
      [
        2678,
        3091
      ],
      [
        2680,
        3081
      ],
      [
        2680,
        3090
      ],
      [
        2680,
        3094
      ],
      [
        2680,
        3110
      ],
      [
        2681,
        3086
      ],
      [
        2681,
        3094
      ],
      [
        2681,
        3114
      ],
      [
        2683,
        3088
      ]
    ],
    "models": [
      20315,
      20313
    ]
  },
  {
    "id": 3019,
    "name": "Spider",
    "category": 384,
    "minimapdot": false,
    "level": 1,
    "actions": ["Attack"],
    "coordinates": [
      [
        2671,
        3107
      ],
      [
        2672,
        3109
      ]
    ],
    "models": [24613]
  }
]