[
  {
    "id": 2888,
    "name": "Shop\u0020keeper",
    "category": -1,
    "minimapdot": false,
    "level": 0,
    "actions": [
      "Talk-to",
      "Trade"
    ],
    "coordinates": [
      [
        2641,
        3171
      ],
      [
        2655,
        3152
      ]
    ],
    "models": [
      230,
      247,
      292,
      151,
      176,
      254,
      181,
      326
    ]
  },
  {
    "id": 5607,
    "name": "Murphy",
    "category": -1,
    "minimapdot": false,
    "level": 0,
    "actions": ["Talk-to"],
    "coordinates": [[
      2668,
      3162
    ]],
    "models": [
      217,
      310,
      267,
      170,
      176,
      185,
      194,
      244,
      322,
      249
    ]
  },
  {
    "id": 1330,
    "name": "Trader\u0020Crewmember",
    "category": 420,
    "minimapdot": false,
    "level": 1,
    "actions": [[
      2673,
      3144
    ]],
    "coordinates": [[
      2673,
      3144
    ]],
    "models": []
  },
  {
    "id": 1332,
    "name": "Trader\u0020Crewmember",
    "category": 420,
    "minimapdot": false,
    "level": 1,
    "actions": [[
      2675,
      3144
    ]],
    "coordinates": [[
      2675,
      3144
    ]],
    "models": []
  },
  {
    "id": 1358,
    "name": "Tindel\u0020Marchant",
    "category": -1,
    "minimapdot": false,
    "level": 0,
    "actions": [
      "Talk-to",
      "Give-Sword"
    ],
    "coordinates": [[
      2678,
      3153
    ]],
    "models": [
      163,
      254,
      292,
      320,
      230,
      247,
      176,
      181
    ]
  }
]