[
  {
    "id": 5007,
    "name": "Imp",
    "category": 748,
    "minimapdot": false,
    "level": 2,
    "actions": ["Attack"],
    "coordinates": [
      [
        2625,
        3203
      ],
      [
        2625,
        3217
      ],
      [
        2629,
        3233
      ],
      [
        2630,
        3210
      ],
      [
        2632,
        3202
      ],
      [
        2633,
        3222
      ],
      [
        2633,
        3243
      ],
      [
        2639,
        3206
      ],
      [
        2639,
        3230
      ]
    ],
    "models": [19982]
  },
  {
    "id": 6157,
    "name": "'Transmute'\u0020The\u0020Alchemist",
    "category": -1,
    "minimapdot": false,
    "level": 0,
    "actions": [[
      2638,
      3220
    ]],
    "coordinates": [[
      2638,
      3220
    ]],
    "models": []
  },
  {
    "id": 6154,
    "name": "Effigy",
    "category": -1,
    "minimapdot": false,
    "level": 0,
    "actions": [[
      2639,
      3219
    ]],
    "coordinates": [[
      2639,
      3219
    ]],
    "models": []
  },
  {
    "id": 6158,
    "name": "'Currency'\u0020The\u0020Alchemist",
    "category": -1,
    "minimapdot": false,
    "level": 0,
    "actions": [[
      2640,
      3220
    ]],
    "coordinates": [[
      2640,
      3220
    ]],
    "models": []
  },
  {
    "id": 6156,
    "name": "Homunculus",
    "category": -1,
    "minimapdot": false,
    "level": 0,
    "actions": [[
      2640,
      3221
    ]],
    "coordinates": [[
      2640,
      3221
    ]],
    "models": []
  },
  {
    "id": 3599,
    "name": "'The\u0020Guns'",
    "category": -1,
    "minimapdot": false,
    "level": 0,
    "actions": [
      "Talk-to",
      "Pickpocket"
    ],
    "coordinates": [[
      2643,
      3226
    ]],
    "models": [
      230,
      22599,
      11190,
      315,
      19329,
      19332,
      271,
      19947,
      22607
    ]
  },
  {
    "id": 3597,
    "name": "'No\u0020fingers'",
    "category": -1,
    "minimapdot": false,
    "level": 0,
    "actions": [
      "Talk-to",
      "Pickpocket"
    ],
    "coordinates": [[
      2645,
      3224
    ]],
    "models": [
      230,
      22599,
      10561,
      18498,
      19329,
      19332,
      14381,
      18128,
      22609
    ]
  },
  {
    "id": 3596,
    "name": "'Black-eye'",
    "category": -1,
    "minimapdot": false,
    "level": 0,
    "actions": [
      "Talk-to",
      "Pickpocket"
    ],
    "coordinates": [[
      2645,
      3229
    ]],
    "models": [
      230,
      22599,
      246,
      10705,
      19329,
      19332,
      14379,
      181
    ]
  },
  {
    "id": 3598,
    "name": "'Gummy'",
    "category": -1,
    "minimapdot": false,
    "level": 0,
    "actions": [
      "Talk-to",
      "Pickpocket"
    ],
    "coordinates": [[
      2645,
      3230
    ]],
    "models": [
      230,
      22599,
      247,
      18498,
      159,
      179,
      271,
      19947
    ]
  },
  {
    "id": 3587,
    "name": "Bonafido",
    "category": -1,
    "minimapdot": false,
    "level": 0,
    "actions": ["Talk-to"],
    "coordinates": [[
      2650,
      3227
    ]],
    "models": [
      22600,
      22599,
      22603,
      22595,
      22598,
      22601,
      19947,
      22606
    ]
  },
  {
    "id": 888,
    "name": "Irwin\u0020Feaselbaum",
    "category": -1,
    "minimapdot": false,
    "level": 0,
    "actions": ["Talk-to"],
    "coordinates": [[
      2666,
      3246
    ]],
    "models": [
      202,
      215,
      292,
      328,
      170,
      176,
      265,
      181,
      246
    ]
  },
  {
    "id": 1025,
    "name": "Necromancer",
    "category": -1,
    "minimapdot": false,
    "level": 26,
    "actions": ["Attack"],
    "coordinates": [[
      2671,
      3240
    ]],
    "models": [
      230,
      181,
      250,
      292,
      170,
      176,
      260,
      328
    ]
  }
]