[
  {
    "id": 0,
    "name": "Tool\u0020Leprechaun",
    "category": 236,
    "minimapdot": false,
    "level": 0,
    "actions": [
      "Talk-to",
      "Exchange"
    ],
    "coordinates": [[
      2663,
      3521
    ]],
    "models": [10220]
  },
  {
    "id": 2673,
    "name": "Rhonen",
    "category": 459,
    "minimapdot": false,
    "level": 0,
    "actions": [
      "Talk-to",
      "Pay"
    ],
    "coordinates": [[
      2666,
      3530
    ]],
    "models": [
      217,
      248,
      292,
      8233,
      170,
      176,
      7368,
      265,
      185
    ]
  }
]