[
  {
    "id": 3912,
    "name": "Wolf",
    "category": 310,
    "minimapdot": false,
    "level": 64,
    "actions": ["Attack"],
    "coordinates": [
      [
        2626,
        3633
      ],
      [
        2630,
        3631
      ],
      [
        2630,
        3637
      ],
      [
        2641,
        3626
      ],
      [
        2642,
        3622
      ],
      [
        2644,
        3627
      ]
    ],
    "models": [26265]
  },
  {
    "id": 106,
    "name": "Wolf",
    "category": 310,
    "minimapdot": false,
    "level": 64,
    "actions": ["Attack"],
    "coordinates": [
      [
        2647,
        3584
      ],
      [
        2680,
        3585
      ],
      [
        2682,
        3592
      ]
    ],
    "models": [26266]
  },
  {
    "id": 3921,
    "name": "Council\u0020workman",
    "category": -1,
    "minimapdot": false,
    "level": 0,
    "actions": ["Talk-to"],
    "coordinates": [[
      2655,
      3592
    ]],
    "models": [
      230,
      247,
      295,
      151,
      179,
      254,
      185,
      509
    ]
  },
  {
    "id": 5526,
    "name": "Thorodin",
    "category": 865,
    "minimapdot": false,
    "level": 0,
    "actions": ["Talk-to"],
    "coordinates": [[
      2659,
      3627
    ]],
    "models": [
      4220,
      252,
      292,
      162,
      179,
      4226,
      4218,
      4236,
      326,
      4235,
      4221,
      4219
    ]
  },
  {
    "id": 3930,
    "name": "Town\u0020Guard",
    "category": -1,
    "minimapdot": false,
    "level": 0,
    "actions": [[
      2660,
      3646
    ]],
    "coordinates": [[
      2660,
      3646
    ]],
    "models": [
      4220,
      252,
      292,
      162,
      179,
      4226,
      4218,
      540,
      326,
      4235,
      317,
      4219
    ]
  },
  {
    "id": 3931,
    "name": "Town\u0020Guard",
    "category": -1,
    "minimapdot": false,
    "level": 0,
    "actions": [[
      2664,
      3646
    ]],
    "coordinates": [[
      2664,
      3646
    ]],
    "models": [
      4220,
      252,
      292,
      162,
      179,
      4226,
      4218,
      540,
      326,
      4235,
      317,
      4219
    ]
  }
]