[
  {
    "id": 6705,
    "name": "Guard",
    "category": 885,
    "minimapdot": false,
    "level": 665,
    "actions": [
      [
        2634,
        3336
      ],
      [
        2640,
        3336
      ]
    ],
    "coordinates": [
      [
        2634,
        3336
      ],
      [
        2640,
        3336
      ]
    ],
    "models": []
  },
  {
    "id": 5418,
    "name": "Guard",
    "category": -1,
    "minimapdot": false,
    "level": 20,
    "actions": [
      "Attack",
      "Pickpocket"
    ],
    "coordinates": [
      [
        2635,
        3339
      ],
      [
        2636,
        3340
      ],
      [
        2637,
        3339
      ]
    ],
    "models": [
      225,
      301,
      162,
      179,
      274,
      185,
      502
    ]
  },
  {
    "id": 5730,
    "name": "Master\u0020Farmer",
    "category": 641,
    "minimapdot": false,
    "level": 0,
    "actions": ["Pickpocket"],
    "coordinates": [[
      2636,
      3364
    ]],
    "models": [
      6364,
      217,
      249,
      292,
      4391,
      170,
      176,
      7367,
      274,
      7121
    ]
  },
  {
    "id": 3114,
    "name": "Farmer",
    "category": 498,
    "minimapdot": false,
    "level": 7,
    "actions": [
      "Attack",
      "Pickpocket"
    ],
    "coordinates": [
      [
        2645,
        3367
      ],
      [
        2652,
        3351
      ]
    ],
    "models": [
      217,
      246,
      292,
      151,
      176,
      274,
      185,
      495,
      4843
    ]
  },
  {
    "id": 503,
    "name": "Richard",
    "category": 418,
    "minimapdot": false,
    "level": 0,
    "actions": [
      "Talk-to",
      "Trade"
    ],
    "coordinates": [[
      2646,
      3364
    ]],
    "models": [
      217,
      305,
      170,
      176,
      274,
      7121,
      246
    ]
  },
  {
    "id": 2693,
    "name": "Sheep",
    "category": 507,
    "minimapdot": false,
    "level": 0,
    "actions": ["Shear"],
    "coordinates": [
      [
        2650,
        3366
      ],
      [
        2650,
        3375
      ],
      [
        2651,
        3360
      ],
      [
        2652,
        3373
      ],
      [
        2653,
        3362
      ],
      [
        2654,
        3357
      ],
      [
        2655,
        3368
      ],
      [
        2656,
        3364
      ],
      [
        2656,
        3371
      ],
      [
        2656,
        3378
      ]
    ],
    "models": [
      20290,
      20291
    ]
  },
  {
    "id": 1262,
    "name": "Ram",
    "category": 1319,
    "minimapdot": false,
    "level": 2,
    "actions": ["Attack"],
    "coordinates": [
      [
        2656,
        3359
      ],
      [
        2656,
        3375
      ]
    ],
    "models": [
      20292,
      20295,
      20294
    ]
  },
  {
    "id": 2790,
    "name": "Cow",
    "category": 365,
    "minimapdot": false,
    "level": 2,
    "actions": ["Attack"],
    "coordinates": [
      [
        2657,
        3341
      ],
      [
        2658,
        3351
      ],
      [
        2660,
        3344
      ],
      [
        2664,
        3341
      ],
      [
        2664,
        3348
      ],
      [
        2664,
        3352
      ],
      [
        2666,
        3344
      ],
      [
        2670,
        3348
      ],
      [
        2671,
        3342
      ],
      [
        2672,
        3354
      ]
    ],
    "models": [23889]
  },
  {
    "id": 3260,
    "name": "Warrior\u0020woman",
    "category": -1,
    "minimapdot": false,
    "level": 24,
    "actions": [
      "Attack",
      "Pickpocket"
    ],
    "coordinates": [[
      2659,
      3332
    ]],
    "models": [
      390,
      468,
      337,
      353,
      432,
      361,
      376,
      519,
      541
    ]
  },
  {
    "id": 222,
    "name": "Rick",
    "category": -1,
    "minimapdot": false,
    "level": 1,
    "actions": [[
      2663,
      3334
    ]],
    "coordinates": [[
      2663,
      3334
    ]],
    "models": []
  },
  {
    "id": 230,
    "name": "Demon\u0020butler",
    "category": -1,
    "minimapdot": false,
    "level": 1,
    "actions": [[
      2664,
      3329
    ]],
    "coordinates": [[
      2664,
      3329
    ]],
    "models": []
  },
  {
    "id": 3095,
    "name": "Chief\u0020servant",
    "category": -1,
    "minimapdot": false,
    "level": 0,
    "actions": ["Talk-to"],
    "coordinates": [[
      2664,
      3330
    ]],
    "models": [
      15121,
      230,
      5215,
      12751,
      322,
      162,
      4924,
      15147,
      254,
      181
    ]
  },
  {
    "id": 224,
    "name": "Maid",
    "category": -1,
    "minimapdot": false,
    "level": 1,
    "actions": [[
      2666,
      3330
    ]],
    "coordinates": [[
      2666,
      3330
    ]],
    "models": []
  },
  {
    "id": 2665,
    "name": "Kragen",
    "category": 459,
    "minimapdot": false,
    "level": 0,
    "actions": [
      "Talk-to",
      "Pay\u0020(north)",
      "Pay\u0020(south)"
    ],
    "coordinates": [[
      2668,
      3374
    ]],
    "models": [
      4843,
      235,
      253,
      315,
      173,
      176,
      496,
      274,
      7121
    ]
  },
  {
    "id": 226,
    "name": "Cook",
    "category": -1,
    "minimapdot": false,
    "level": 1,
    "actions": [[
      2669,
      3331
    ]],
    "coordinates": [[
      2669,
      3331
    ]],
    "models": []
  },
  {
    "id": 228,
    "name": "Butler",
    "category": -1,
    "minimapdot": false,
    "level": 1,
    "actions": [[
      2671,
      3330
    ]],
    "coordinates": [[
      2671,
      3330
    ]],
    "models": []
  },
  {
    "id": 0,
    "name": "Tool\u0020Leprechaun",
    "category": 236,
    "minimapdot": false,
    "level": 0,
    "actions": [
      "Talk-to",
      "Exchange"
    ],
    "coordinates": [[
      2671,
      3368
    ]],
    "models": [10220]
  },
  {
    "id": 1172,
    "name": "",
    "category": -1,
    "minimapdot": false,
    "level": 0,
    "actions": [[
      2674,
      3351
    ]],
    "coordinates": [[
      2674,
      3351
    ]],
    "models": [8236]
  }
]