[
  {
    "id": 3905,
    "name": "Gull",
    "category": 255,
    "minimapdot": false,
    "level": 0,
    "actions": [
      [
        2624,
        3702
      ],
      [
        2625,
        3710
      ],
      [
        2630,
        3710
      ],
      [
        2635,
        3697
      ],
      [
        2636,
        3710
      ],
      [
        2641,
        3704
      ]
    ],
    "coordinates": [
      [
        2624,
        3702
      ],
      [
        2625,
        3710
      ],
      [
        2630,
        3710
      ],
      [
        2635,
        3697
      ],
      [
        2636,
        3710
      ],
      [
        2641,
        3704
      ]
    ],
    "models": [
      26841,
      26844
    ]
  },
  {
    "id": 3950,
    "name": "Warrior",
    "category": -1,
    "minimapdot": false,
    "level": 48,
    "actions": ["Attack"],
    "coordinates": [
      [
        2625,
        3664
      ],
      [
        2630,
        3676
      ],
      [
        2634,
        3651
      ],
      [
        2643,
        3674
      ],
      [
        2650,
        3652
      ],
      [
        2655,
        3691
      ],
      [
        2666,
        3678
      ],
      [
        2668,
        3658
      ],
      [
        2668,
        3670
      ],
      [
        2668,
        3710
      ],
      [
        2673,
        3695
      ],
      [
        2685,
        3653
      ]
    ],
    "models": [
      4220,
      252,
      292,
      162,
      179,
      4226,
      4218,
      542,
      326,
      4235,
      317,
      4219
    ]
  },
  {
    "id": 3933,
    "name": "Yrsa",
    "category": -1,
    "minimapdot": false,
    "level": 0,
    "actions": [
      "Talk-to",
      "Trade",
      "Makeover"
    ],
    "coordinates": [[
      2625,
      3675
    ]],
    "models": [
      378,
      343,
      470,
      421,
      483,
      479,
      353,
      361
    ]
  },
  {
    "id": 3945,
    "name": "Sassilik",
    "category": -1,
    "minimapdot": false,
    "level": 48,
    "actions": [
      "Talk-to",
      "Pickpocket"
    ],
    "coordinates": [[
      2627,
      3654
    ]],
    "models": [
      382,
      483,
      456,
      479,
      348,
      353,
      421,
      358
    ]
  },
  {
    "id": 3906,
    "name": "Gull",
    "category": 255,
    "minimapdot": false,
    "level": 0,
    "actions": [
      [
        2628,
        3701
      ],
      [
        2628,
        3706
      ],
      [
        2632,
        3700
      ],
      [
        2633,
        3707
      ],
      [
        2635,
        3703
      ]
    ],
    "coordinates": [
      [
        2628,
        3701
      ],
      [
        2628,
        3706
      ],
      [
        2632,
        3700
      ],
      [
        2633,
        3707
      ],
      [
        2635,
        3703
      ]
    ],
    "models": [
      26841,
      26844
    ]
  },
  {
    "id": 3913,
    "name": "Fishing\u0020spot",
    "category": 283,
    "minimapdot": false,
    "level": 0,
    "actions": [
      "Small\u0020Net",
      "Bait"
    ],
    "coordinates": [
      [
        2633,
        3687
      ],
      [
        2633,
        3690
      ],
      [
        2633,
        3693
      ]
    ],
    "models": [1491]
  },
  {
    "id": 3895,
    "name": "Peer\u0020the\u0020Seer",
    "category": -1,
    "minimapdot": false,
    "level": 0,
    "actions": [
      "Talk-to",
      "Deposit-items"
    ],
    "coordinates": [[
      2634,
      3668
    ]],
    "models": [
      208,
      250,
      292,
      170,
      176,
      265,
      185,
      534,
      317,
      326
    ]
  },
  {
    "id": 3949,
    "name": "Market\u0020Guard",
    "category": -1,
    "minimapdot": false,
    "level": 48,
    "actions": ["Attack"],
    "coordinates": [
      [
        2635,
        3676
      ],
      [
        2644,
        3670
      ],
      [
        2644,
        3677
      ],
      [
        2644,
        3683
      ],
      [
        2650,
        3676
      ]
    ],
    "models": [
      4220,
      252,
      292,
      162,
      179,
      4226,
      4218,
      4236,
      326,
      4235,
      317,
      4219
    ]
  },
  {
    "id": 3914,
    "name": "Fishing\u0020spot",
    "category": 281,
    "minimapdot": false,
    "level": 0,
    "actions": [
      "Cage",
      "Harpoon"
    ],
    "coordinates": [
      [
        2639,
        3694
      ],
      [
        2642,
        3693
      ],
      [
        2642,
        3696
      ],
      [
        2642,
        3699
      ]
    ],
    "models": [1491]
  },
  {
    "id": 3944,
    "name": "Jennella",
    "category": -1,
    "minimapdot": false,
    "level": 48,
    "actions": [
      "Talk-to",
      "Attack",
      "Pickpocket"
    ],
    "coordinates": [[
      2640,
      3651
    ]],
    "models": [
      390,
      343,
      456,
      421,
      353,
      479,
      361,
      417
    ]
  },
  {
    "id": 6714,
    "name": "Guard",
    "category": 885,
    "minimapdot": false,
    "level": 665,
    "actions": [
      [
        2640,
        3656
      ],
      [
        2643,
        3679
      ],
      [
        2663,
        3656
      ],
      [
        2670,
        3675
      ],
      [
        2672,
        3708
      ],
      [
        2678,
        3695
      ],
      [
        2684,
        3657
      ]
    ],
    "coordinates": [
      [
        2640,
        3656
      ],
      [
        2643,
        3679
      ],
      [
        2663,
        3656
      ],
      [
        2670,
        3675
      ],
      [
        2672,
        3708
      ],
      [
        2678,
        3695
      ],
      [
        2684,
        3657
      ]
    ],
    "models": []
  },
  {
    "id": 3948,
    "name": "Fur\u0020trader",
    "category": -1,
    "minimapdot": false,
    "level": 0,
    "actions": [
      "Talk-to",
      "Trade"
    ],
    "coordinates": [[
      2640,
      3675
    ]],
    "models": [
      206,
      252,
      292,
      162,
      179,
      4226,
      4218,
      4391,
      317
    ]
  },
  {
    "id": 3894,
    "name": "Sigmund\u0020The\u0020Merchant",
    "category": -1,
    "minimapdot": false,
    "level": 0,
    "actions": [
      "Talk-to",
      "Trade"
    ],
    "coordinates": [[
      2641,
      3680
    ]],
    "models": [
      208,
      252,
      292,
      170,
      176,
      265,
      185,
      317,
      326
    ]
  },
  {
    "id": 3937,
    "name": "Agnar",
    "category": -1,
    "minimapdot": false,
    "level": 0,
    "actions": [
      "Talk-to",
      "Pickpocket"
    ],
    "coordinates": [[
      2642,
      3677
    ]],
    "models": [
      4220,
      252,
      292,
      162,
      176,
      4221,
      4219,
      4226,
      4218,
      550,
      4235,
      4391
    ]
  },
  {
    "id": 3915,
    "name": "Fishing\u0020spot",
    "category": 282,
    "minimapdot": false,
    "level": 0,
    "actions": [
      "Big\u0020Net",
      "Harpoon"
    ],
    "coordinates": [
      [
        2642,
        3708
      ],
      [
        2645,
        3708
      ],
      [
        2648,
        3708
      ],
      [
        2648,
        3711
      ]
    ],
    "models": [1491]
  },
  {
    "id": 3925,
    "name": "Swensen\u0020the\u0020Navigator",
    "category": -1,
    "minimapdot": false,
    "level": 0,
    "actions": ["Talk-to"],
    "coordinates": [[
      2646,
      3660
    ]],
    "models": [
      230,
      250,
      292,
      170,
      176,
      265,
      185,
      553,
      317,
      326
    ]
  },
  {
    "id": 3947,
    "name": "Fish\u0020monger",
    "category": -1,
    "minimapdot": false,
    "level": 0,
    "actions": [
      "Talk-to",
      "Trade"
    ],
    "coordinates": [[
      2646,
      3675
    ]],
    "models": [
      230,
      252,
      292,
      162,
      179,
      4226,
      4218,
      326,
      317
    ]
  },
  {
    "id": 3943,
    "name": "Lensa",
    "category": -1,
    "minimapdot": false,
    "level": 48,
    "actions": [
      "Talk-to",
      "Attack",
      "Pickpocket"
    ],
    "coordinates": [[
      2655,
      3652
    ]],
    "models": [
      382,
      470,
      343,
      353,
      421,
      358,
      479
    ]
  },
  {
    "id": 3916,
    "name": "Bjorn",
    "category": -1,
    "minimapdot": false,
    "level": 0,
    "actions": ["Talk-to"],
    "coordinates": [[
      2655,
      3673
    ]],
    "models": [
      206,
      252,
      292,
      162,
      176,
      4226,
      4218,
      4396,
      4391,
      4390
    ]
  },
  {
    "id": 3928,
    "name": "Guard",
    "category": -1,
    "minimapdot": false,
    "level": 0,
    "actions": [[
      2657,
      3663
    ]],
    "coordinates": [[
      2657,
      3663
    ]],
    "models": [
      4220,
      252,
      292,
      162,
      179,
      4226,
      4218,
      540,
      326,
      4235,
      317,
      4219
    ]
  },
  {
    "id": 810,
    "name": "Styrmir",
    "category": -1,
    "minimapdot": false,
    "level": 0,
    "actions": ["Talk-to"],
    "coordinates": [[
      2657,
      3680
    ]],
    "models": [
      206,
      252,
      292,
      162,
      176,
      3599,
      4391,
      4234
    ]
  },
  {
    "id": 3927,
    "name": "Askeladden",
    "category": -1,
    "minimapdot": false,
    "level": 1,
    "actions": [[
      2658,
      3660
    ]],
    "coordinates": [[
      2658,
      3660
    ]],
    "models": []
  },
  {
    "id": 3917,
    "name": "Eldgrim",
    "category": -1,
    "minimapdot": false,
    "level": 0,
    "actions": ["Talk-to"],
    "coordinates": [[
      2658,
      3674
    ]],
    "models": [
      206,
      252,
      292,
      162,
      176,
      4226,
      4218,
      4396,
      326,
      4390
    ]
  },
  {
    "id": 811,
    "name": "Torbrund",
    "category": -1,
    "minimapdot": false,
    "level": 0,
    "actions": ["Talk-to"],
    "coordinates": [[
      2658,
      3679
    ]],
    "models": [
      230,
      252,
      292,
      162,
      176,
      3599,
      4391,
      4234
    ]
  },
  {
    "id": 3495,
    "name": "Dron",
    "category": -1,
    "minimapdot": false,
    "level": 0,
    "actions": ["Talk-to"],
    "coordinates": [[
      2658,
      3700
    ]],
    "models": [
      4219,
      4220,
      242,
      252,
      292,
      4391,
      162,
      176,
      502,
      4235,
      4226,
      4218
    ]
  },
  {
    "id": 3926,
    "name": "Brundt\u0020the\u0020Chieftain",
    "category": -1,
    "minimapdot": false,
    "level": 1,
    "actions": [[
      2659,
      3669
    ]],
    "coordinates": [[
      2659,
      3669
    ]],
    "models": []
  },
  {
    "id": 812,
    "name": "Fridgeir",
    "category": -1,
    "minimapdot": false,
    "level": 0,
    "actions": ["Talk-to"],
    "coordinates": [[
      2659,
      3678
    ]],
    "models": [
      206,
      252,
      292,
      162,
      176,
      3599,
      4391,
      4234
    ]
  },
  {
    "id": 4489,
    "name": "Volf\u0020Olafson",
    "category": -1,
    "minimapdot": false,
    "level": 0,
    "actions": ["Talk-to"],
    "coordinates": [[
      2659,
      3698
    ]],
    "models": [
      214,
      252,
      5673,
      5667,
      4226,
      18128,
      5725
    ]
  },
  {
    "id": 3924,
    "name": "Sigli\u0020the\u0020Huntsman",
    "category": -1,
    "minimapdot": false,
    "level": 0,
    "actions": ["Talk-to"],
    "coordinates": [[
      2660,
      3653
    ]],
    "models": [
      221,
      252,
      292,
      162,
      179,
      4226,
      4218,
      563,
      317
    ]
  },
  {
    "id": 3929,
    "name": "Guard",
    "category": -1,
    "minimapdot": false,
    "level": 0,
    "actions": [[
      2660,
      3663
    ]],
    "coordinates": [[
      2660,
      3663
    ]],
    "models": [
      4220,
      252,
      292,
      162,
      179,
      4226,
      4218,
      540,
      326,
      4235,
      317,
      4219
    ]
  },
  {
    "id": 3920,
    "name": "Manni\u0020the\u0020Reveller",
    "category": -1,
    "minimapdot": false,
    "level": 0,
    "actions": ["Talk-to"],
    "coordinates": [[
      2660,
      3673
    ]],
    "models": [
      206,
      252,
      292,
      162,
      176,
      4226,
      4218,
      326,
      4390,
      4396
    ]
  },
  {
    "id": 809,
    "name": "Ospak",
    "category": -1,
    "minimapdot": false,
    "level": 0,
    "actions": ["Talk-to"],
    "coordinates": [[
      2660,
      3680
    ]],
    "models": [
      206,
      252,
      292,
      162,
      176,
      3599,
      326,
      4234
    ]
  },
  {
    "id": 3932,
    "name": "Thora\u0020the\u0020Barkeep",
    "category": -1,
    "minimapdot": false,
    "level": 0,
    "actions": [
      "Talk\u0020to",
      "Trade"
    ],
    "coordinates": [[
      2662,
      3673
    ]],
    "models": [
      390,
      456,
      332,
      353,
      428,
      361,
      417
    ]
  },
  {
    "id": 3935,
    "name": "Skulgrimen",
    "category": -1,
    "minimapdot": false,
    "level": 0,
    "actions": [
      "Talk-to",
      "Trade"
    ],
    "coordinates": [[
      2663,
      3694
    ]],
    "models": [
      206,
      252,
      299,
      162,
      176,
      4226,
      4218
    ]
  },
  {
    "id": 3941,
    "name": "Pontak",
    "category": -1,
    "minimapdot": false,
    "level": 48,
    "actions": [
      "Talk-to",
      "Pickpocket"
    ],
    "coordinates": [[
      2666,
      3652
    ]],
    "models": [
      4220,
      252,
      292,
      162,
      176,
      4221,
      4219,
      4226,
      4218,
      4236,
      317,
      4391
    ]
  },
  {
    "id": 3896,
    "name": "Thorvald\u0020the\u0020Warrior",
    "category": -1,
    "minimapdot": false,
    "level": 0,
    "actions": ["Talk-to"],
    "coordinates": [[
      2666,
      3693
    ]],
    "models": [
      4220,
      252,
      292,
      162,
      179,
      4226,
      4218,
      4236,
      326,
      4235,
      4221,
      4219
    ]
  },
  {
    "id": 5388,
    "name": "Reeso",
    "category": -1,
    "minimapdot": false,
    "level": 0,
    "actions": ["Talk-to"],
    "coordinates": [[
      2666,
      3705
    ]],
    "models": [
      206,
      252,
      10705,
      10723,
      151,
      10218,
      4226,
      4218
    ]
  },
  {
    "id": 813,
    "name": "Longhall\u0020Bouncer",
    "category": -1,
    "minimapdot": false,
    "level": 0,
    "actions": ["Talk-to"],
    "coordinates": [[
      2667,
      3684
    ]],
    "models": [
      4220,
      252,
      291,
      162,
      179,
      4226,
      4218,
      550,
      4222,
      317,
      4219
    ]
  },
  {
    "id": 3942,
    "name": "Freygerd",
    "category": -1,
    "minimapdot": false,
    "level": 0,
    "actions": ["Talk-to"],
    "coordinates": [[
      2667,
      3702
    ]],
    "models": [
      387,
      343,
      456,
      421,
      353,
      479,
      361
    ]
  },
  {
    "id": 4490,
    "name": "Ingrid\u0020Hradson",
    "category": -1,
    "minimapdot": false,
    "level": 0,
    "actions": ["Talk-to"],
    "coordinates": [[
      2670,
      3662
    ]],
    "models": [
      24193,
      390,
      467,
      5675,
      428,
      361
    ]
  },
  {
    "id": 802,
    "name": "Olaf\u0020the\u0020Bard",
    "category": -1,
    "minimapdot": false,
    "level": 0,
    "actions": ["Talk-to"],
    "coordinates": [[
      2673,
      3683
    ]],
    "models": [
      215,
      249,
      292,
      163,
      179,
      4226,
      4218,
      4391,
      4390,
      244,
      29317
    ]
  },
  {
    "id": 3938,
    "name": "Freidir",
    "category": -1,
    "minimapdot": false,
    "level": 48,
    "actions": [
      "Talk-to",
      "Attack",
      "Pickpocket"
    ],
    "coordinates": [[
      2674,
      3675
    ]],
    "models": [
      206,
      252,
      292,
      162,
      176,
      4226,
      4218,
      4391
    ]
  },
  {
    "id": 3946,
    "name": "Inga",
    "category": -1,
    "minimapdot": false,
    "level": 48,
    "actions": [
      "Talk-to",
      "Pickpocket"
    ],
    "coordinates": [[
      2674,
      3677
    ]],
    "models": [
      378,
      343,
      470,
      421,
      483,
      479,
      353,
      361
    ]
  },
  {
    "id": 3496,
    "name": "Blanin",
    "category": -1,
    "minimapdot": false,
    "level": 0,
    "actions": ["Talk-to"],
    "coordinates": [[
      2675,
      3671
    ]],
    "models": [
      217,
      252,
      292,
      317,
      162,
      179,
      4226,
      4218,
      326
    ]
  },
  {
    "id": 3940,
    "name": "Lanzig",
    "category": -1,
    "minimapdot": false,
    "level": 48,
    "actions": [
      "Talk-to",
      "Attack",
      "Pickpocket"
    ],
    "coordinates": [[
      2676,
      3665
    ]],
    "models": [
      208,
      252,
      292,
      170,
      176,
      265,
      185,
      317,
      4391,
      3711
    ]
  },
  {
    "id": 1172,
    "name": "",
    "category": -1,
    "minimapdot": false,
    "level": 0,
    "actions": [[
      2678,
      3670
    ]],
    "coordinates": [[
      2678,
      3670
    ]],
    "models": [8236]
  },
  {
    "id": 1174,
    "name": "Chicken",
    "category": 444,
    "minimapdot": false,
    "level": 1,
    "actions": ["Attack"],
    "coordinates": [
      [
        2679,
        3663
      ],
      [
        2681,
        3663
      ]
    ],
    "models": [23905]
  },
  {
    "id": 1173,
    "name": "Chicken",
    "category": 444,
    "minimapdot": false,
    "level": 1,
    "actions": ["Attack"],
    "coordinates": [
      [
        2679,
        3665
      ],
      [
        2680,
        3664
      ]
    ],
    "models": [23905]
  },
  {
    "id": 3939,
    "name": "Borrokar",
    "category": -1,
    "minimapdot": false,
    "level": 48,
    "actions": [
      "Talk-to",
      "Attack",
      "Pickpocket"
    ],
    "coordinates": [[
      2679,
      3690
    ]],
    "models": [
      4220,
      252,
      299,
      162,
      179,
      4226,
      4218,
      550,
      4221,
      4219
    ]
  },
  {
    "id": 1175,
    "name": "Rooster",
    "category": 444,
    "minimapdot": false,
    "level": 3,
    "actions": ["Attack"],
    "coordinates": [[
      2680,
      3662
    ]],
    "models": [23905]
  },
  {
    "id": 3936,
    "name": "Sailor",
    "category": -1,
    "minimapdot": false,
    "level": 0,
    "actions": [
      "Talk-to",
      "Miscellania"
    ],
    "coordinates": [[
      2629,
      3693
    ]],
    "models": [
      208,
      252,
      299,
      162,
      179,
      4226,
      4218,
      3877,
      317
    ]
  },
  {
    "id": 7504,
    "name": "Torfinn",
    "category": -1,
    "minimapdot": false,
    "level": 1,
    "actions": [[
      2640,
      3697
    ]],
    "coordinates": [[
      2640,
      3697
    ]],
    "models": []
  },
  {
    "id": 3934,
    "name": "Fisherman",
    "category": -1,
    "minimapdot": false,
    "level": 0,
    "actions": ["Talk-to"],
    "coordinates": [[
      2641,
      3699
    ]],
    "models": [
      208,
      252,
      292,
      162,
      179,
      4226,
      4218,
      562,
      326,
      417,
      4390,
      317
    ]
  },
  {
    "id": 1900,
    "name": "Mord\u0020Gunnars",
    "category": -1,
    "minimapdot": false,
    "level": 0,
    "actions": [
      "Talk-to",
      "Jatizso"
    ],
    "coordinates": [[
      2644,
      3709
    ]],
    "models": [
      208,
      252,
      299,
      162,
      179,
      4226,
      4218,
      3877,
      317
    ]
  },
  {
    "id": 1883,
    "name": "Maria\u0020Gunnars",
    "category": -1,
    "minimapdot": false,
    "level": 0,
    "actions": [
      "Talk-to",
      "Neitiznot"
    ],
    "coordinates": [[
      2644,
      3710
    ]],
    "models": [
      383,
      470,
      479,
      11348,
      10706,
      428,
      358
    ]
  }
]