[
  {"id":856,"name":"Crusher","level":"0","category":0,"minimapdot":true,"actions":[],"size":[1,1,137],"coordinates":[[2629,4053],[2633,4053]],"colors":[15394272,14868691,14539193,14666912]},
  {"id":857,"name":"Crusher","level":"0","category":0,"minimapdot":true,"actions":[],"size":[1,1,137],"coordinates":[[2630,4056],[2632,4056]],"colors":[15394272,14868691,14539193,14666912]},
  {"id":858,"name":"Crusher","level":"0","category":0,"minimapdot":true,"actions":[],"size":[1,1,137],"coordinates":[[2631,4053]],"colors":[15394272,14868691,14539193,14666912]},
  {"id":859,"name":"Crusher","level":"0","category":0,"minimapdot":true,"actions":[],"size":[1,1,137],"coordinates":[[2634,4056]],"colors":[15394272,14868691,14539193,14666912]}
]