[
  {
    "id": 680,
    "name": "Giant\u0020skeleton",
    "category": 257,
    "minimapdot": false,
    "level": 80,
    "actions": ["Attack"],
    "coordinates": [
      [
        2626,
        5065
      ],
      [
        2637,
        5099
      ],
      [
        2638,
        5058
      ],
      [
        2644,
        5090
      ],
      [
        2658,
        5082
      ],
      [
        2666,
        5097
      ],
      [
        2680,
        5074
      ]
    ],
    "models": [21165]
  },
  {
    "id": 681,
    "name": "Giant\u0020skeleton",
    "category": 257,
    "minimapdot": false,
    "level": 80,
    "actions": ["Attack"],
    "coordinates": [
      [
        2627,
        5093
      ],
      [
        2629,
        5061
      ],
      [
        2638,
        5090
      ],
      [
        2651,
        5105
      ],
      [
        2654,
        5079
      ],
      [
        2663,
        5116
      ],
      [
        2683,
        5059
      ],
      [
        2685,
        5111
      ]
    ],
    "models": [21166]
  }
]