[
  {
    "id": 2853,
    "name": "Shadow\u0020warrior",
    "category": 467,
    "minimapdot": false,
    "level": 48,
    "actions": ["Attack"],
    "coordinates": [
      [
        2693,
        9776
      ],
      [
        2697,
        9773
      ],
      [
        2697,
        9779
      ],
      [
        2700,
        9770
      ],
      [
        2700,
        9774
      ],
      [
        2700,
        9777
      ],
      [
        2701,
        9781
      ],
      [
        2703,
        9770
      ],
      [
        2703,
        9774
      ],
      [
        2703,
        9779
      ],
      [
        2705,
        9757
      ],
      [
        2705,
        9760
      ],
      [
        2705,
        9766
      ],
      [
        2706,
        9753
      ],
      [
        2706,
        9763
      ],
      [
        2706,
        9772
      ],
      [
        2707,
        9756
      ],
      [
        2707,
        9761
      ],
      [
        2708,
        9758
      ]
    ],
    "models": [
      213,
      306,
      164,
      179,
      268,
      184,
      550
    ]
  },
  {
    "id": 2834,
    "name": "Giant\u0020bat",
    "category": 296,
    "minimapdot": false,
    "level": 27,
    "actions": ["Attack"],
    "coordinates": [
      [
        2703,
        9734
      ],
      [
        2730,
        9769
      ],
      [
        2731,
        9763
      ],
      [
        2731,
        9774
      ],
      [
        2734,
        9770
      ]
    ],
    "models": [18898]
  },
  {
    "id": 3026,
    "name": "Pit\u0020Scorpion",
    "category": 343,
    "minimapdot": false,
    "level": 28,
    "actions": ["Attack"],
    "coordinates": [
      [
        2710,
        9753
      ],
      [
        2711,
        9746
      ],
      [
        2712,
        9741
      ],
      [
        2712,
        9749
      ],
      [
        2712,
        9754
      ],
      [
        2713,
        9742
      ],
      [
        2715,
        9749
      ],
      [
        2716,
        9744
      ],
      [
        2718,
        9751
      ],
      [
        2720,
        9742
      ],
      [
        2720,
        9759
      ],
      [
        2721,
        9746
      ],
      [
        2721,
        9754
      ],
      [
        2723,
        9738
      ],
      [
        2723,
        9744
      ],
      [
        2724,
        9749
      ],
      [
        2725,
        9758
      ],
      [
        2727,
        9741
      ],
      [
        2727,
        9747
      ],
      [
        2728,
        9744
      ]
    ],
    "models": [24612]
  }
]