[
  {
    "id": 274,
    "name": "Steel\u0020dragon",
    "category": 347,
    "minimapdot": false,
    "level": 246,
    "actions": ["Attack"],
    "coordinates": [
      [
        2702,
        9447
      ],
      [
        2712,
        9435
      ],
      [
        2723,
        9458
      ],
      [
        2726,
        9445
      ]
    ],
    "models": [
      24578,
      24587,
      24583,
      17423
    ]
  },
  {
    "id": 272,
    "name": "Iron\u0020dragon",
    "category": 347,
    "minimapdot": false,
    "level": 189,
    "actions": ["Attack"],
    "coordinates": [
      [
        2704,
        9431
      ],
      [
        2704,
        9457
      ],
      [
        2705,
        9424
      ],
      [
        2714,
        9420
      ],
      [
        2714,
        9449
      ],
      [
        2714,
        9460
      ],
      [
        2722,
        9424
      ],
      [
        2724,
        9435
      ],
      [
        2730,
        9437
      ],
      [
        2732,
        9459
      ],
      [
        2736,
        9424
      ],
      [
        2738,
        9440
      ],
      [
        2739,
        9450
      ]
    ],
    "models": [
      24577,
      24586,
      24582,
      17423
    ]
  }
]