[
  {
    "id": 112,
    "name": "Wild\u0020dog",
    "category": 342,
    "minimapdot": false,
    "level": 63,
    "actions": ["Attack"],
    "coordinates": [[
      2694,
      9542
    ]],
    "models": [26263]
  },
  {
    "id": 244,
    "name": "Baby\u0020red\u0020dragon",
    "category": 361,
    "minimapdot": false,
    "level": 48,
    "actions": ["Attack"],
    "coordinates": [[
      2701,
      9548
    ]],
    "models": [
      17411,
      17427,
      17421,
      17424
    ]
  },
  {
    "id": 250,
    "name": "Red\u0020dragon",
    "category": 347,
    "minimapdot": false,
    "level": 152,
    "actions": ["Attack"],
    "coordinates": [[
      2704,
      9539
    ]],
    "models": [
      17410,
      17425,
      17419,
      17423
    ]
  },
  {
    "id": 249,
    "name": "Red\u0020dragon",
    "category": 347,
    "minimapdot": false,
    "level": 152,
    "actions": ["Attack"],
    "coordinates": [[
      2704,
      9546
    ]],
    "models": [
      17409,
      17425,
      17420,
      17423
    ]
  },
  {
    "id": 246,
    "name": "Baby\u0020red\u0020dragon",
    "category": 361,
    "minimapdot": false,
    "level": 48,
    "actions": ["Attack"],
    "coordinates": [
      [
        2709,
        9545
      ],
      [
        2720,
        9536
      ]
    ],
    "models": [
      17413,
      17427,
      17421,
      17424
    ]
  },
  {
    "id": 251,
    "name": "Red\u0020dragon",
    "category": 347,
    "minimapdot": false,
    "level": 152,
    "actions": ["Attack"],
    "coordinates": [[
      2711,
      9537
    ]],
    "models": [
      17407,
      17426,
      17418,
      17423
    ]
  },
  {
    "id": 248,
    "name": "Red\u0020dragon",
    "category": 347,
    "minimapdot": false,
    "level": 152,
    "actions": ["Attack"],
    "coordinates": [[
      2711,
      9550
    ]],
    "models": [
      17408,
      17425,
      17418,
      17423
    ]
  },
  {
    "id": 247,
    "name": "Red\u0020dragon",
    "category": 347,
    "minimapdot": false,
    "level": 152,
    "actions": ["Attack"],
    "coordinates": [[
      2712,
      9543
    ]],
    "models": [
      17407,
      17425,
      17418,
      17423
    ]
  }
]