[{
  "id": 5238,
  "name": "Spider",
  "category": 384,
  "minimapdot": false,
  "level": 1,
  "actions": ["Attack"],
  "coordinates": [
    [
      2697,
      9171
    ],
    [
      2699,
      9202
    ],
    [
      2701,
      9179
    ],
    [
      2701,
      9194
    ],
    [
      2704,
      9202
    ],
    [
      2706,
      9194
    ],
    [
      2707,
      9170
    ],
    [
      2709,
      9175
    ],
    [
      2722,
      9173
    ],
    [
      2723,
      9198
    ],
    [
      2725,
      9195
    ],
    [
      2726,
      9181
    ],
    [
      2728,
      9203
    ],
    [
      2732,
      9178
    ],
    [
      2732,
      9199
    ],
    [
      2734,
      9170
    ]
  ],
  "models": [24613]
}]