[
  {
    "id": 4502,
    "name": "Boulder",
    "category": -1,
    "minimapdot": false,
    "level": 0,
    "actions": ["Roll"],
    "coordinates": [[
      2691,
      10124
    ]],
    "models": [24149]
  },
  {
    "id": 4494,
    "name": "Skeleton\u0020fremennik",
    "category": 613,
    "minimapdot": false,
    "level": 50,
    "actions": ["Attack"],
    "coordinates": [
      [
        2700,
        10165
      ],
      [
        2705,
        10155
      ]
    ],
    "models": [
      24182,
      24190,
      24186,
      24192,
      24053
    ]
  },
  {
    "id": 4501,
    "name": "Brine\u0020rat",
    "category": 262,
    "minimapdot": false,
    "level": 70,
    "actions": ["Attack"],
    "coordinates": [
      [
        2702,
        10135
      ],
      [
        2704,
        10131
      ],
      [
        2705,
        10133
      ],
      [
        2707,
        10137
      ],
      [
        2708,
        10131
      ],
      [
        2710,
        10134
      ],
      [
        2712,
        10132
      ]
    ],
    "models": [24150]
  },
  {
    "id": 4496,
    "name": "Skeleton\u0020fremennik",
    "category": 613,
    "minimapdot": false,
    "level": 50,
    "actions": ["Attack"],
    "coordinates": [
      [
        2702,
        10160
      ],
      [
        2715,
        10163
      ]
    ],
    "models": [
      24182,
      24190,
      24186,
      24192,
      24053
    ]
  },
  {
    "id": 100,
    "name": "Rock\u0020Crab",
    "category": -1,
    "minimapdot": false,
    "level": 13,
    "actions": ["Attack"],
    "coordinates": [
      [
        2706,
        10159
      ],
      [
        2748,
        10166
      ]
    ],
    "models": [
      4399,
      4400
    ]
  },
  {
    "id": 4495,
    "name": "Skeleton\u0020fremennik",
    "category": 613,
    "minimapdot": false,
    "level": 50,
    "actions": ["Attack"],
    "coordinates": [
      [
        2707,
        10163
      ],
      [
        2710,
        10158
      ]
    ],
    "models": [
      24182,
      24190,
      24186,
      24053
    ]
  },
  {
    "id": 4491,
    "name": "Skeleton\u0020fremennik",
    "category": 613,
    "minimapdot": false,
    "level": 40,
    "actions": ["Attack"],
    "coordinates": [
      [
        2708,
        10146
      ],
      [
        2727,
        10143
      ],
      [
        2737,
        10138
      ]
    ],
    "models": [
      24180,
      24187,
      24184,
      24054
    ]
  },
  {
    "id": 4498,
    "name": "Skeleton\u0020fremennik",
    "category": 613,
    "minimapdot": false,
    "level": 60,
    "actions": ["Attack"],
    "coordinates": [
      [
        2709,
        10168
      ],
      [
        2734,
        10165
      ],
      [
        2737,
        10156
      ]
    ],
    "models": [
      24181,
      24189,
      24185,
      24053
    ]
  },
  {
    "id": 102,
    "name": "Rock\u0020Crab",
    "category": -1,
    "minimapdot": false,
    "level": 13,
    "actions": ["Attack"],
    "coordinates": [
      [
        2710,
        10168
      ],
      [
        2739,
        10153
      ]
    ],
    "models": [
      4399,
      4400
    ]
  },
  {
    "id": 4492,
    "name": "Skeleton\u0020fremennik",
    "category": 613,
    "minimapdot": false,
    "level": 40,
    "actions": ["Attack"],
    "coordinates": [
      [
        2712,
        10142
      ],
      [
        2732,
        10141
      ]
    ],
    "models": [
      24180,
      24187,
      24184,
      24054
    ]
  },
  {
    "id": 4493,
    "name": "Skeleton\u0020fremennik",
    "category": 613,
    "minimapdot": false,
    "level": 40,
    "actions": ["Attack"],
    "coordinates": [
      [
        2715,
        10145
      ],
      [
        2723,
        10142
      ],
      [
        2729,
        10139
      ]
    ],
    "models": [
      24180,
      24187,
      24184,
      24054
    ]
  },
  {
    "id": 4497,
    "name": "Skeleton\u0020fremennik",
    "category": 613,
    "minimapdot": false,
    "level": 60,
    "actions": ["Attack"],
    "coordinates": [
      [
        2717,
        10160
      ],
      [
        2742,
        10154
      ],
      [
        2746,
        10165
      ]
    ],
    "models": [
      24181,
      24189,
      24185,
      24054
    ]
  },
  {
    "id": 4504,
    "name": "Giant\u0020bat",
    "category": 296,
    "minimapdot": false,
    "level": 27,
    "actions": ["Attack"],
    "coordinates": [
      [
        2720,
        10134
      ],
      [
        2723,
        10122
      ],
      [
        2730,
        10131
      ],
      [
        2732,
        10122
      ],
      [
        2734,
        10128
      ]
    ],
    "models": [24194]
  }
]