[
  {
    "id": 410,
    "name": "Kurask",
    "category": 295,
    "minimapdot": false,
    "level": 106,
    "actions": ["Attack"],
    "coordinates": [
      [
        2694,
        9995
      ],
      [
        2698,
        9992
      ],
      [
        2699,
        10001
      ],
      [
        2701,
        9996
      ]
    ],
    "models": [5082]
  },
  {
    "id": 411,
    "name": "Kurask",
    "category": 295,
    "minimapdot": false,
    "level": 106,
    "actions": ["Attack"],
    "coordinates": [[
      2694,
      9999
    ]],
    "models": [5082]
  },
  {
    "id": 437,
    "name": "Jelly",
    "category": 364,
    "minimapdot": false,
    "level": 78,
    "actions": ["Attack"],
    "coordinates": [[
      2699,
      10029
    ]],
    "models": [5081]
  },
  {
    "id": 438,
    "name": "Jelly",
    "category": 364,
    "minimapdot": false,
    "level": 78,
    "actions": ["Attack"],
    "coordinates": [
      [
        2701,
        10023
      ],
      [
        2703,
        10031
      ]
    ],
    "models": [5081]
  },
  {
    "id": 441,
    "name": "Jelly",
    "category": 364,
    "minimapdot": false,
    "level": 78,
    "actions": ["Attack"],
    "coordinates": [
      [
        2701,
        10027
      ],
      [
        2708,
        10024
      ]
    ],
    "models": [5081]
  },
  {
    "id": 442,
    "name": "Jelly",
    "category": 364,
    "minimapdot": false,
    "level": 78,
    "actions": ["Attack"],
    "coordinates": [
      [
        2703,
        10025
      ],
      [
        2704,
        10028
      ]
    ],
    "models": [5081]
  },
  {
    "id": 439,
    "name": "Jelly",
    "category": 364,
    "minimapdot": false,
    "level": 78,
    "actions": ["Attack"],
    "coordinates": [[
      2706,
      10029
    ]],
    "models": [5081]
  },
  {
    "id": 440,
    "name": "Jelly",
    "category": 364,
    "minimapdot": false,
    "level": 78,
    "actions": ["Attack"],
    "coordinates": [
      [
        2708,
        10027
      ],
      [
        2711,
        10029
      ]
    ],
    "models": [5081]
  },
  {
    "id": 429,
    "name": "Turoth",
    "category": 363,
    "minimapdot": false,
    "level": 85,
    "actions": ["Attack"],
    "coordinates": [
      [
        2717,
        10007
      ],
      [
        2718,
        10008
      ],
      [
        2720,
        10003
      ],
      [
        2721,
        10009
      ],
      [
        2721,
        10014
      ],
      [
        2723,
        10002
      ],
      [
        2723,
        10010
      ],
      [
        2724,
        9996
      ],
      [
        2725,
        9995
      ]
    ],
    "models": [5086]
  },
  {
    "id": 427,
    "name": "Turoth",
    "category": 363,
    "minimapdot": false,
    "level": 89,
    "actions": ["Attack"],
    "coordinates": [[
      2718,
      10006
    ]],
    "models": [5086]
  },
  {
    "id": 430,
    "name": "Turoth",
    "category": 363,
    "minimapdot": false,
    "level": 83,
    "actions": ["Attack"],
    "coordinates": [
      [
        2719,
        10011
      ],
      [
        2724,
        10013
      ],
      [
        2725,
        10012
      ],
      [
        2726,
        10010
      ],
      [
        2726,
        10013
      ],
      [
        2727,
        9995
      ],
      [
        2727,
        10011
      ],
      [
        2728,
        9996
      ],
      [
        2728,
        9997
      ]
    ],
    "models": [5086]
  },
  {
    "id": 428,
    "name": "Turoth",
    "category": 363,
    "minimapdot": false,
    "level": 87,
    "actions": ["Attack"],
    "coordinates": [
      [
        2721,
        10003
      ],
      [
        2722,
        10008
      ],
      [
        2723,
        9994
      ]
    ],
    "models": [5086]
  },
  {
    "id": 417,
    "name": "Basilisk",
    "category": 338,
    "minimapdot": false,
    "level": 61,
    "actions": ["Attack"],
    "coordinates": [
      [
        2738,
        10008
      ],
      [
        2740,
        10003
      ],
      [
        2740,
        10014
      ],
      [
        2742,
        10008
      ],
      [
        2743,
        10018
      ],
      [
        2745,
        10002
      ],
      [
        2746,
        10006
      ],
      [
        2746,
        10015
      ]
    ],
    "models": [5064]
  },
  {
    "id": 7518,
    "name": "Jelly",
    "category": 309,
    "minimapdot": false,
    "level": 0,
    "actions": ["Talk-to"],
    "coordinates": [[
      2706,
      9984
    ]],
    "models": [
      3754,
      3759,
      3756,
      3757,
      3770,
      3769
    ]
  }
]