[
  {
    "id": 5234,
    "name": "Fishing\u0020spot",
    "category": 282,
    "minimapdot": false,
    "level": 0,
    "actions": [
      "Big\u0020Net",
      "Harpoon"
    ],
    "coordinates": [[
      2694,
      2706
    ]],
    "models": [1491]
  },
  {
    "id": 5241,
    "name": "Bird",
    "category": 255,
    "minimapdot": false,
    "level": 5,
    "actions": ["Attack"],
    "coordinates": [
      [
        2696,
        2709
      ],
      [
        2713,
        2697
      ],
      [
        2737,
        2695
      ]
    ],
    "models": [
      26849,
      26844
    ]
  },
  {
    "id": 5244,
    "name": "Snake",
    "category": 383,
    "minimapdot": false,
    "level": 24,
    "actions": ["Attack"],
    "coordinates": [
      [
        2716,
        2719
      ],
      [
        2726,
        2712
      ],
      [
        2731,
        2724
      ],
      [
        2740,
        2721
      ],
      [
        2742,
        2707
      ]
    ],
    "models": [3002]
  },
  {
    "id": 5243,
    "name": "Jungle\u0020spider",
    "category": 384,
    "minimapdot": false,
    "level": 37,
    "actions": ["Attack"],
    "coordinates": [
      [
        2716,
        2722
      ],
      [
        2721,
        2729
      ],
      [
        2732,
        2714
      ],
      [
        2738,
        2722
      ],
      [
        2742,
        2704
      ],
      [
        2742,
        2711
      ],
      [
        2749,
        2710
      ]
    ],
    "models": [
      20309,
      20310
    ]
  },
  {
    "id": 5240,
    "name": "Bird",
    "category": 255,
    "minimapdot": false,
    "level": 11,
    "actions": ["Attack"],
    "coordinates": [
      [
        2718,
        2726
      ],
      [
        2741,
        2712
      ]
    ],
    "models": [
      26847,
      26844
    ]
  }
]