[
  {
    "id": 1450,
    "name": "Monkey\u0020guard",
    "category": -1,
    "minimapdot": false,
    "level": 1,
    "actions": [[
      2693,
      2784
    ]],
    "coordinates": [[
      2693,
      2784
    ]],
    "models": []
  },
  {
    "id": 5241,
    "name": "Bird",
    "category": 255,
    "minimapdot": false,
    "level": 5,
    "actions": ["Attack"],
    "coordinates": [
      [
        2694,
        2761
      ],
      [
        2698,
        2788
      ],
      [
        2723,
        2805
      ]
    ],
    "models": [
      26849,
      26844
    ]
  },
  {
    "id": 5243,
    "name": "Jungle\u0020spider",
    "category": 384,
    "minimapdot": false,
    "level": 37,
    "actions": ["Attack"],
    "coordinates": [
      [
        2700,
        2776
      ],
      [
        2704,
        2769
      ],
      [
        2705,
        2785
      ],
      [
        2714,
        2781
      ],
      [
        2722,
        2790
      ]
    ],
    "models": [
      20309,
      20310
    ]
  },
  {
    "id": 5244,
    "name": "Snake",
    "category": 383,
    "minimapdot": false,
    "level": 24,
    "actions": ["Attack"],
    "coordinates": [
      [
        2701,
        2762
      ],
      [
        2702,
        2780
      ],
      [
        2703,
        2769
      ],
      [
        2715,
        2782
      ],
      [
        2724,
        2787
      ],
      [
        2727,
        2791
      ]
    ],
    "models": [3002]
  },
  {
    "id": 7198,
    "name": "Captain\u0020Shoracks",
    "category": -1,
    "minimapdot": false,
    "level": 0,
    "actions": [[
      2711,
      2802
    ]],
    "coordinates": [[
      2711,
      2802
    ]],
    "models": []
  },
  {
    "id": 6813,
    "name": "Monkey\u0020Archer",
    "category": -1,
    "minimapdot": false,
    "level": 86,
    "actions": ["Talk-to"],
    "coordinates": [
      [
        2712,
        2756
      ],
      [
        2713,
        2759
      ],
      [
        2729,
        2759
      ],
      [
        2729,
        2761
      ],
      [
        2730,
        2756
      ]
    ],
    "models": [
      4821,
      4828,
      4831
    ]
  },
  {
    "id": 7197,
    "name": "Karam",
    "category": -1,
    "minimapdot": false,
    "level": 0,
    "actions": [[
      2712,
      2792
    ]],
    "coordinates": [[
      2712,
      2792
    ]],
    "models": []
  },
  {
    "id": 5273,
    "name": "Monkey\u0020Archer",
    "category": 396,
    "minimapdot": false,
    "level": 86,
    "actions": ["Attack"],
    "coordinates": [
      [
        2713,
        2753
      ],
      [
        2713,
        2755
      ],
      [
        2713,
        2757
      ],
      [
        2713,
        2761
      ],
      [
        2715,
        2763
      ],
      [
        2727,
        2763
      ],
      [
        2729,
        2753
      ],
      [
        2729,
        2755
      ],
      [
        2729,
        2757
      ]
    ],
    "models": [
      4821,
      4828,
      4831
    ]
  },
  {
    "id": 7175,
    "name": "Kruk",
    "category": -1,
    "minimapdot": false,
    "level": 1,
    "actions": [[
      2726,
      2765
    ]],
    "coordinates": [[
      2726,
      2765
    ]],
    "models": []
  },
  {
    "id": 7177,
    "name": "Duke",
    "category": -1,
    "minimapdot": false,
    "level": 0,
    "actions": [[
      2726,
      2766
    ]],
    "coordinates": [[
      2726,
      2766
    ]],
    "models": []
  },
  {
    "id": 5270,
    "name": "The\u0020Monkey's\u0020Aunt",
    "category": 396,
    "minimapdot": false,
    "level": 0,
    "actions": ["Talk-to"],
    "coordinates": [[
      2738,
      2794
    ]],
    "models": [
      4819,
      4826
    ]
  },
  {
    "id": 5268,
    "name": "Monkey\u0020Child",
    "category": 396,
    "minimapdot": false,
    "level": 0,
    "actions": ["Talk-to"],
    "coordinates": [[
      2743,
      2795
    ]],
    "models": [
      4818,
      4825
    ]
  }
]