[
  {
    "id": 7306,
    "name": "Falo\u0020the\u0020Bard",
    "category": -1,
    "minimapdot": false,
    "level": 0,
    "actions": ["Talk-to"],
    "coordinates": [[
      2689,
      3550
    ]],
    "models": [
      215,
      249,
      292,
      163,
      179,
      4226,
      4218,
      4391,
      244,
      317,
      4394
    ]
  },
  {
    "id": 106,
    "name": "Wolf",
    "category": 310,
    "minimapdot": false,
    "level": 64,
    "actions": ["Attack"],
    "coordinates": [
      [
        2706,
        3580
      ],
      [
        2717,
        3569
      ]
    ],
    "models": [26266]
  },
  {
    "id": 1513,
    "name": "Rod\u0020Fishing\u0020spot",
    "category": 280,
    "minimapdot": false,
    "level": 0,
    "actions": [
      "Lure",
      "Bait"
    ],
    "coordinates": [
      [
        2714,
        3532
      ],
      [
        2714,
        3533
      ],
      [
        2716,
        3530
      ],
      [
        2718,
        3529
      ]
    ],
    "models": [1491]
  },
  {
    "id": 2854,
    "name": "Rat",
    "category": 262,
    "minimapdot": false,
    "level": 1,
    "actions": ["Attack"],
    "coordinates": [
      [
        2720,
        3583
      ],
      [
        2725,
        3576
      ],
      [
        2728,
        3580
      ],
      [
        2730,
        3571
      ],
      [
        2730,
        3574
      ]
    ],
    "models": [9610]
  },
  {
    "id": 4217,
    "name": "Stanford",
    "category": -1,
    "minimapdot": false,
    "level": 0,
    "actions": ["Talk-to"],
    "coordinates": [[
      2731,
      3579
    ]],
    "models": [
      203,
      251,
      315,
      173,
      179,
      271,
      185,
      496,
      283
    ]
  },
  {
    "id": 2790,
    "name": "Cow",
    "category": 365,
    "minimapdot": false,
    "level": 2,
    "actions": ["Attack"],
    "coordinates": [[
      2733,
      3561
    ]],
    "models": [23889]
  },
  {
    "id": 6195,
    "name": "Anna",
    "category": -1,
    "minimapdot": false,
    "level": 1,
    "actions": ["Talk-to"],
    "coordinates": [[
      2734,
      3575
    ]],
    "models": []
  },
  {
    "id": 4215,
    "name": "Louisa",
    "category": -1,
    "minimapdot": false,
    "level": 0,
    "actions": ["Talk-to"],
    "coordinates": [[
      2734,
      3581
    ]],
    "models": [
      378,
      465,
      332,
      353,
      419,
      358,
      483
    ]
  },
  {
    "id": 518,
    "name": "Highwayman",
    "category": 463,
    "minimapdot": false,
    "level": 5,
    "actions": ["Attack"],
    "coordinates": [
      [
        2735,
        3521
      ],
      [
        2749,
        3521
      ]
    ],
    "models": [
      215,
      246,
      292,
      170,
      176,
      254,
      185,
      243,
      323,
      519
    ]
  },
  {
    "id": 1173,
    "name": "Chicken",
    "category": 444,
    "minimapdot": false,
    "level": 1,
    "actions": ["Attack"],
    "coordinates": [
      [
        2735,
        3559
      ],
      [
        2736,
        3562
      ]
    ],
    "models": [23905]
  },
  {
    "id": 4214,
    "name": "Hobbes",
    "category": -1,
    "minimapdot": false,
    "level": 0,
    "actions": ["Talk-to"],
    "coordinates": [[
      2736,
      3575
    ]],
    "models": [
      215,
      247,
      292,
      163,
      176,
      267,
      185,
      327
    ]
  },
  {
    "id": 1174,
    "name": "Chicken",
    "category": 444,
    "minimapdot": false,
    "level": 1,
    "actions": ["Attack"],
    "coordinates": [[
      2738,
      3560
    ]],
    "models": [23905]
  },
  {
    "id": 1172,
    "name": "",
    "category": -1,
    "minimapdot": false,
    "level": 0,
    "actions": [[
      2739,
      3560
    ]],
    "coordinates": [[
      2739,
      3560
    ]],
    "models": [8236]
  },
  {
    "id": 6194,
    "name": "Guard",
    "category": -1,
    "minimapdot": false,
    "level": 1,
    "actions": ["Talk-to"],
    "coordinates": [[
      2739,
      3577
    ]],
    "models": []
  },
  {
    "id": 6198,
    "name": "David",
    "category": -1,
    "minimapdot": false,
    "level": 1,
    "actions": ["Talk-to"],
    "coordinates": [[
      2739,
      3581
    ]],
    "models": []
  },
  {
    "id": 4218,
    "name": "Guard",
    "category": -1,
    "minimapdot": false,
    "level": 0,
    "actions": ["Talk-to"],
    "coordinates": [[
      2741,
      3562
    ]],
    "models": [
      219,
      248,
      301,
      163,
      176,
      274,
      185,
      519,
      517,
      323
    ]
  },
  {
    "id": 4219,
    "name": "Gossip",
    "category": -1,
    "minimapdot": false,
    "level": 0,
    "actions": ["Talk-to"],
    "coordinates": [[
      2742,
      3555
    ]],
    "models": [
      217,
      249,
      292,
      151,
      176,
      254,
      181
    ]
  },
  {
    "id": 6200,
    "name": "Frank",
    "category": -1,
    "minimapdot": false,
    "level": 1,
    "actions": ["Talk-to"],
    "coordinates": [[
      2742,
      3577
    ]],
    "models": []
  },
  {
    "id": 6196,
    "name": "Bob",
    "category": -1,
    "minimapdot": false,
    "level": 1,
    "actions": ["Talk-to"],
    "coordinates": [[
      2748,
      3559
    ]],
    "models": []
  },
  {
    "id": 4213,
    "name": "Pierre",
    "category": -1,
    "minimapdot": false,
    "level": 0,
    "actions": ["Talk-to"],
    "coordinates": [[
      2750,
      3576
    ]],
    "models": [
      230,
      246,
      295,
      150,
      179,
      275,
      185,
      236,
      322
    ]
  },
  {
    "id": 4228,
    "name": "Sinclair\u0020Guard\u0020dog",
    "category": -1,
    "minimapdot": false,
    "level": 0,
    "actions": [[
      2750,
      3580
    ]],
    "coordinates": [[
      2750,
      3580
    ]],
    "models": [26255]
  }
]