[
  {
    "id": 2837,
    "name": "Unicorn",
    "category": -1,
    "minimapdot": false,
    "level": 15,
    "actions": ["Attack"],
    "coordinates": [
      [
        2700,
        3423
      ],
      [
        2700,
        3442
      ]
    ],
    "models": [
      25755,
      25756
    ]
  },
  {
    "id": 118,
    "name": "Ignatius\u0020Vulcan",
    "category": -1,
    "minimapdot": false,
    "level": 0,
    "actions": ["Talk-to"],
    "coordinates": [[
      2719,
      3431
    ]],
    "models": [
      18086,
      246,
      3379,
      18931,
      164,
      179,
      268,
      181
    ]
  },
  {
    "id": 6586,
    "name": "Sherlock",
    "category": -1,
    "minimapdot": false,
    "level": 0,
    "actions": ["Talk-to"],
    "coordinates": [[
      2733,
      3415
    ]],
    "models": [
      230,
      246,
      28504,
      315,
      29313,
      26887,
      176,
      173,
      18561
    ]
  },
  {
    "id": 5522,
    "name": "Flax\u0020keeper",
    "category": -1,
    "minimapdot": false,
    "level": 0,
    "actions": [
      "Talk-to",
      "Exchange"
    ],
    "coordinates": [[
      2744,
      3444
    ]],
    "models": [
      217,
      246,
      292,
      162,
      176,
      254,
      185,
      320
    ]
  }
]