[
  {
    "id": 3911,
    "name": "Black\u0020unicorn\u0020Foal",
    "category": -1,
    "minimapdot": false,
    "level": 22,
    "actions": ["Attack"],
    "coordinates": [
      [
        2707,
        3670
      ],
      [
        2710,
        3672
      ],
      [
        2728,
        3661
      ],
      [
        2732,
        3659
      ]
    ],
    "models": [
      25754,
      25756
    ]
  },
  {
    "id": 2849,
    "name": "Black\u0020unicorn",
    "category": -1,
    "minimapdot": false,
    "level": 27,
    "actions": ["Attack"],
    "coordinates": [
      [
        2708,
        3672
      ],
      [
        2730,
        3659
      ]
    ],
    "models": [
      25754,
      25756
    ]
  },
  {
    "id": 1375,
    "name": "Svidi",
    "category": -1,
    "minimapdot": false,
    "level": 0,
    "actions": ["Talk-to"],
    "coordinates": [[
      2714,
      3672
    ]],
    "models": [
      230,
      246,
      5673,
      5671,
      5667,
      5725
    ]
  }
]