[
  {
    "id": 2838,
    "name": "Grizzly\u0020bear",
    "category": 438,
    "minimapdot": false,
    "level": 21,
    "actions": ["Attack"],
    "coordinates": [
      [
        2691,
        3341
      ],
      [
        2692,
        3333
      ],
      [
        2694,
        3344
      ],
      [
        2698,
        3331
      ],
      [
        2702,
        3344
      ],
      [
        2706,
        3330
      ],
      [
        2708,
        3336
      ],
      [
        2716,
        3336
      ],
      [
        2718,
        3330
      ]
    ],
    "models": [
      18884,
      18886
    ]
  },
  {
    "id": 10712,
    "name": "Radimus\u0020Erkle",
    "category": -1,
    "minimapdot": false,
    "level": 1,
    "actions": [[
      2724,
      3368
    ]],
    "coordinates": [[
      2724,
      3368
    ]],
    "models": []
  },
  {
    "id": 10713,
    "name": "Radimus\u0020Erkle",
    "category": -1,
    "minimapdot": false,
    "level": 1,
    "actions": [[
      2724,
      3378
    ]],
    "coordinates": [[
      2724,
      3378
    ]],
    "models": []
  },
  {
    "id": 3951,
    "name": "Legends\u0020guard",
    "category": -1,
    "minimapdot": false,
    "level": 0,
    "actions": ["Talk-to"],
    "coordinates": [[
      2726,
      3349
    ]],
    "models": [
      219,
      253,
      306,
      164,
      179,
      268,
      184,
      540,
      317
    ]
  },
  {
    "id": 3952,
    "name": "Legends\u0020guard",
    "category": -1,
    "minimapdot": false,
    "level": 0,
    "actions": ["Talk-to"],
    "coordinates": [[
      2731,
      3348
    ]],
    "models": [
      219,
      253,
      306,
      164,
      179,
      268,
      184,
      540,
      317
    ]
  }
]