[
  {"id":3622,"name":"Mine cart","level":"0","category":0,"minimapdot":true,"actions":[],"size":[1,1,104],"coordinates":[[2697,4498]],"colors":[6381927,9145493,7566202]},
  {"id":3623,"name":"Mine cart","level":"0","category":0,"minimapdot":true,"actions":[],"size":[1,1,104],"coordinates":[[2715,4516]],"colors":[6381927,9145493,7566202]},
  {"id":3621,"name":"Mine cart","level":"0","category":0,"minimapdot":true,"actions":[],"size":[1,1,104],"coordinates":[[2727,4509]],"colors":[6381927,9145493,7566202]},
  {"id":3624,"name":"Mine cart","level":"0","category":0,"minimapdot":true,"actions":[],"size":[1,1,104],"coordinates":[[2739,4528]],"colors":[6381927,9145493,7566202]}
]