[
  {
    "id": 87,
    "name": "Ghost",
    "category": 278,
    "minimapdot": false,
    "level": 19,
    "actions": ["Attack"],
    "coordinates": [[
      2712,
      4898
    ]],
    "models": [21148]
  },
  {
    "id": 89,
    "name": "Ghost",
    "category": 278,
    "minimapdot": false,
    "level": 19,
    "actions": ["Attack"],
    "coordinates": [[
      2712,
      4908
    ]],
    "models": [21143]
  },
  {
    "id": 85,
    "name": "Ghost",
    "category": 278,
    "minimapdot": false,
    "level": 19,
    "actions": ["Attack"],
    "coordinates": [[
      2714,
      4892
    ]],
    "models": [21154]
  },
  {
    "id": 1987,
    "name": "Evil\u0020Dave",
    "category": -1,
    "minimapdot": false,
    "level": 1,
    "actions": [[
      2721,
      4910
    ]],
    "coordinates": [[
      2721,
      4910
    ]],
    "models": []
  },
  {
    "id": 913,
    "name": "Evil\u0020Dave",
    "category": -1,
    "minimapdot": false,
    "level": 1,
    "actions": [[
      2723,
      4897
    ]],
    "coordinates": [[
      2723,
      4897
    ]],
    "models": []
  },
  {
    "id": 91,
    "name": "Ghost",
    "category": 278,
    "minimapdot": false,
    "level": 19,
    "actions": ["Attack"],
    "coordinates": [[
      2730,
      4907
    ]],
    "models": [21145]
  },
  {
    "id": 86,
    "name": "Ghost",
    "category": 278,
    "minimapdot": false,
    "level": 19,
    "actions": ["Attack"],
    "coordinates": [[
      2731,
      4893
    ]],
    "models": [21147]
  }
]