[
  {
    "id": 1500,
    "name": "Fishing\u0020spot",
    "category": 360,
    "minimapdot": false,
    "level": 0,
    "actions": [
      "Net",
      "Bait"
    ],
    "coordinates": [[
      2694,
      5226
    ]],
    "models": [6568]
  },
  {
    "id": 478,
    "name": "Big\u0020frog",
    "category": -1,
    "minimapdot": false,
    "level": 24,
    "actions": ["Attack"],
    "coordinates": [
      [
        2696,
        5227
      ],
      [
        2697,
        5223
      ],
      [
        2698,
        5219
      ],
      [
        2701,
        5217
      ],
      [
        2727,
        5200
      ],
      [
        2729,
        5189
      ],
      [
        2729,
        5196
      ],
      [
        2729,
        5202
      ],
      [
        2741,
        5194
      ],
      [
        2741,
        5205
      ],
      [
        2743,
        5199
      ],
      [
        2744,
        5203
      ],
      [
        2745,
        5198
      ]
    ],
    "models": [6947]
  },
  {
    "id": 480,
    "name": "Cave\u0020slime",
    "category": -1,
    "minimapdot": false,
    "level": 23,
    "actions": ["Attack"],
    "coordinates": [
      [
        2696,
        5232
      ],
      [
        2697,
        5234
      ],
      [
        2698,
        5236
      ],
      [
        2699,
        5233
      ],
      [
        2700,
        5235
      ],
      [
        2700,
        5238
      ],
      [
        2726,
        5235
      ],
      [
        2728,
        5236
      ],
      [
        2731,
        5235
      ]
    ],
    "models": [5786]
  },
  {
    "id": 483,
    "name": "Cave\u0020bug",
    "category": -1,
    "minimapdot": false,
    "level": 96,
    "actions": ["Attack"],
    "coordinates": [
      [
        2697,
        5221
      ],
      [
        2711,
        5231
      ],
      [
        2715,
        5224
      ],
      [
        2738,
        5193
      ],
      [
        2738,
        5206
      ],
      [
        2744,
        5221
      ]
    ],
    "models": [23853]
  },
  {
    "id": 482,
    "name": "Cave\u0020bug\u0020larva",
    "category": -1,
    "minimapdot": false,
    "level": 0,
    "actions": [
      [
        2698,
        5229
      ],
      [
        2702,
        5216
      ],
      [
        2711,
        5230
      ],
      [
        2712,
        5208
      ],
      [
        2713,
        5194
      ],
      [
        2713,
        5239
      ],
      [
        2714,
        5233
      ],
      [
        2716,
        5201
      ],
      [
        2720,
        5235
      ],
      [
        2724,
        5188
      ],
      [
        2727,
        5198
      ],
      [
        2729,
        5234
      ],
      [
        2735,
        5234
      ],
      [
        2737,
        5206
      ],
      [
        2741,
        5231
      ],
      [
        2745,
        5215
      ],
      [
        2745,
        5218
      ],
      [
        2745,
        5223
      ]
    ],
    "coordinates": [
      [
        2698,
        5229
      ],
      [
        2702,
        5216
      ],
      [
        2711,
        5230
      ],
      [
        2712,
        5208
      ],
      [
        2713,
        5194
      ],
      [
        2713,
        5239
      ],
      [
        2714,
        5233
      ],
      [
        2716,
        5201
      ],
      [
        2720,
        5235
      ],
      [
        2724,
        5188
      ],
      [
        2727,
        5198
      ],
      [
        2729,
        5234
      ],
      [
        2735,
        5234
      ],
      [
        2737,
        5206
      ],
      [
        2741,
        5231
      ],
      [
        2745,
        5215
      ],
      [
        2745,
        5218
      ],
      [
        2745,
        5223
      ]
    ],
    "models": [5785]
  },
  {
    "id": 409,
    "name": "Cave\u0020crawler",
    "category": 294,
    "minimapdot": false,
    "level": 23,
    "actions": ["Attack"],
    "coordinates": [[
      2708,
      5214
    ]],
    "models": [
      5066,
      5067,
      5069
    ]
  },
  {
    "id": 407,
    "name": "Cave\u0020crawler",
    "category": 294,
    "minimapdot": false,
    "level": 23,
    "actions": ["Attack"],
    "coordinates": [
      [
        2710,
        5211
      ],
      [
        2712,
        5224
      ]
    ],
    "models": [
      5066,
      5067,
      5069
    ]
  },
  {
    "id": 408,
    "name": "Cave\u0020crawler",
    "category": 294,
    "minimapdot": false,
    "level": 23,
    "actions": ["Attack"],
    "coordinates": [[
      2711,
      5203
    ]],
    "models": [
      5066,
      5067,
      5069
    ]
  },
  {
    "id": 406,
    "name": "Cave\u0020crawler",
    "category": 294,
    "minimapdot": false,
    "level": 23,
    "actions": ["Attack"],
    "coordinates": [[
      2712,
      5215
    ]],
    "models": [
      5066,
      5067,
      5069
    ]
  },
  {
    "id": 481,
    "name": "Cave\u0020bug",
    "category": -1,
    "minimapdot": false,
    "level": 6,
    "actions": ["Attack"],
    "coordinates": [
      [
        2712,
        5233
      ],
      [
        2713,
        5237
      ],
      [
        2715,
        5240
      ],
      [
        2715,
        5241
      ],
      [
        2716,
        5227
      ],
      [
        2716,
        5235
      ],
      [
        2717,
        5222
      ],
      [
        2745,
        5220
      ],
      [
        2747,
        5217
      ]
    ],
    "models": [23854]
  },
  {
    "id": 422,
    "name": "Rockslug",
    "category": 353,
    "minimapdot": false,
    "level": 29,
    "actions": ["Attack"],
    "coordinates": [[
      2729,
      5223
    ]],
    "models": [5084]
  },
  {
    "id": 477,
    "name": "Giant\u0020frog",
    "category": -1,
    "minimapdot": false,
    "level": 99,
    "actions": ["Attack"],
    "coordinates": [
      [
        2731,
        5192
      ],
      [
        2731,
        5205
      ],
      [
        2745,
        5206
      ]
    ],
    "models": [6947]
  },
  {
    "id": 421,
    "name": "Rockslug",
    "category": 353,
    "minimapdot": false,
    "level": 29,
    "actions": ["Attack"],
    "coordinates": [
      [
        2733,
        5222
      ],
      [
        2734,
        5221
      ],
      [
        2737,
        5221
      ]
    ],
    "models": [5084]
  },
  {
    "id": 1499,
    "name": "Fishing\u0020spot",
    "category": 360,
    "minimapdot": false,
    "level": 0,
    "actions": [
      "Net",
      "Bait"
    ],
    "coordinates": [[
      2746,
      5230
    ]],
    "models": [6568]
  }
]