[
  {"id":3440,"name":"Will o' the wisp","level":"0","category":0,"minimapdot":false,"actions":[],"size":[1,1,110],"coordinates":[[2695,6170],[2697,6171],[2697,6202],[2699,6204],[2707,6155],[2715,6167],[2715,6169],[2746,6206]],"colors":[9230332]},
  {"id":3441,"name":"Will o' the wisp","level":"0","category":0,"minimapdot":false,"actions":[],"size":[1,1,110],"coordinates":[[2696,6169],[2696,6171],[2699,6201],[2701,6203],[2716,6168],[2739,6206]],"colors":[9230332]},
  {"id":234,"name":"Butterfly","level":"0","category":248,"minimapdot":false,"actions":[],"size":[1,1,266],"coordinates":[[2697,6204],[2698,6201],[2698,6203],[2700,6205],[2701,6200],[2710,6170],[2712,6169],[2714,6173],[2716,6171],[2717,6166],[2717,6168],[2718,6167],[2718,6170]],"colors":[16119027,5664393]},
  {"id":238,"name":"Butterfly","level":"0","category":248,"minimapdot":false,"actions":[],"size":[1,1,189],"coordinates":[[2703,6160],[2710,6154],[2719,6148],[2742,6163],[2744,6150],[2746,6145]],"colors":[5664393,15323585,16316664,16565139]},
  {"id":3418,"name":"Rod Fishing spot","level":"0","category":280,"minimapdot":false,"actions":["Lure","Bait"],"size":[1,1,34],"coordinates":[[2712,6202],[2715,6197],[2722,6192],[2723,6184],[2730,6192]],"colors":[15451648]},
  {"id":235,"name":"Butterfly","level":"0","category":248,"minimapdot":false,"actions":[],"size":[1,1,189],"coordinates":[[2716,6172]],"colors":[5664393,15323585,16316664,16565139]},
  {"id":3420,"name":"Rabbit","level":"2","category":739,"minimapdot":true,"actions":["Attack"],"size":[1,1,52],"coordinates":[[2727,6163],[2744,6194]],"colors":[8165293,7835813,7440797,12303812,12633033,11386315,4214361]},
  {"id":3421,"name":"Rabbit","level":"2","category":739,"minimapdot":true,"actions":["Attack"],"size":[1,1,52],"coordinates":[[2743,6194]],"colors":[8165293,7835813,7440797,12303812,12633033,11386315,4214361]},
  {"id":3422,"name":"Rabbit","level":"2","category":739,"minimapdot":true,"actions":["Attack"],"size":[1,1,52],"coordinates":[[2744,6193]],"colors":[8165293,7835813,7440797,12303812,12633033,11386315,4214361]}
]