[
  {
    "id": 5281,
    "name": "Monkey\u0020Zombie",
    "category": 674,
    "minimapdot": false,
    "level": 98,
    "actions": ["Attack"],
    "coordinates": [
      [
        2752,
        9144
      ],
      [
        2763,
        9118
      ],
      [
        2764,
        9133
      ],
      [
        2765,
        9113
      ],
      [
        2769,
        9094
      ],
      [
        2772,
        9110
      ],
      [
        2774,
        9093
      ],
      [
        2777,
        9144
      ],
      [
        2779,
        9119
      ],
      [
        2779,
        9129
      ],
      [
        2781,
        9092
      ],
      [
        2788,
        9103
      ],
      [
        2793,
        9129
      ],
      [
        2794,
        9117
      ],
      [
        2799,
        9112
      ],
      [
        2801,
        9097
      ],
      [
        2807,
        9131
      ],
      [
        2809,
        9104
      ],
      [
        2810,
        9111
      ],
      [
        2810,
        9123
      ]
    ],
    "models": [
      4817,
      4824
    ]
  },
  {
    "id": 5238,
    "name": "Spider",
    "category": 384,
    "minimapdot": false,
    "level": 1,
    "actions": ["Attack"],
    "coordinates": [
      [
        2761,
        9094
      ],
      [
        2761,
        9120
      ],
      [
        2761,
        9144
      ],
      [
        2764,
        9103
      ],
      [
        2766,
        9133
      ],
      [
        2768,
        9111
      ],
      [
        2781,
        9140
      ],
      [
        2784,
        9093
      ],
      [
        2788,
        9102
      ],
      [
        2793,
        9117
      ],
      [
        2793,
        9130
      ],
      [
        2798,
        9138
      ],
      [
        2799,
        9099
      ],
      [
        2810,
        9104
      ],
      [
        2810,
        9124
      ]
    ],
    "models": [24613]
  },
  {
    "id": 7189,
    "name": "Bunkwicket",
    "category": -1,
    "minimapdot": false,
    "level": 0,
    "actions": [[
      2803,
      9148
    ]],
    "coordinates": [[
      2803,
      9148
    ]],
    "models": []
  },
  {
    "id": 7193,
    "name": "Zooknock",
    "category": -1,
    "minimapdot": false,
    "level": 0,
    "actions": [[
      2804,
      9145
    ]],
    "coordinates": [[
      2804,
      9145
    ]],
    "models": []
  },
  {
    "id": 7191,
    "name": "Waymottin",
    "category": -1,
    "minimapdot": false,
    "level": 0,
    "actions": [[
      2805,
      9147
    ]],
    "coordinates": [[
      2805,
      9147
    ]],
    "models": []
  }
]