[
  {
    "id": 6261,
    "name": "Ogre\u0020boat",
    "category": -1,
    "minimapdot": false,
    "level": 1,
    "actions": [[
      2753,
      3081
    ]],
    "coordinates": [[
      2753,
      3081
    ]],
    "models": []
  },
  {
    "id": 6558,
    "name": "Fanellaman",
    "category": 387,
    "minimapdot": false,
    "level": 1,
    "actions": [[
      2759,
      3096
    ]],
    "coordinates": [[
      2759,
      3096
    ]],
    "models": []
  },
  {
    "id": 2134,
    "name": "Aisles",
    "category": 292,
    "minimapdot": false,
    "level": 0,
    "actions": ["Talk-to"],
    "coordinates": [[
      2765,
      3120
    ]],
    "models": [
      390,
      446,
      474,
      8931,
      8933,
      8940,
      8934,
      20829
    ]
  },
  {
    "id": 2893,
    "name": "Jiminua",
    "category": -1,
    "minimapdot": false,
    "level": 0,
    "actions": [
      "Talk-to",
      "Trade"
    ],
    "coordinates": [[
      2767,
      3122
    ]],
    "models": [
      404,
      453,
      478,
      351,
      353,
      429,
      358
    ]
  },
  {
    "id": 2845,
    "name": "Snake",
    "category": 383,
    "minimapdot": false,
    "level": 5,
    "actions": ["Attack"],
    "coordinates": [
      [
        2772,
        3093
      ],
      [
        2775,
        3089
      ],
      [
        2784,
        3104
      ],
      [
        2785,
        3101
      ],
      [
        2804,
        3116
      ],
      [
        2811,
        3112
      ]
    ],
    "models": [3002]
  },
  {
    "id": 3020,
    "name": "Jungle\u0020spider",
    "category": 384,
    "minimapdot": false,
    "level": 44,
    "actions": ["Attack"],
    "coordinates": [
      [
        2777,
        3116
      ],
      [
        2796,
        3104
      ],
      [
        2796,
        3116
      ],
      [
        2797,
        3112
      ],
      [
        2798,
        3107
      ],
      [
        2799,
        3115
      ]
    ],
    "models": [
      20315,
      20313
    ]
  },
  {
    "id": 6578,
    "name": "Rionasta",
    "category": 387,
    "minimapdot": false,
    "level": 1,
    "actions": [[
      2782,
      3094
    ]],
    "coordinates": [[
      2782,
      3094
    ]],
    "models": []
  },
  {
    "id": 749,
    "name": "My\u0020Arm",
    "category": -1,
    "minimapdot": false,
    "level": 1,
    "actions": [[
      2782,
      3121
    ]],
    "coordinates": [[
      2782,
      3121
    ]],
    "models": []
  },
  {
    "id": 6556,
    "name": "Safta\u0020Doc",
    "category": 387,
    "minimapdot": false,
    "level": 1,
    "actions": [[
      2790,
      3100
    ]],
    "coordinates": [[
      2790,
      3100
    ]],
    "models": []
  },
  {
    "id": 6549,
    "name": "Mamma\u0020Bufetta",
    "category": 387,
    "minimapdot": false,
    "level": 1,
    "actions": [[
      2794,
      3076
    ]],
    "coordinates": [[
      2794,
      3076
    ]],
    "models": []
  },
  {
    "id": 0,
    "name": "Tool\u0020Leprechaun",
    "category": 236,
    "minimapdot": false,
    "level": 0,
    "actions": [
      "Talk-to",
      "Exchange"
    ],
    "coordinates": [[
      2797,
      3104
    ]],
    "models": [10220]
  },
  {
    "id": 2688,
    "name": "Imiago",
    "category": 459,
    "minimapdot": false,
    "level": 0,
    "actions": [
      "Talk-to",
      "Pay"
    ],
    "coordinates": [[
      2798,
      3102
    ]],
    "models": [
      230,
      8921,
      248,
      8928,
      8916,
      8918,
      8925,
      8919,
      496
    ]
  },
  {
    "id": 6551,
    "name": "Karaday",
    "category": 387,
    "minimapdot": false,
    "level": 1,
    "actions": [[
      2799,
      3084
    ]],
    "coordinates": [[
      2799,
      3084
    ]],
    "models": []
  },
  {
    "id": 4625,
    "name": "Trufitus",
    "category": -1,
    "minimapdot": false,
    "level": 0,
    "actions": ["Talk-to"],
    "coordinates": [[
      2809,
      3086
    ]],
    "models": [
      210,
      250,
      285,
      8845,
      173,
      176,
      553,
      8925,
      8919
    ]
  }
]