[
  {
    "id": 424,
    "name": "Banisoch",
    "category": -1,
    "minimapdot": false,
    "level": 0,
    "actions": [[
      2757,
      3061
    ]],
    "coordinates": [[
      2757,
      3061
    ]],
    "models": []
  },
  {
    "id": 2909,
    "name": "Horned\u0020graahk",
    "category": 473,
    "minimapdot": false,
    "level": 50,
    "actions": ["Tease"],
    "coordinates": [[
      2766,
      3008
    ]],
    "models": [19374]
  },
  {
    "id": 530,
    "name": "Tribesman",
    "category": -1,
    "minimapdot": false,
    "level": 32,
    "actions": ["Attack"],
    "coordinates": [
      [
        2771,
        3014
      ],
      [
        2773,
        3017
      ],
      [
        2777,
        3068
      ],
      [
        2801,
        3067
      ]
    ],
    "models": [
      231,
      181,
      246,
      315,
      173,
      176,
      279,
      540,
      201
    ]
  },
  {
    "id": 3020,
    "name": "Jungle\u0020spider",
    "category": 384,
    "minimapdot": false,
    "level": 44,
    "actions": ["Attack"],
    "coordinates": [
      [
        2780,
        3029
      ],
      [
        2780,
        3031
      ]
    ],
    "models": [
      20315,
      20313
    ]
  },
  {
    "id": 1173,
    "name": "Chicken",
    "category": 444,
    "minimapdot": false,
    "level": 1,
    "actions": ["Attack"],
    "coordinates": [
      [
        2780,
        3064
      ],
      [
        2808,
        3067
      ]
    ],
    "models": [23905]
  },
  {
    "id": 6236,
    "name": "Tiadeche",
    "category": 387,
    "minimapdot": false,
    "level": 1,
    "actions": [[
      2781,
      3057
    ]],
    "coordinates": [[
      2781,
      3057
    ]],
    "models": []
  },
  {
    "id": 3049,
    "name": "Hobgoblin",
    "category": 442,
    "minimapdot": false,
    "level": 28,
    "actions": ["Attack"],
    "coordinates": [
      [
        2787,
        3013
      ],
      [
        2791,
        3013
      ],
      [
        2794,
        3013
      ]
    ],
    "models": [2994]
  },
  {
    "id": 1174,
    "name": "Chicken",
    "category": 444,
    "minimapdot": false,
    "level": 1,
    "actions": ["Attack"],
    "coordinates": [
      [
        2788,
        3061
      ],
      [
        2805,
        3064
      ]
    ],
    "models": [23905]
  },
  {
    "id": 6238,
    "name": "Tinsay",
    "category": 387,
    "minimapdot": false,
    "level": 1,
    "actions": [[
      2790,
      3054
    ]],
    "coordinates": [[
      2790,
      3054
    ]],
    "models": []
  },
  {
    "id": 4710,
    "name": "Fishing\u0020spot",
    "category": 632,
    "minimapdot": false,
    "level": 0,
    "actions": ["Net"],
    "coordinates": [
      [
        2791,
        3019
      ],
      [
        2801,
        3010
      ],
      [
        2807,
        3021
      ]
    ],
    "models": [1491]
  },
  {
    "id": 6557,
    "name": "Gabooty",
    "category": 387,
    "minimapdot": false,
    "level": 1,
    "actions": [[
      2794,
      3065
    ]],
    "coordinates": [[
      2794,
      3065
    ]],
    "models": []
  },
  {
    "id": 6559,
    "name": "Jagbakoba",
    "category": 387,
    "minimapdot": false,
    "level": 1,
    "actions": [[
      2799,
      3047
    ]],
    "coordinates": [[
      2799,
      3047
    ]],
    "models": []
  },
  {
    "id": 6240,
    "name": "Tamayu",
    "category": 387,
    "minimapdot": false,
    "level": 1,
    "actions": [[
      2800,
      3057
    ]],
    "coordinates": [[
      2800,
      3057
    ]],
    "models": []
  }
]