[
  {
    "id": 3955,
    "name": "Jungle\u0020forester",
    "category": -1,
    "minimapdot": false,
    "level": 0,
    "actions": ["Talk-to"],
    "coordinates": [
      [
        2759,
        2944
      ],
      [
        2792,
        2944
      ]
    ],
    "models": [
      383,
      456,
      346,
      356,
      419,
      361,
      481,
      482,
      566
    ]
  },
  {
    "id": 3954,
    "name": "Jungle\u0020forester",
    "category": -1,
    "minimapdot": false,
    "level": 0,
    "actions": ["Talk-to"],
    "coordinates": [
      [
        2764,
        2944
      ],
      [
        2798,
        2944
      ]
    ],
    "models": [
      207,
      250,
      292,
      167,
      179,
      254,
      185,
      323,
      324,
      566
    ]
  },
  {
    "id": 6237,
    "name": "Tinsay",
    "category": 387,
    "minimapdot": false,
    "level": 1,
    "actions": [[
      2764,
      2976
    ]],
    "coordinates": [[
      2764,
      2976
    ]],
    "models": []
  },
  {
    "id": 3024,
    "name": "Scorpion",
    "category": 343,
    "minimapdot": false,
    "level": 14,
    "actions": ["Attack"],
    "coordinates": [
      [
        2765,
        2978
      ],
      [
        2768,
        2980
      ],
      [
        2785,
        2955
      ],
      [
        2786,
        2947
      ],
      [
        2788,
        2948
      ]
    ],
    "models": [24609]
  },
  {
    "id": 2909,
    "name": "Horned\u0020graahk",
    "category": 473,
    "minimapdot": false,
    "level": 50,
    "actions": ["Tease"],
    "coordinates": [
      [
        2767,
        3005
      ],
      [
        2774,
        3002
      ],
      [
        2781,
        3001
      ]
    ],
    "models": [19374]
  },
  {
    "id": 2848,
    "name": "Monkey",
    "category": 299,
    "minimapdot": false,
    "level": 3,
    "actions": ["Attack"],
    "coordinates": [
      [
        2787,
        3002
      ],
      [
        2790,
        2997
      ],
      [
        2792,
        2994
      ],
      [
        2794,
        3000
      ],
      [
        2796,
        2993
      ],
      [
        2799,
        2996
      ]
    ],
    "models": [3004]
  },
  {
    "id": 3020,
    "name": "Jungle\u0020spider",
    "category": 384,
    "minimapdot": false,
    "level": 44,
    "actions": ["Attack"],
    "coordinates": [
      [
        2810,
        2981
      ],
      [
        2810,
        2987
      ],
      [
        2812,
        2999
      ],
      [
        2814,
        2996
      ]
    ],
    "models": [
      20315,
      20313
    ]
  }
]