[
  {
    "id": 1388,
    "name": "Bald\u0020Headed\u0020Eagle",
    "category": -1,
    "minimapdot": false,
    "level": 0,
    "actions": [
      [
        2757,
        3674
      ],
      [
        2762,
        3671
      ],
      [
        2785,
        3658
      ]
    ],
    "coordinates": [
      [
        2757,
        3674
      ],
      [
        2762,
        3671
      ],
      [
        2785,
        3658
      ]
    ],
    "models": [5728]
  },
  {
    "id": 1371,
    "name": "Guard",
    "category": -1,
    "minimapdot": false,
    "level": 0,
    "actions": ["Talk-to"],
    "coordinates": [[
      2760,
      3660
    ]],
    "models": [
      214,
      250,
      5674,
      5672,
      5668,
      5725,
      4236
    ]
  },
  {
    "id": 1374,
    "name": "Ragnar",
    "category": -1,
    "minimapdot": false,
    "level": 0,
    "actions": ["Talk-to"],
    "coordinates": [[
      2765,
      3676
    ]],
    "models": [
      206,
      250,
      5673,
      5671,
      5667,
      5725
    ]
  },
  {
    "id": 1379,
    "name": "Camp\u0020dweller",
    "category": -1,
    "minimapdot": false,
    "level": 31,
    "actions": [
      "Talk-to",
      "Attack"
    ],
    "coordinates": [[
      2794,
      3668
    ]],
    "models": [
      214,
      250,
      5673,
      5671,
      5667,
      5725
    ]
  },
  {
    "id": 1382,
    "name": "Camp\u0020dweller",
    "category": -1,
    "minimapdot": false,
    "level": 31,
    "actions": [
      "Talk-to",
      "Attack"
    ],
    "coordinates": [[
      2797,
      3672
    ]],
    "models": [
      387,
      5678,
      5677,
      5675
    ]
  },
  {
    "id": 1372,
    "name": "Guard",
    "category": -1,
    "minimapdot": false,
    "level": 0,
    "actions": ["Talk-to"],
    "coordinates": [[
      2798,
      3667
    ]],
    "models": [
      230,
      250,
      5674,
      5672,
      5668,
      5725,
      4236
    ]
  },
  {
    "id": 1380,
    "name": "Camp\u0020dweller",
    "category": -1,
    "minimapdot": false,
    "level": 31,
    "actions": [
      "Talk-to",
      "Attack"
    ],
    "coordinates": [[
      2801,
      3669
    ]],
    "models": [
      210,
      250,
      5674,
      5672,
      5667,
      5725
    ]
  },
  {
    "id": 1383,
    "name": "Camp\u0020dweller",
    "category": -1,
    "minimapdot": false,
    "level": 25,
    "actions": [
      "Talk-to",
      "Attack"
    ],
    "coordinates": [[
      2802,
      3674
    ]],
    "models": [
      385,
      5678,
      5677,
      5675
    ]
  },
  {
    "id": 1381,
    "name": "Camp\u0020dweller",
    "category": -1,
    "minimapdot": false,
    "level": 31,
    "actions": [
      "Talk-to",
      "Attack"
    ],
    "coordinates": [[
      2803,
      3668
    ]],
    "models": [
      390,
      5678,
      5677,
      5675
    ]
  },
  {
    "id": 1387,
    "name": "Mountain\u0020Goat",
    "category": -1,
    "minimapdot": false,
    "level": 0,
    "actions": [[
      2810,
      3684
    ]],
    "coordinates": [[
      2810,
      3684
    ]],
    "models": [
      20273,
      20281,
      20277
    ]
  },
  {
    "id": 1373,
    "name": "Hamal\u0020the\u0020Chieftain",
    "category": -1,
    "minimapdot": false,
    "level": 0,
    "actions": ["Talk-to"],
    "coordinates": [[
      2811,
      3673
    ]],
    "models": [
      214,
      250,
      5674,
      5672,
      5668,
      5725,
      5726,
      5670
    ]
  },
  {
    "id": 1376,
    "name": "Jokul",
    "category": -1,
    "minimapdot": false,
    "level": 0,
    "actions": ["Talk-to"],
    "coordinates": [[
      2811,
      3681
    ]],
    "models": [
      203,
      250,
      5673,
      5672,
      5667,
      5725,
      553
    ]
  },
  {
    "id": 1386,
    "name": "Mountain\u0020Goat",
    "category": -1,
    "minimapdot": false,
    "level": 0,
    "actions": [[
      2811,
      3687
    ]],
    "coordinates": [[
      2811,
      3687
    ]],
    "models": [
      20274,
      20281,
      20279
    ]
  },
  {
    "id": 1385,
    "name": "Mountain\u0020Goat",
    "category": -1,
    "minimapdot": false,
    "level": 0,
    "actions": [[
      2812,
      3685
    ]],
    "coordinates": [[
      2812,
      3685
    ]],
    "models": [
      20273,
      20280,
      20275
    ]
  },
  {
    "id": 1384,
    "name": "Mountain\u0020Goat",
    "category": -1,
    "minimapdot": false,
    "level": 0,
    "actions": [[
      2813,
      3687
    ]],
    "coordinates": [[
      2813,
      3687
    ]],
    "models": [
      20273,
      20281,
      20276
    ]
  }
]