[
  {
    "id": 3526,
    "name": "Sir\u0020Palomedes",
    "category": -1,
    "minimapdot": false,
    "level": 0,
    "actions": ["Talk-to"],
    "coordinates": [[
      2754,
      3509
    ]],
    "models": [
      27126,
      27195,
      27203
    ]
  },
  {
    "id": 3525,
    "name": "Sir\u0020Lucan",
    "category": -1,
    "minimapdot": false,
    "level": 0,
    "actions": ["Talk-to"],
    "coordinates": [[
      2754,
      3515
    ]],
    "models": [
      27126,
      27195,
      27203
    ]
  },
  {
    "id": 7458,
    "name": "Perdu",
    "category": 990,
    "minimapdot": false,
    "level": 0,
    "actions": [[
      2755,
      3481
    ]],
    "coordinates": [[
      2755,
      3481
    ]],
    "models": []
  },
  {
    "id": 5517,
    "name": "The\u0020'Wedge'",
    "category": 859,
    "minimapdot": false,
    "level": 0,
    "actions": ["Talk-to"],
    "coordinates": [[
      2760,
      3476
    ]],
    "models": [
      215,
      246,
      299,
      151,
      176,
      3711,
      263,
      181,
      3189
    ]
  },
  {
    "id": 3521,
    "name": "Sir\u0020Kay",
    "category": -1,
    "minimapdot": false,
    "level": 0,
    "actions": ["Talk-to"],
    "coordinates": [[
      2761,
      3497
    ]],
    "models": [
      27130,
      27200,
      27203
    ]
  },
  {
    "id": 3520,
    "name": "Sir\u0020Gawain",
    "category": -1,
    "minimapdot": false,
    "level": 0,
    "actions": ["Talk-to"],
    "coordinates": [[
      2763,
      3506
    ]],
    "models": [
      27125,
      27194,
      27203
    ]
  },
  {
    "id": 3531,
    "name": "King\u0020Arthur",
    "category": -1,
    "minimapdot": false,
    "level": 0,
    "actions": ["Talk-to"],
    "coordinates": [[
      2764,
      3515
    ]],
    "models": [
      27193,
      27197,
      27203
    ]
  },
  {
    "id": 2837,
    "name": "Unicorn",
    "category": -1,
    "minimapdot": false,
    "level": 15,
    "actions": ["Attack"],
    "coordinates": [
      [
        2783,
        3466
      ],
      [
        2791,
        3460
      ]
    ],
    "models": [
      25755,
      25756
    ]
  },
  {
    "id": 9392,
    "name": "Man",
    "category": -1,
    "minimapdot": false,
    "level": 0,
    "actions": [[
      2784,
      3463
    ]],
    "coordinates": [[
      2784,
      3463
    ]],
    "models": []
  },
  {
    "id": 2087,
    "name": "Ice\u0020giant",
    "category": 346,
    "minimapdot": false,
    "level": 53,
    "actions": ["Attack"],
    "coordinates": [[
      2804,
      3507
    ]],
    "models": [
      17453,
      17443,
      17460
    ]
  },
  {
    "id": 2664,
    "name": "Dantaera",
    "category": 459,
    "minimapdot": false,
    "level": 0,
    "actions": [
      "Talk-to",
      "Pay\u0020(north)",
      "Pay\u0020(south)"
    ],
    "coordinates": [[
      2808,
      3464
    ]],
    "models": [
      378,
      471,
      4392,
      348,
      353,
      7368,
      421,
      7366
    ]
  },
  {
    "id": 2085,
    "name": "Ice\u0020giant",
    "category": 346,
    "minimapdot": false,
    "level": 53,
    "actions": ["Attack"],
    "coordinates": [[
      2811,
      3506
    ]],
    "models": [
      17453,
      17442,
      17460
    ]
  },
  {
    "id": 0,
    "name": "Tool\u0020Leprechaun",
    "category": 236,
    "minimapdot": false,
    "level": 0,
    "actions": [
      "Talk-to",
      "Exchange"
    ],
    "coordinates": [[
      2815,
      3467
    ]],
    "models": [10220]
  }
]