[
  {
    "id": 3620,
    "name": "Mine\u0020cart",
    "category": -1,
    "minimapdot": false,
    "level": 0,
    "actions": [
      [
        2781,
        4462
      ],
      [
        2783,
        4446
      ],
      [
        2785,
        4447
      ],
      [
        2785,
        4456
      ],
      [
        2791,
        4447
      ],
      [
        2791,
        4456
      ],
      [
        2793,
        4446
      ]
    ],
    "coordinates": [
      [
        2781,
        4462
      ],
      [
        2783,
        4446
      ],
      [
        2785,
        4447
      ],
      [
        2785,
        4456
      ],
      [
        2791,
        4447
      ],
      [
        2791,
        4456
      ],
      [
        2793,
        4446
      ]
    ],
    "models": [4894]
  },
  {
    "id": 3618,
    "name": "Loading\u0020crane",
    "category": -1,
    "minimapdot": false,
    "level": 0,
    "actions": [
      [
        2782,
        4458
      ],
      [
        2787,
        4446
      ],
      [
        2787,
        4451
      ],
      [
        2793,
        4458
      ]
    ],
    "coordinates": [
      [
        2782,
        4458
      ],
      [
        2787,
        4446
      ],
      [
        2787,
        4451
      ],
      [
        2793,
        4458
      ]
    ],
    "models": [4909]
  },
  {
    "id": 3619,
    "name": "Innocent-looking\u0020key",
    "category": -1,
    "minimapdot": false,
    "level": 0,
    "actions": ["Take"],
    "coordinates": [[
      2788,
      4455
    ]],
    "models": [4918]
  }
]