[
  {
    "id": 645,
    "name": "Ice\u0020wolf",
    "category": 310,
    "minimapdot": false,
    "level": 96,
    "actions": ["Attack"],
    "coordinates": [
      [
        2761,
        3863
      ],
      [
        2769,
        3854
      ],
      [
        2805,
        3859
      ]
    ],
    "models": [26266]
  },
  {
    "id": 646,
    "name": "Ice\u0020wolf",
    "category": 310,
    "minimapdot": false,
    "level": 96,
    "actions": ["Attack"],
    "coordinates": [
      [
        2764,
        3858
      ],
      [
        2769,
        3861
      ],
      [
        2800,
        3859
      ],
      [
        2803,
        3864
      ]
    ],
    "models": [26266]
  },
  {
    "id": 2551,
    "name": "Brambickle",
    "category": -1,
    "minimapdot": false,
    "level": 0,
    "actions": ["Talk-to"],
    "coordinates": [[
      2786,
      3862
    ]],
    "models": [
      17011,
      14824,
      2922,
      14177
    ]
  },
  {
    "id": 4146,
    "name": "Mountain\u0020goat",
    "category": -1,
    "minimapdot": false,
    "level": 0,
    "actions": [[
      2798,
      3842
    ]],
    "coordinates": [[
      2798,
      3842
    ]],
    "models": [
      20273,
      20280,
      20277
    ]
  },
  {
    "id": 4145,
    "name": "Mountain\u0020goat",
    "category": -1,
    "minimapdot": false,
    "level": 0,
    "actions": [
      [
        2802,
        3841
      ],
      [
        2807,
        3843
      ]
    ],
    "coordinates": [
      [
        2802,
        3841
      ],
      [
        2807,
        3843
      ]
    ],
    "models": [
      20273,
      20280,
      20275
    ]
  },
  {
    "id": 4147,
    "name": "Mountain\u0020goat",
    "category": -1,
    "minimapdot": false,
    "level": 0,
    "actions": [[
      2804,
      3843
    ]],
    "coordinates": [[
      2804,
      3843
    ]],
    "models": [
      20273,
      20280,
      20279
    ]
  }
]