[
  {
    "id": 2827,
    "name": "Bat",
    "category": 296,
    "minimapdot": false,
    "level": 6,
    "actions": ["Attack"],
    "coordinates": [
      [
        2759,
        4498
      ],
      [
        2761,
        4495
      ],
      [
        2762,
        4500
      ],
      [
        2782,
        4491
      ],
      [
        2783,
        4487
      ],
      [
        2792,
        4488
      ]
    ],
    "models": [18900]
  },
  {
    "id": 3614,
    "name": "Corpse",
    "category": 257,
    "minimapdot": false,
    "level": 0,
    "actions": [
      [
        2762,
        4509
      ],
      [
        2767,
        4523
      ],
      [
        2769,
        4501
      ],
      [
        2769,
        4517
      ],
      [
        2773,
        4515
      ],
      [
        2773,
        4532
      ],
      [
        2783,
        4494
      ],
      [
        2789,
        4516
      ],
      [
        2792,
        4490
      ],
      [
        2795,
        4496
      ],
      [
        2804,
        4525
      ],
      [
        2806,
        4502
      ],
      [
        2807,
        4513
      ],
      [
        2808,
        4518
      ]
    ],
    "coordinates": [
      [
        2762,
        4509
      ],
      [
        2767,
        4523
      ],
      [
        2769,
        4501
      ],
      [
        2769,
        4517
      ],
      [
        2773,
        4515
      ],
      [
        2773,
        4532
      ],
      [
        2783,
        4494
      ],
      [
        2789,
        4516
      ],
      [
        2792,
        4490
      ],
      [
        2795,
        4496
      ],
      [
        2804,
        4525
      ],
      [
        2806,
        4502
      ],
      [
        2807,
        4513
      ],
      [
        2808,
        4518
      ]
    ],
    "models": [
      21171,
      21177,
      21162,
      21157,
      21183,
      21203,
      21188
    ]
  },
  {
    "id": 2834,
    "name": "Giant\u0020bat",
    "category": 296,
    "minimapdot": false,
    "level": 27,
    "actions": ["Attack"],
    "coordinates": [
      [
        2787,
        4503
      ],
      [
        2789,
        4499
      ]
    ],
    "models": [18898]
  },
  {
    "id": 2854,
    "name": "Rat",
    "category": 262,
    "minimapdot": false,
    "level": 1,
    "actions": ["Attack"],
    "coordinates": [
      [
        2798,
        4531
      ],
      [
        2800,
        4526
      ],
      [
        2803,
        4526
      ]
    ],
    "models": [9610]
  }
]