[
  {
    "id": 4056,
    "name": "Grail\u0020Maiden",
    "category": -1,
    "minimapdot": false,
    "level": 0,
    "actions": ["Talk-to"],
    "coordinates": [
      [
        2760,
        4688
      ],
      [
        2763,
        4690
      ],
      [
        2766,
        4680
      ],
      [
        2769,
        4686
      ]
    ],
    "models": [
      384,
      456,
      343,
      353,
      421,
      358,
      446
    ]
  },
  {
    "id": 4060,
    "name": "Peasant",
    "category": -1,
    "minimapdot": false,
    "level": 0,
    "actions": ["Talk-to"],
    "coordinates": [
      [
        2765,
        4722
      ],
      [
        2776,
        4718
      ],
      [
        2777,
        4703
      ],
      [
        2788,
        4721
      ],
      [
        2789,
        4698
      ]
    ],
    "models": [
      230,
      310,
      168,
      176,
      275,
      185,
      247
    ]
  },
  {
    "id": 4067,
    "name": "Black\u0020Knight\u0020Titan",
    "category": 346,
    "minimapdot": false,
    "level": 120,
    "actions": [
      "Talk-to",
      "Attack"
    ],
    "coordinates": [[
      2791,
      4722
    ]],
    "models": [
      2864,
      2872
    ]
  },
  {
    "id": 4065,
    "name": "Fisherman",
    "category": -1,
    "minimapdot": false,
    "level": 0,
    "actions": ["Talk-to"],
    "coordinates": [[
      2802,
      4706
    ]],
    "models": [
      230,
      299,
      151,
      179,
      267,
      185,
      194,
      251,
      562,
      236,
      320
    ]
  }
]