[
  {
    "id": 8817,
    "name": "Islwyn",
    "category": -1,
    "minimapdot": false,
    "level": 1,
    "actions": [[
      2771,
      6104
    ]],
    "coordinates": [[
      2771,
      6104
    ]],
    "models": []
  },
  {
    "id": 1481,
    "name": "Dalldav",
    "category": -1,
    "minimapdot": false,
    "level": 0,
    "actions": [
      "Talk-to",
      "Trade"
    ],
    "coordinates": [[
      2772,
      6108
    ]],
    "models": [
      38129,
      38054,
      38035,
      38066,
      38114,
      38086
    ]
  },
  {
    "id": 1478,
    "name": "Oronwen",
    "category": -1,
    "minimapdot": false,
    "level": 0,
    "actions": [
      "Talk-to",
      "Trade"
    ],
    "coordinates": [[
      2772,
      6123
    ]],
    "models": [
      38257,
      38190,
      38165,
      38215,
      38252,
      38222
    ]
  },
  {
    "id": 3206,
    "name": "Elena",
    "category": -1,
    "minimapdot": false,
    "level": 1,
    "actions": [[
      2774,
      6093
    ]],
    "coordinates": [[
      2774,
      6093
    ]],
    "models": []
  },
  {
    "id": 8828,
    "name": "Eluned",
    "category": -1,
    "minimapdot": false,
    "level": 1,
    "actions": [[
      2774,
      6105
    ]],
    "coordinates": [[
      2774,
      6105
    ]],
    "models": []
  },
  {
    "id": 5295,
    "name": "Elf\u0020Archer",
    "category": 512,
    "minimapdot": false,
    "level": 90,
    "actions": ["Attack"],
    "coordinates": [[
      2777,
      6114
    ]],
    "models": [
      38108,
      38067,
      38095,
      38125,
      38059,
      38049,
      38295
    ]
  },
  {
    "id": 5294,
    "name": "Elf\u0020Warrior",
    "category": 512,
    "minimapdot": false,
    "level": 108,
    "actions": ["Attack"],
    "coordinates": [[
      2777,
      6117
    ]],
    "models": [
      38246,
      38212,
      38229,
      38262,
      38197,
      38170,
      38292,
      38297
    ]
  },
  {
    "id": 5300,
    "name": "Mawrth",
    "category": -1,
    "minimapdot": false,
    "level": 0,
    "actions": [
      "Talk-to",
      "Pickpocket"
    ],
    "coordinates": [[
      2779,
      6109
    ]],
    "models": [
      38260,
      38193,
      38180,
      38214,
      38250,
      38227
    ]
  },
  {
    "id": 5303,
    "name": "Iona",
    "category": -1,
    "minimapdot": false,
    "level": 0,
    "actions": ["Talk-to"],
    "coordinates": [[
      2780,
      6119
    ]],
    "models": [38148]
  },
  {
    "id": 5299,
    "name": "Arvel",
    "category": -1,
    "minimapdot": false,
    "level": 0,
    "actions": [
      "Talk-to",
      "Pickpocket"
    ],
    "coordinates": [[
      2781,
      6122
    ]],
    "models": [
      38261,
      38189,
      38174,
      38210,
      38248,
      38225
    ]
  },
  {
    "id": 1477,
    "name": "Eudav",
    "category": -1,
    "minimapdot": false,
    "level": 0,
    "actions": [
      "Talk-to",
      "Trade"
    ],
    "coordinates": [[
      2782,
      6126
    ]],
    "models": [
      38124,
      38062,
      38030,
      38065,
      38113,
      38088
    ]
  },
  {
    "id": 4555,
    "name": "Lady\u0020Kelyn\u0020Ithell",
    "category": -1,
    "minimapdot": false,
    "level": 1,
    "actions": [[
      2784,
      6116
    ]],
    "coordinates": [[
      2784,
      6116
    ]],
    "models": []
  },
  {
    "id": 5297,
    "name": "Goreu",
    "category": -1,
    "minimapdot": false,
    "level": 0,
    "actions": [
      "Talk-to",
      "Pickpocket"
    ],
    "coordinates": [[
      2785,
      6103
    ]],
    "models": [
      38124,
      38056,
      38031,
      38065,
      38111,
      38090
    ]
  },
  {
    "id": 5302,
    "name": "Eoin",
    "category": -1,
    "minimapdot": false,
    "level": 0,
    "actions": ["Talk-to"],
    "coordinates": [[
      2790,
      6121
    ]],
    "models": [38017]
  },
  {
    "id": 5293,
    "name": "Elf\u0020Warrior",
    "category": 512,
    "minimapdot": false,
    "level": 108,
    "actions": ["Attack"],
    "coordinates": [[
      2791,
      6111
    ]],
    "models": [
      38115,
      38071,
      38087,
      38121,
      38055,
      38045,
      38292,
      38297
    ]
  },
  {
    "id": 2689,
    "name": "Liliwen",
    "category": 459,
    "minimapdot": false,
    "level": 0,
    "actions": [
      "Talk-to",
      "Pay"
    ],
    "coordinates": [[
      2794,
      6104
    ]],
    "models": [
      38257,
      38190,
      38171,
      38215,
      38250,
      38225
    ]
  },
  {
    "id": 0,
    "name": "Tool\u0020Leprechaun",
    "category": 236,
    "minimapdot": false,
    "level": 0,
    "actions": [
      "Talk-to",
      "Exchange"
    ],
    "coordinates": [[
      2794,
      6108
    ]],
    "models": [10220]
  },
  {
    "id": 4557,
    "name": "Iestin",
    "category": 922,
    "minimapdot": false,
    "level": 1,
    "actions": [[
      2799,
      6118
    ]],
    "coordinates": [[
      2799,
      6118
    ]],
    "models": []
  },
  {
    "id": 1479,
    "name": "Banker",
    "category": 249,
    "minimapdot": false,
    "level": 0,
    "actions": [
      "Talk-to",
      "Bank",
      "Collect"
    ],
    "coordinates": [[
      2800,
      6110
    ]],
    "models": [
      38034,
      38107,
      38091,
      38063,
      38073,
      38122
    ]
  },
  {
    "id": 4008,
    "name": "Baxtorian",
    "category": 922,
    "minimapdot": false,
    "level": 1,
    "actions": [[
      2801,
      6116
    ]],
    "coordinates": [[
      2801,
      6116
    ]],
    "models": []
  },
  {
    "id": 8824,
    "name": "Ilfeen",
    "category": -1,
    "minimapdot": false,
    "level": 1,
    "actions": [[
      2802,
      6099
    ]],
    "coordinates": [[
      2802,
      6099
    ]],
    "models": []
  },
  {
    "id": 1480,
    "name": "Banker",
    "category": 249,
    "minimapdot": false,
    "level": 0,
    "actions": [
      "Talk-to",
      "Bank",
      "Collect"
    ],
    "coordinates": [[
      2802,
      6110
    ]],
    "models": [
      38166,
      38253,
      38226,
      38195,
      38213,
      38265
    ]
  }
]