[
  {
    "id": 4119,
    "name": "Godric",
    "category": -1,
    "minimapdot": false,
    "level": 0,
    "actions": ["Talk-to"],
    "coordinates": [[
      2827,
      10077
    ]],
    "models": [
      215,
      295,
      150,
      254,
      185,
      246
    ]
  },
  {
    "id": 4118,
    "name": "Eadgar",
    "category": -1,
    "minimapdot": false,
    "level": 0,
    "actions": ["Talk-to"],
    "coordinates": [[
      2829,
      10083
    ]],
    "models": [
      230,
      250,
      310,
      168,
      176,
      275,
      181,
      326
    ]
  },
  {
    "id": 4133,
    "name": "Twig",
    "category": 566,
    "minimapdot": false,
    "level": 71,
    "actions": [
      "Attack",
      "Pickpocket"
    ],
    "coordinates": [[
      2832,
      10079
    ]],
    "models": [
      3754,
      3758,
      3756,
      3769,
      3771
    ]
  },
  {
    "id": 4134,
    "name": "Berry",
    "category": 566,
    "minimapdot": false,
    "level": 71,
    "actions": [
      "Attack",
      "Pickpocket"
    ],
    "coordinates": [[
      2832,
      10083
    ]],
    "models": [
      3754,
      3758,
      3756,
      3763,
      3771
    ]
  },
  {
    "id": 4151,
    "name": "Guard",
    "category": 571,
    "minimapdot": false,
    "level": 0,
    "actions": [[
      2850,
      10086
    ]],
    "coordinates": [[
      2850,
      10086
    ]],
    "models": [
      3753,
      3758,
      3755,
      3763
    ]
  },
  {
    "id": 4149,
    "name": "Guard",
    "category": 571,
    "minimapdot": false,
    "level": 0,
    "actions": [[
      2850,
      10089
    ]],
    "coordinates": [[
      2850,
      10089
    ]],
    "models": [
      3753,
      3759,
      3755,
      3763
    ]
  },
  {
    "id": 4148,
    "name": "Guard",
    "category": 571,
    "minimapdot": false,
    "level": 0,
    "actions": [[
      2850,
      10092
    ]],
    "coordinates": [[
      2850,
      10092
    ]],
    "models": [
      3753,
      3758,
      3756,
      3763
    ]
  },
  {
    "id": 4153,
    "name": "Guard",
    "category": 571,
    "minimapdot": false,
    "level": 0,
    "actions": [[
      2855,
      10082
    ]],
    "coordinates": [[
      2855,
      10082
    ]],
    "models": [
      3754,
      3758,
      3755,
      3763
    ]
  },
  {
    "id": 4150,
    "name": "Guard",
    "category": 571,
    "minimapdot": false,
    "level": 0,
    "actions": [[
      2855,
      10089
    ]],
    "coordinates": [[
      2855,
      10089
    ]],
    "models": [
      3753,
      3758,
      3756,
      3763,
      3766
    ]
  },
  {
    "id": 4156,
    "name": "Guard",
    "category": 571,
    "minimapdot": false,
    "level": 0,
    "actions": [[
      2857,
      10075
    ]],
    "coordinates": [[
      2857,
      10075
    ]],
    "models": [
      3753,
      3758,
      3756,
      3763
    ]
  },
  {
    "id": 4154,
    "name": "Guard",
    "category": 571,
    "minimapdot": false,
    "level": 0,
    "actions": [[
      2858,
      10076
    ]],
    "coordinates": [[
      2858,
      10076
    ]],
    "models": [
      3753,
      3758,
      3756,
      3763
    ]
  },
  {
    "id": 4152,
    "name": "Guard",
    "category": 571,
    "minimapdot": false,
    "level": 0,
    "actions": [[
      2861,
      10080
    ]],
    "coordinates": [[
      2861,
      10080
    ]],
    "models": [
      3753,
      3758,
      3756,
      3763
    ]
  },
  {
    "id": 4155,
    "name": "Guard",
    "category": 571,
    "minimapdot": false,
    "level": 0,
    "actions": [[
      2864,
      10085
    ]],
    "coordinates": [[
      2864,
      10085
    ]],
    "models": [
      3753,
      3758,
      3756,
      3763
    ]
  }
]