[
  {
    "id": 529,
    "name": "Monk\u0020of\u0020Zamorak",
    "category": -1,
    "minimapdot": false,
    "level": 45,
    "actions": ["Attack"],
    "coordinates": [
      [
        2825,
        9810
      ],
      [
        2828,
        9805
      ],
      [
        2829,
        9808
      ],
      [
        2829,
        9812
      ],
      [
        2833,
        9808
      ],
      [
        2834,
        9814
      ]
    ],
    "models": [
      208,
      246,
      292,
      170,
      176,
      256
    ]
  },
  {
    "id": 253,
    "name": "Black\u0020dragon",
    "category": 347,
    "minimapdot": false,
    "level": 227,
    "actions": ["Attack"],
    "coordinates": [[
      2829,
      9826
    ]],
    "models": [
      17408,
      17426,
      17418,
      17423
    ]
  },
  {
    "id": 2050,
    "name": "Black\u0020demon",
    "category": 275,
    "minimapdot": false,
    "level": 172,
    "actions": ["Attack"],
    "coordinates": [[
      2833,
      9795
    ]],
    "models": [
      17378,
      17393,
      17387,
      17399,
      17390
    ]
  },
  {
    "id": 252,
    "name": "Black\u0020dragon",
    "category": 347,
    "minimapdot": false,
    "level": 227,
    "actions": ["Attack"],
    "coordinates": [[
      2835,
      9824
    ]],
    "models": [
      17407,
      17425,
      17418,
      17423
    ]
  },
  {
    "id": 2051,
    "name": "Black\u0020demon",
    "category": 275,
    "minimapdot": false,
    "level": 172,
    "actions": ["Attack"],
    "coordinates": [[
      2837,
      9797
    ]],
    "models": [
      17379,
      17396,
      17385,
      17400,
      17390
    ]
  },
  {
    "id": 2048,
    "name": "Black\u0020demon",
    "category": 275,
    "minimapdot": false,
    "level": 172,
    "actions": ["Attack"],
    "coordinates": [
      [
        2840,
        9792
      ],
      [
        2842,
        9801
      ]
    ],
    "models": [
      17375,
      17391,
      17384,
      17399,
      17390
    ]
  },
  {
    "id": 2049,
    "name": "Black\u0020demon",
    "category": 275,
    "minimapdot": false,
    "level": 172,
    "actions": ["Attack"],
    "coordinates": [[
      2845,
      9795
    ]],
    "models": [
      17377,
      17392,
      17386,
      17400,
      17390
    ]
  },
  {
    "id": 3023,
    "name": "Poison\u0020spider",
    "category": 384,
    "minimapdot": false,
    "level": 64,
    "actions": ["Attack"],
    "coordinates": [
      [
        2850,
        9808
      ],
      [
        2857,
        9822
      ],
      [
        2859,
        9802
      ],
      [
        2859,
        9814
      ],
      [
        2864,
        9819
      ],
      [
        2870,
        9799
      ],
      [
        2871,
        9792
      ],
      [
        2876,
        9806
      ]
    ],
    "models": [
      20315,
      20316
    ]
  },
  {
    "id": 104,
    "name": "Hellhound",
    "category": 217,
    "minimapdot": false,
    "level": 122,
    "actions": ["Attack"],
    "coordinates": [
      [
        2851,
        9849
      ],
      [
        2855,
        9837
      ],
      [
        2856,
        9847
      ],
      [
        2857,
        9841
      ],
      [
        2859,
        9852
      ],
      [
        2861,
        9837
      ],
      [
        2864,
        9851
      ],
      [
        2867,
        9840
      ],
      [
        2868,
        9833
      ],
      [
        2869,
        9829
      ],
      [
        2870,
        9826
      ],
      [
        2871,
        9819
      ],
      [
        2871,
        9822
      ]
    ],
    "models": [26256]
  },
  {
    "id": 5228,
    "name": "Kharid\u0020Scorpion",
    "category": -1,
    "minimapdot": false,
    "level": 0,
    "actions": ["Pick-up"],
    "coordinates": [[
      2877,
      9796
    ]],
    "models": [24612]
  }
]