[
  {
    "id": 8066,
    "name": "Stone\u0020Guardian",
    "category": 1209,
    "minimapdot": false,
    "level": 124,
    "actions": ["Attack"],
    "coordinates": [
      [
        2819,
        9258
      ],
      [
        2828,
        9240
      ],
      [
        2831,
        9219
      ],
      [
        2839,
        9267
      ],
      [
        2840,
        9251
      ],
      [
        2856,
        9267
      ],
      [
        2860,
        9256
      ],
      [
        2874,
        9275
      ],
      [
        2875,
        9221
      ],
      [
        2875,
        9234
      ]
    ],
    "models": [35028]
  },
  {
    "id": 8065,
    "name": "Stone\u0020Guardian",
    "category": 1209,
    "minimapdot": false,
    "level": 124,
    "actions": ["Attack"],
    "coordinates": [
      [
        2820,
        9228
      ],
      [
        2820,
        9273
      ],
      [
        2832,
        9247
      ],
      [
        2843,
        9260
      ],
      [
        2848,
        9235
      ],
      [
        2850,
        9220
      ],
      [
        2856,
        9274
      ],
      [
        2858,
        9251
      ],
      [
        2868,
        9241
      ],
      [
        2870,
        9263
      ]
    ],
    "models": [35027]
  },
  {
    "id": 8064,
    "name": "Stone\u0020Guardian",
    "category": 1209,
    "minimapdot": false,
    "level": 124,
    "actions": ["Attack"],
    "coordinates": [
      [
        2826,
        9231
      ],
      [
        2828,
        9252
      ],
      [
        2829,
        9275
      ],
      [
        2841,
        9239
      ],
      [
        2844,
        9223
      ],
      [
        2851,
        9264
      ],
      [
        2859,
        9244
      ],
      [
        2863,
        9223
      ],
      [
        2864,
        9274
      ],
      [
        2875,
        9255
      ]
    ],
    "models": [35029]
  }
]