[{
  "id": 2094,
  "name": "Jogre",
  "category": 271,
  "minimapdot": false,
  "level": 53,
  "actions": ["Attack"],
  "coordinates": [
    [
      2825,
      9516
    ],
    [
      2831,
      9515
    ],
    [
      2834,
      9499
    ],
    [
      2835,
      9526
    ],
    [
      2836,
      9510
    ],
    [
      2838,
      9490
    ],
    [
      2840,
      9518
    ],
    [
      2845,
      9518
    ],
    [
      2848,
      9483
    ],
    [
      2849,
      9517
    ],
    [
      2857,
      9501
    ],
    [
      2857,
      9523
    ],
    [
      2860,
      9517
    ],
    [
      2863,
      9493
    ],
    [
      2864,
      9526
    ],
    [
      2866,
      9512
    ],
    [
      2867,
      9529
    ],
    [
      2841,
      9498
    ],
    [
      2844,
      9501
    ],
    [
      2845,
      9495
    ],
    [
      2849,
      9495
    ],
    [
      2852,
      9493
    ],
    [
      2855,
      9491
    ]
  ],
  "models": [
    2870,
    2866
  ]
}]