[
  {
    "id": 2005,
    "name": "Lesser\u0020demon",
    "category": 275,
    "minimapdot": false,
    "level": 82,
    "actions": ["Attack"],
    "coordinates": [
      [
        2831,
        9562
      ],
      [
        2840,
        9552
      ]
    ],
    "models": [
      17375,
      17391,
      17384,
      17388,
      17390
    ]
  },
  {
    "id": 2834,
    "name": "Giant\u0020bat",
    "category": 296,
    "minimapdot": false,
    "level": 27,
    "actions": ["Attack"],
    "coordinates": [
      [
        2834,
        9568
      ],
      [
        2856,
        9575
      ],
      [
        2861,
        9568
      ]
    ],
    "models": [18898]
  },
  {
    "id": 3021,
    "name": "Deadly\u0020red\u0020spider",
    "category": 384,
    "minimapdot": false,
    "level": 34,
    "actions": ["Attack"],
    "coordinates": [
      [
        2834,
        9580
      ],
      [
        2834,
        9584
      ],
      [
        2836,
        9576
      ],
      [
        2838,
        9582
      ],
      [
        2842,
        9583
      ]
    ],
    "models": [
      20309,
      20312
    ]
  },
  {
    "id": 2008,
    "name": "Lesser\u0020demon",
    "category": 275,
    "minimapdot": false,
    "level": 82,
    "actions": ["Attack"],
    "coordinates": [[
      2836,
      9558
    ]],
    "models": [
      17379,
      17395,
      17386,
      17388,
      17390
    ]
  },
  {
    "id": 2007,
    "name": "Lesser\u0020demon",
    "category": 275,
    "minimapdot": false,
    "level": 82,
    "actions": ["Attack"],
    "coordinates": [[
      2837,
      9565
    ]],
    "models": [
      17377,
      17393,
      17385,
      17388,
      17390
    ]
  },
  {
    "id": 2006,
    "name": "Lesser\u0020demon",
    "category": 275,
    "minimapdot": false,
    "level": 82,
    "actions": ["Attack"],
    "coordinates": [[
      2841,
      9559
    ]],
    "models": [
      17378,
      17396,
      17384,
      17388,
      17390
    ]
  },
  {
    "id": 2018,
    "name": "Lesser\u0020demon",
    "category": 275,
    "minimapdot": false,
    "level": 82,
    "actions": ["Attack"],
    "coordinates": [[
      2843,
      9557
    ]],
    "models": [
      17377,
      17395,
      17386,
      17388,
      17390
    ]
  },
  {
    "id": 70,
    "name": "Skeleton",
    "category": 257,
    "minimapdot": false,
    "level": 22,
    "actions": ["Attack"],
    "coordinates": [
      [
        2848,
        9581
      ],
      [
        2864,
        9568
      ]
    ],
    "models": [
      21175,
      21160,
      21157,
      21182,
      21201,
      21187
    ]
  },
  {
    "id": 71,
    "name": "Skeleton",
    "category": 257,
    "minimapdot": false,
    "level": 22,
    "actions": ["Attack"],
    "coordinates": [[
      2853,
      9573
    ]],
    "models": [
      21170,
      21178,
      21160,
      21158,
      21181,
      21188
    ]
  },
  {
    "id": 73,
    "name": "Skeleton",
    "category": 257,
    "minimapdot": false,
    "level": 22,
    "actions": ["Attack"],
    "coordinates": [[
      2859,
      9572
    ]],
    "models": [
      21169,
      21161,
      21157,
      21182,
      21201,
      21186
    ]
  },
  {
    "id": 72,
    "name": "Skeleton",
    "category": 257,
    "minimapdot": false,
    "level": 22,
    "actions": ["Attack"],
    "coordinates": [[
      2860,
      9577
    ]],
    "models": [
      21168,
      21177,
      21159,
      21156,
      21180,
      21188
    ]
  }
]