[
  {
    "id": 2051,
    "name": "Black\u0020demon",
    "category": 275,
    "minimapdot": false,
    "level": 172,
    "actions": ["Attack"],
    "coordinates": [
      [
        2826,
        9791
      ],
      [
        2842,
        9786
      ],
      [
        2858,
        9772
      ],
      [
        2871,
        9783
      ]
    ],
    "models": [
      17379,
      17396,
      17385,
      17400,
      17390
    ]
  },
  {
    "id": 2050,
    "name": "Black\u0020demon",
    "category": 275,
    "minimapdot": false,
    "level": 172,
    "actions": ["Attack"],
    "coordinates": [
      [
        2831,
        9790
      ],
      [
        2847,
        9784
      ],
      [
        2854,
        9781
      ],
      [
        2863,
        9769
      ],
      [
        2875,
        9776
      ]
    ],
    "models": [
      17378,
      17393,
      17387,
      17399,
      17390
    ]
  },
  {
    "id": 2048,
    "name": "Black\u0020demon",
    "category": 275,
    "minimapdot": false,
    "level": 172,
    "actions": ["Attack"],
    "coordinates": [
      [
        2837,
        9787
      ],
      [
        2849,
        9779
      ],
      [
        2853,
        9786
      ],
      [
        2862,
        9776
      ]
    ],
    "models": [
      17375,
      17391,
      17384,
      17399,
      17390
    ]
  },
  {
    "id": 64,
    "name": "Zombie",
    "category": 274,
    "minimapdot": false,
    "level": 25,
    "actions": ["Attack"],
    "coordinates": [[
      2842,
      9766
    ]],
    "models": [
      21104,
      21057,
      21037,
      21086,
      21113,
      21073,
      21133
    ]
  },
  {
    "id": 65,
    "name": "Zombie",
    "category": 274,
    "minimapdot": false,
    "level": 25,
    "actions": ["Attack"],
    "coordinates": [[
      2843,
      9761
    ]],
    "models": [
      21102,
      21058,
      21040,
      21087,
      21116,
      21073,
      21133
    ]
  },
  {
    "id": 67,
    "name": "Zombie",
    "category": 274,
    "minimapdot": false,
    "level": 25,
    "actions": ["Attack"],
    "coordinates": [[
      2846,
      9756
    ]],
    "models": [
      21003,
      20972,
      20953,
      20991,
      21015,
      20983,
      21030
    ]
  },
  {
    "id": 68,
    "name": "Zombie",
    "category": 274,
    "minimapdot": false,
    "level": 25,
    "actions": ["Attack"],
    "coordinates": [[
      2846,
      9760
    ]],
    "models": [
      21002,
      20973,
      20954,
      20992,
      21016,
      20984,
      21030
    ]
  },
  {
    "id": 66,
    "name": "Zombie",
    "category": 274,
    "minimapdot": false,
    "level": 25,
    "actions": ["Attack"],
    "coordinates": [[
      2849,
      9763
    ]],
    "models": [
      21105,
      21059,
      21041,
      21088,
      21117,
      21073,
      21133
    ]
  },
  {
    "id": 2049,
    "name": "Black\u0020demon",
    "category": 275,
    "minimapdot": false,
    "level": 172,
    "actions": ["Attack"],
    "coordinates": [
      [
        2849,
        9791
      ],
      [
        2860,
        9763
      ],
      [
        2860,
        9781
      ],
      [
        2869,
        9776
      ]
    ],
    "models": [
      17377,
      17392,
      17386,
      17400,
      17390
    ]
  },
  {
    "id": 2052,
    "name": "Black\u0020demon",
    "category": 275,
    "minimapdot": false,
    "level": 172,
    "actions": ["Attack"],
    "coordinates": [
      [
        2854,
        9776
      ],
      [
        2866,
        9783
      ]
    ],
    "models": [
      17375,
      17395,
      17385,
      17399,
      17390
    ]
  },
  {
    "id": 2028,
    "name": "Greater\u0020demon",
    "category": 275,
    "minimapdot": false,
    "level": 92,
    "actions": ["Attack"],
    "coordinates": [[
      2861,
      9747
    ]],
    "models": [
      17379,
      17395,
      17386,
      17399,
      17390
    ]
  },
  {
    "id": 2026,
    "name": "Greater\u0020demon",
    "category": 275,
    "minimapdot": false,
    "level": 92,
    "actions": ["Attack"],
    "coordinates": [[
      2862,
      9751
    ]],
    "models": [
      17377,
      17393,
      17385,
      17399,
      17390
    ]
  }
]