[
  {
    "id": 79,
    "name": "Skeleton",
    "category": 257,
    "minimapdot": false,
    "level": 25,
    "actions": ["Attack"],
    "coordinates": [
      [
        2830,
        9657
      ],
      [
        2840,
        9649
      ]
    ],
    "models": [
      21175,
      21179,
      21161,
      21156,
      21181,
      21205,
      21187
    ]
  },
  {
    "id": 77,
    "name": "Skeleton",
    "category": 257,
    "minimapdot": false,
    "level": 25,
    "actions": ["Attack"],
    "coordinates": [
      [
        2832,
        9661
      ],
      [
        2834,
        9650
      ]
    ],
    "models": [
      21170,
      21178,
      21159,
      21156,
      21180,
      21202,
      21187
    ]
  },
  {
    "id": 80,
    "name": "Skeleton",
    "category": 257,
    "minimapdot": false,
    "level": 25,
    "actions": ["Attack"],
    "coordinates": [[
      2834,
      9655
    ]],
    "models": [
      21174,
      21179,
      21161,
      21156,
      21182,
      21199,
      21186
    ]
  },
  {
    "id": 78,
    "name": "Skeleton",
    "category": 257,
    "minimapdot": false,
    "level": 25,
    "actions": ["Attack"],
    "coordinates": [[
      2834,
      9658
    ]],
    "models": [
      21173,
      21179,
      21160,
      21156,
      21182,
      21200,
      21186
    ]
  },
  {
    "id": 2005,
    "name": "Lesser\u0020demon",
    "category": 275,
    "minimapdot": false,
    "level": 82,
    "actions": ["Attack"],
    "coordinates": [[
      2835,
      9602
    ]],
    "models": [
      17375,
      17391,
      17384,
      17388,
      17390
    ]
  },
  {
    "id": 2018,
    "name": "Lesser\u0020demon",
    "category": 275,
    "minimapdot": false,
    "level": 82,
    "actions": ["Attack"],
    "coordinates": [[
      2837,
      9623
    ]],
    "models": [
      17377,
      17395,
      17386,
      17388,
      17390
    ]
  },
  {
    "id": 2007,
    "name": "Lesser\u0020demon",
    "category": 275,
    "minimapdot": false,
    "level": 82,
    "actions": ["Attack"],
    "coordinates": [[
      2838,
      9610
    ]],
    "models": [
      17377,
      17393,
      17385,
      17388,
      17390
    ]
  },
  {
    "id": 81,
    "name": "Skeleton",
    "category": 257,
    "minimapdot": false,
    "level": 25,
    "actions": ["Attack"],
    "coordinates": [[
      2838,
      9653
    ]],
    "models": [
      21169,
      21161,
      21157,
      21181,
      21204,
      21188
    ]
  },
  {
    "id": 2006,
    "name": "Lesser\u0020demon",
    "category": 275,
    "minimapdot": false,
    "level": 82,
    "actions": ["Attack"],
    "coordinates": [[
      2839,
      9604
    ]],
    "models": [
      17378,
      17396,
      17384,
      17388,
      17390
    ]
  },
  {
    "id": 83,
    "name": "Skeleton",
    "category": 257,
    "minimapdot": false,
    "level": 45,
    "actions": ["Attack"],
    "coordinates": [
      [
        2840,
        9628
      ],
      [
        2841,
        9643
      ],
      [
        2845,
        9636
      ]
    ],
    "models": [21166]
  },
  {
    "id": 82,
    "name": "Skeleton",
    "category": 257,
    "minimapdot": false,
    "level": 45,
    "actions": ["Attack"],
    "coordinates": [
      [
        2840,
        9638
      ],
      [
        2842,
        9632
      ],
      [
        2843,
        9645
      ],
      [
        2844,
        9628
      ]
    ],
    "models": [21165]
  },
  {
    "id": 2008,
    "name": "Lesser\u0020demon",
    "category": 275,
    "minimapdot": false,
    "level": 82,
    "actions": ["Attack"],
    "coordinates": [[
      2845,
      9612
    ]],
    "models": [
      17379,
      17395,
      17386,
      17388,
      17390
    ]
  },
  {
    "id": 816,
    "name": "Elvarg",
    "category": 347,
    "minimapdot": false,
    "level": 83,
    "actions": [[
      2852,
      9637
    ]],
    "coordinates": [[
      2852,
      9637
    ]],
    "models": []
  },
  {
    "id": 7326,
    "name": "Dallas\u0020Jones",
    "category": -1,
    "minimapdot": false,
    "level": 1,
    "actions": [[
      2857,
      9645
    ]],
    "coordinates": [[
      2857,
      9645
    ]],
    "models": []
  },
  {
    "id": 2854,
    "name": "Rat",
    "category": 262,
    "minimapdot": false,
    "level": 1,
    "actions": ["Attack"],
    "coordinates": [
      [
        2860,
        9635
      ],
      [
        2862,
        9638
      ]
    ],
    "models": [9610]
  }
]