[
  {
    "id": 2841,
    "name": "Ice\u0020warrior",
    "category": 466,
    "minimapdot": false,
    "level": 57,
    "actions": ["Attack"],
    "coordinates": [
      [
        2822,
        9901
      ],
      [
        2836,
        9905
      ],
      [
        2838,
        9917
      ],
      [
        2847,
        9919
      ],
      [
        2848,
        9912
      ]
    ],
    "models": [
      213,
      306,
      164,
      176,
      268,
      184,
      511
    ]
  },
  {
    "id": 292,
    "name": "Dwarf",
    "category": 352,
    "minimapdot": false,
    "level": 20,
    "actions": ["Attack"],
    "coordinates": [
      [
        2860,
        9874
      ],
      [
        2860,
        9877
      ],
      [
        2862,
        9874
      ],
      [
        2862,
        9877
      ],
      [
        2867,
        9879
      ],
      [
        2868,
        9874
      ],
      [
        2869,
        9879
      ],
      [
        2870,
        9874
      ]
    ],
    "models": [
      2970,
      2980,
      2978,
      2984,
      2985,
      2993
    ]
  },
  {
    "id": 4895,
    "name": "Khorvak\u002C\u0020a\u0020dwarven\u0020engineer",
    "category": -1,
    "minimapdot": false,
    "level": 0,
    "actions": ["Talk-to"],
    "coordinates": [[
      2864,
      9876
    ]],
    "models": [
      2972,
      2980,
      2979,
      2983,
      2985,
      2992
    ]
  },
  {
    "id": 2784,
    "name": "Holoy",
    "category": -1,
    "minimapdot": false,
    "level": 0,
    "actions": [
      "Talk-to",
      "Trade"
    ],
    "coordinates": [[
      2865,
      9871
    ]],
    "models": [
      16947,
      16948,
      16946,
      7046,
      2985
    ]
  },
  {
    "id": 6254,
    "name": "Rohak",
    "category": -1,
    "minimapdot": false,
    "level": 1,
    "actions": [[
      2865,
      9876
    ]],
    "coordinates": [[
      2865,
      9876
    ]],
    "models": []
  },
  {
    "id": 6255,
    "name": "Rohak",
    "category": -1,
    "minimapdot": false,
    "level": 1,
    "actions": [[
      2865,
      9877
    ]],
    "coordinates": [[
      2865,
      9877
    ]],
    "models": []
  },
  {
    "id": 2569,
    "name": "Captain\u0020Ninto",
    "category": -1,
    "minimapdot": false,
    "level": 0,
    "actions": ["Talk-to"],
    "coordinates": [[
      2869,
      9877
    ]],
    "models": [
      2908,
      2909,
      2922
    ]
  },
  {
    "id": 3022,
    "name": "Ice\u0020spider",
    "category": 384,
    "minimapdot": false,
    "level": 61,
    "actions": ["Attack"],
    "coordinates": [[
      2869,
      9912
    ]],
    "models": [
      20303,
      20304
    ]
  },
  {
    "id": 2390,
    "name": "Cart\u0020conductor",
    "category": -1,
    "minimapdot": false,
    "level": 0,
    "actions": [
      "Talk-to",
      "Tickets"
    ],
    "coordinates": [[
      2874,
      9872
    ]],
    "models": [
      2973,
      6019,
      7063,
      2978,
      2992,
      7045,
      2985
    ]
  }
]