[
  {
    "id": 5362,
    "name": "Obli",
    "category": -1,
    "minimapdot": false,
    "level": 0,
    "actions": [
      "Talk-to",
      "Trade"
    ],
    "coordinates": [[
      2824,
      2959
    ]],
    "models": [
      223,
      247,
      302,
      170,
      176,
      274,
      181
    ]
  },
  {
    "id": 5357,
    "name": "Vigroy",
    "category": -1,
    "minimapdot": false,
    "level": 0,
    "actions": [
      "Talk-to",
      "Pay-fare"
    ],
    "coordinates": [[
      2834,
      2954
    ]],
    "models": [
      230,
      247,
      295,
      150,
      179,
      274,
      185
    ]
  },
  {
    "id": 5361,
    "name": "Yanni\u0020Salika",
    "category": -1,
    "minimapdot": false,
    "level": 0,
    "actions": ["Talk-to"],
    "coordinates": [[
      2835,
      2985
    ]],
    "models": [
      215,
      249,
      292,
      167,
      176,
      267,
      181
    ]
  },
  {
    "id": 3093,
    "name": "Banker",
    "category": 250,
    "minimapdot": false,
    "level": 0,
    "actions": [
      "Talk-to",
      "Bank",
      "Collect"
    ],
    "coordinates": [
      [
        2851,
        2954
      ],
      [
        2853,
        2955
      ]
    ],
    "models": [
      206,
      246,
      292,
      162,
      176,
      271,
      181,
      320
    ]
  },
  {
    "id": 1515,
    "name": "Rod\u0020Fishing\u0020spot",
    "category": 280,
    "minimapdot": false,
    "level": 0,
    "actions": [
      "Lure",
      "Bait"
    ],
    "coordinates": [
      [
        2855,
        2974
      ],
      [
        2855,
        2977
      ],
      [
        2856,
        2974
      ]
    ],
    "models": [1491]
  },
  {
    "id": 5359,
    "name": "Yohnus",
    "category": -1,
    "minimapdot": false,
    "level": 0,
    "actions": [
      "Talk\u0020to",
      "Coffer"
    ],
    "coordinates": [[
      2857,
      2963
    ]],
    "models": [
      214,
      251,
      305,
      173,
      176,
      274,
      181
    ]
  },
  {
    "id": 5349,
    "name": "Undead\u0020one",
    "category": 274,
    "minimapdot": false,
    "level": 73,
    "actions": ["Attack"],
    "coordinates": [
      [
        2870,
        2954
      ],
      [
        2876,
        2947
      ]
    ],
    "models": [
      21109,
      21065,
      21047,
      21094,
      21123,
      21079,
      21135
    ]
  },
  {
    "id": 5363,
    "name": "Fernahei",
    "category": -1,
    "minimapdot": false,
    "level": 0,
    "actions": [
      "Talk-to",
      "Trade"
    ],
    "coordinates": [[
      2870,
      2972
    ]],
    "models": [
      203,
      248,
      311,
      167,
      176,
      267,
      181
    ]
  },
  {
    "id": 5346,
    "name": "Undead\u0020one",
    "category": 274,
    "minimapdot": false,
    "level": 68,
    "actions": ["Attack"],
    "coordinates": [
      [
        2871,
        2951
      ],
      [
        2876,
        2957
      ]
    ],
    "models": [
      21108,
      21064,
      21046,
      21093,
      21122,
      21078,
      21140
    ]
  },
  {
    "id": 5347,
    "name": "Undead\u0020one",
    "category": 274,
    "minimapdot": false,
    "level": 68,
    "actions": ["Attack"],
    "coordinates": [
      [
        2872,
        2954
      ],
      [
        2876,
        2951
      ]
    ],
    "models": [
      21001,
      20978,
      20951,
      20989,
      21013,
      20981,
      21036
    ]
  },
  {
    "id": 5351,
    "name": "Undead\u0020one",
    "category": 274,
    "minimapdot": false,
    "level": 73,
    "actions": ["Attack"],
    "coordinates": [[
      2873,
      2951
    ]],
    "models": [
      21008,
      20980,
      20952,
      20997,
      21022,
      20987,
      21032
    ]
  },
  {
    "id": 5348,
    "name": "Undead\u0020one",
    "category": 274,
    "minimapdot": false,
    "level": 68,
    "actions": ["Attack"],
    "coordinates": [[
      2876,
      2955
    ]],
    "models": [
      21007,
      20979,
      20952,
      20996,
      21013,
      20987,
      21036
    ]
  },
  {
    "id": 5350,
    "name": "Undead\u0020one",
    "category": 274,
    "minimapdot": false,
    "level": 73,
    "actions": ["Attack"],
    "coordinates": [[
      2877,
      2959
    ]],
    "models": [
      21110,
      21066,
      21048,
      21095,
      21124,
      21080,
      21131
    ]
  }
]