[
  {
    "id": 1971,
    "name": "Troll\u0020father",
    "category": -1,
    "minimapdot": false,
    "level": 1,
    "actions": [[
      2835,
      3740
    ]],
    "coordinates": [[
      2835,
      3740
    ]],
    "models": []
  },
  {
    "id": 1968,
    "name": "Troll\u0020child",
    "category": -1,
    "minimapdot": false,
    "level": 0,
    "actions": [[
      2836,
      3740
    ]],
    "coordinates": [[
      2836,
      3740
    ]],
    "models": []
  },
  {
    "id": 1972,
    "name": "Troll\u0020mother",
    "category": -1,
    "minimapdot": false,
    "level": 1,
    "actions": [[
      2837,
      3740
    ]],
    "coordinates": [[
      2837,
      3740
    ]],
    "models": []
  },
  {
    "id": 698,
    "name": "Ice\u0020troll",
    "category": 309,
    "minimapdot": false,
    "level": 0,
    "actions": ["Talk-to"],
    "coordinates": [[
      2841,
      3738
    ]],
    "models": [
      4942,
      3758,
      3756,
      3762,
      4948
    ]
  },
  {
    "id": 701,
    "name": "Ice\u0020troll",
    "category": 312,
    "minimapdot": false,
    "level": 120,
    "actions": ["Attack"],
    "coordinates": [
      [
        2849,
        3735
      ],
      [
        2853,
        3731
      ],
      [
        2859,
        3728
      ]
    ],
    "models": [
      4942,
      3758,
      3756,
      3762,
      4948
    ]
  },
  {
    "id": 700,
    "name": "Ice\u0020troll",
    "category": 312,
    "minimapdot": false,
    "level": 123,
    "actions": ["Attack"],
    "coordinates": [
      [
        2850,
        3732
      ],
      [
        2857,
        3726
      ],
      [
        2865,
        3729
      ]
    ],
    "models": [
      3753,
      3759,
      3755,
      4949
    ]
  },
  {
    "id": 699,
    "name": "Ice\u0020troll",
    "category": 312,
    "minimapdot": false,
    "level": 124,
    "actions": ["Attack"],
    "coordinates": [
      [
        2852,
        3735
      ],
      [
        2855,
        3729
      ],
      [
        2861,
        3725
      ]
    ],
    "models": [
      4942,
      4943,
      3756,
      3762
    ]
  },
  {
    "id": 703,
    "name": "Ice\u0020troll",
    "category": 312,
    "minimapdot": false,
    "level": 120,
    "actions": ["Attack"],
    "coordinates": [
      [
        2853,
        3728
      ],
      [
        2856,
        3732
      ],
      [
        2863,
        3720
      ]
    ],
    "models": [
      4942,
      4943,
      3756,
      3762,
      4948
    ]
  },
  {
    "id": 704,
    "name": "Ice\u0020troll",
    "category": 312,
    "minimapdot": false,
    "level": 120,
    "actions": ["Attack"],
    "coordinates": [
      [
        2854,
        3725
      ],
      [
        2862,
        3728
      ],
      [
        2862,
        3731
      ]
    ],
    "models": [
      3754,
      3758,
      3755,
      4949
    ]
  },
  {
    "id": 705,
    "name": "Ice\u0020troll",
    "category": 312,
    "minimapdot": false,
    "level": 121,
    "actions": ["Attack"],
    "coordinates": [
      [
        2855,
        3735
      ],
      [
        2858,
        3730
      ],
      [
        2865,
        3726
      ]
    ],
    "models": [
      4942,
      4943,
      3755,
      3762
    ]
  },
  {
    "id": 702,
    "name": "Ice\u0020troll",
    "category": 312,
    "minimapdot": false,
    "level": 121,
    "actions": ["Attack"],
    "coordinates": [
      [
        2856,
        3728
      ],
      [
        2862,
        3722
      ],
      [
        2864,
        3723
      ]
    ],
    "models": [
      4942,
      4943,
      3755,
      3763
    ]
  }
]