[
  {
    "id": 2086,
    "name": "Ice\u0020giant",
    "category": 346,
    "minimapdot": false,
    "level": 53,
    "actions": ["Attack"],
    "coordinates": [[
      2817,
      3514
    ]],
    "models": [
      17454,
      17442,
      17460
    ]
  },
  {
    "id": 502,
    "name": "Vanessa",
    "category": 418,
    "minimapdot": false,
    "level": 0,
    "actions": [
      "Talk-to",
      "Trade"
    ],
    "coordinates": [[
      2820,
      3463
    ]],
    "models": [
      387,
      467,
      348,
      353,
      421,
      7366
    ]
  },
  {
    "id": 4078,
    "name": "Vestri",
    "category": 550,
    "minimapdot": false,
    "level": 0,
    "actions": ["Talk-to"],
    "coordinates": [[
      2820,
      3487
    ]],
    "models": [
      2970,
      2984,
      2978,
      2990,
      2980,
      2985
    ]
  },
  {
    "id": 2087,
    "name": "Ice\u0020giant",
    "category": 346,
    "minimapdot": false,
    "level": 53,
    "actions": ["Attack"],
    "coordinates": [[
      2824,
      3510
    ]],
    "models": [
      17453,
      17443,
      17460
    ]
  },
  {
    "id": 108,
    "name": "White\u0020wolf",
    "category": 310,
    "minimapdot": false,
    "level": 38,
    "actions": ["Attack"],
    "coordinates": [
      [
        2831,
        3515
      ],
      [
        2833,
        3513
      ],
      [
        2848,
        3487
      ],
      [
        2850,
        3484
      ],
      [
        2854,
        3509
      ],
      [
        2856,
        3508
      ]
    ],
    "models": [26266]
  },
  {
    "id": 110,
    "name": "Wolf",
    "category": 310,
    "minimapdot": false,
    "level": 25,
    "actions": ["Attack"],
    "coordinates": [
      [
        2836,
        3495
      ],
      [
        2837,
        3499
      ],
      [
        2839,
        3502
      ],
      [
        2839,
        3506
      ],
      [
        2842,
        3504
      ],
      [
        2844,
        3507
      ]
    ],
    "models": [26266]
  },
  {
    "id": 109,
    "name": "Big\u0020Wolf",
    "category": 310,
    "minimapdot": false,
    "level": 73,
    "actions": ["Attack"],
    "coordinates": [[
      2840,
      3497
    ]],
    "models": [26264]
  },
  {
    "id": 107,
    "name": "White\u0020wolf",
    "category": 310,
    "minimapdot": false,
    "level": 25,
    "actions": ["Attack"],
    "coordinates": [
      [
        2846,
        3477
      ],
      [
        2847,
        3474
      ],
      [
        2860,
        3492
      ],
      [
        2866,
        3498
      ]
    ],
    "models": [26266]
  },
  {
    "id": 6090,
    "name": "Captain\u0020Bleemadge",
    "category": -1,
    "minimapdot": false,
    "level": 0,
    "actions": [[
      2847,
      3499
    ]],
    "coordinates": [[
      2847,
      3499
    ]],
    "models": []
  },
  {
    "id": 2841,
    "name": "Ice\u0020warrior",
    "category": 466,
    "minimapdot": false,
    "level": 57,
    "actions": ["Attack"],
    "coordinates": [
      [
        2847,
        3514
      ],
      [
        2850,
        3512
      ]
    ],
    "models": [
      213,
      306,
      164,
      176,
      268,
      184,
      511
    ]
  },
  {
    "id": 6274,
    "name": "Grimgnash",
    "category": -1,
    "minimapdot": false,
    "level": 0,
    "actions": [[
      2861,
      3510
    ]],
    "coordinates": [[
      2861,
      3510
    ]],
    "models": []
  },
  {
    "id": 4077,
    "name": "Austri",
    "category": 550,
    "minimapdot": false,
    "level": 0,
    "actions": ["Talk-to"],
    "coordinates": [[
      2877,
      3483
    ]],
    "models": [
      2970,
      2984,
      2978,
      2990,
      2980,
      2985
    ]
  }
]