[
  {
    "id": 4116,
    "name": "Billy",
    "category": -1,
    "minimapdot": false,
    "level": 0,
    "actions": [[
      2816,
      3559
    ]],
    "coordinates": [[
      2816,
      3559
    ]],
    "models": [
      20273,
      20281,
      20277
    ]
  },
  {
    "id": 1175,
    "name": "Rooster",
    "category": 444,
    "minimapdot": false,
    "level": 3,
    "actions": ["Attack"],
    "coordinates": [[
      2816,
      3560
    ]],
    "models": [23905]
  },
  {
    "id": 1173,
    "name": "Chicken",
    "category": 444,
    "minimapdot": false,
    "level": 1,
    "actions": ["Attack"],
    "coordinates": [
      [
        2816,
        3561
      ],
      [
        2819,
        3561
      ]
    ],
    "models": [23905]
  },
  {
    "id": 1174,
    "name": "Chicken",
    "category": 444,
    "minimapdot": false,
    "level": 1,
    "actions": ["Attack"],
    "coordinates": [
      [
        2818,
        3559
      ],
      [
        2819,
        3562
      ]
    ],
    "models": [23905]
  },
  {
    "id": 4094,
    "name": "Tenzing",
    "category": -1,
    "minimapdot": false,
    "level": 0,
    "actions": ["Talk-to"],
    "coordinates": [[
      2820,
      3556
    ]],
    "models": [
      230,
      253,
      292,
      162,
      179,
      274,
      3704,
      3706,
      3707,
      3711
    ]
  },
  {
    "id": 2472,
    "name": "Jade",
    "category": 249,
    "minimapdot": false,
    "level": 0,
    "actions": [
      "Talk-to",
      "Bank",
      "Collect"
    ],
    "coordinates": [[
      2841,
      3543
    ]],
    "models": [
      408,
      418,
      15320,
      343,
      10706,
      435
    ]
  },
  {
    "id": 2469,
    "name": "Lidio",
    "category": -1,
    "minimapdot": false,
    "level": 0,
    "actions": [
      "Talk-to",
      "Trade"
    ],
    "coordinates": [[
      2842,
      3551
    ]],
    "models": [
      14174,
      215,
      10561,
      302,
      170,
      10218,
      12750,
      181
    ]
  },
  {
    "id": 2470,
    "name": "Lilly",
    "category": -1,
    "minimapdot": false,
    "level": 0,
    "actions": [
      "Talk-to",
      "Trade"
    ],
    "coordinates": [[
      2845,
      3553
    ]],
    "models": [
      399,
      470,
      15321,
      332,
      10706,
      433,
      361
    ]
  },
  {
    "id": 2460,
    "name": "Ajjat",
    "category": -1,
    "minimapdot": false,
    "level": 0,
    "actions": [
      "Talk-to",
      "Claim-Tokens"
    ],
    "coordinates": [[
      2851,
      3553
    ]],
    "models": [
      217,
      10304,
      3379,
      8233,
      10298,
      15411,
      15414,
      268,
      15410,
      15318,
      18919
    ]
  },
  {
    "id": 2462,
    "name": "Shanomi",
    "category": -1,
    "minimapdot": false,
    "level": 0,
    "actions": [
      "Talk-to",
      "Claim-Tokens"
    ],
    "coordinates": [[
      2854,
      3541
    ]],
    "models": [
      208,
      250,
      306,
      4604,
      15302,
      176,
      10318,
      15313,
      185
    ]
  },
  {
    "id": 2458,
    "name": "Harrallak\u0020Menarous",
    "category": -1,
    "minimapdot": false,
    "level": 0,
    "actions": ["Talk-to"],
    "coordinates": [[
      2866,
      3546
    ]],
    "models": [
      220,
      9620,
      15305,
      14187,
      162,
      179,
      5218,
      15415
    ]
  },
  {
    "id": 2457,
    "name": "Ghommal",
    "category": -1,
    "minimapdot": false,
    "level": 0,
    "actions": ["Talk-to"],
    "coordinates": [[
      2877,
      3546
    ]],
    "models": [
      230,
      253,
      15315,
      11764,
      11727,
      11731,
      266,
      4954
    ]
  }
]