[
  {
    "id": 757,
    "name": "Tool\u0020Leprechaun",
    "category": 236,
    "minimapdot": false,
    "level": 0,
    "actions": [
      "Talk-to",
      "Exchange",
      "Trade"
    ],
    "coordinates": [[
      2826,
      3685
    ]],
    "models": [
      17004,
      19107,
      19106,
      19108
    ]
  },
  {
    "id": 740,
    "name": "My\u0020Arm",
    "category": 309,
    "minimapdot": false,
    "level": 0,
    "actions": [[
      2830,
      3697
    ]],
    "coordinates": [[
      2830,
      3697
    ]],
    "models": []
  },
  {
    "id": 8412,
    "name": "My\u0020Arm",
    "category": 309,
    "minimapdot": false,
    "level": 0,
    "actions": [[
      2830,
      3698
    ]],
    "coordinates": [[
      2830,
      3698
    ]],
    "models": []
  },
  {
    "id": 8420,
    "name": "Drunken\u0020Dwarf's\u0020Leg",
    "category": -1,
    "minimapdot": false,
    "level": 0,
    "actions": [[
      2831,
      3697
    ]],
    "coordinates": [[
      2831,
      3697
    ]],
    "models": []
  },
  {
    "id": 761,
    "name": "Drunken\u0020Dwarf's\u0020Leg",
    "category": -1,
    "minimapdot": false,
    "level": 1,
    "actions": [[
      2841,
      3691
    ]],
    "coordinates": [[
      2841,
      3691
    ]],
    "models": []
  },
  {
    "id": 937,
    "name": "Mountain\u0020troll",
    "category": 309,
    "minimapdot": false,
    "level": 69,
    "actions": ["Attack"],
    "coordinates": [
      [
        2843,
        3675
      ],
      [
        2850,
        3682
      ]
    ],
    "models": [
      3753,
      3759,
      3755,
      3763
    ]
  },
  {
    "id": 942,
    "name": "Mountain\u0020troll",
    "category": 309,
    "minimapdot": false,
    "level": 69,
    "actions": ["Attack"],
    "coordinates": [[
      2843,
      3682
    ]],
    "models": [
      3753,
      3759,
      3755,
      3762
    ]
  },
  {
    "id": 941,
    "name": "Mountain\u0020troll",
    "category": 309,
    "minimapdot": false,
    "level": 69,
    "actions": ["Attack"],
    "coordinates": [[
      2845,
      3684
    ]],
    "models": [
      3754,
      3758,
      3755,
      3763
    ]
  },
  {
    "id": 939,
    "name": "Mountain\u0020troll",
    "category": 309,
    "minimapdot": false,
    "level": 69,
    "actions": ["Attack"],
    "coordinates": [[
      2847,
      3676
    ]],
    "models": [
      3753,
      3758,
      3755,
      3763
    ]
  },
  {
    "id": 940,
    "name": "Mountain\u0020troll",
    "category": 309,
    "minimapdot": false,
    "level": 69,
    "actions": ["Attack"],
    "coordinates": [[
      2850,
      3673
    ]],
    "models": [
      3753,
      3759,
      3756,
      3762,
      3766
    ]
  },
  {
    "id": 938,
    "name": "Mountain\u0020troll",
    "category": 309,
    "minimapdot": false,
    "level": 69,
    "actions": ["Attack"],
    "coordinates": [[
      2852,
      3677
    ]],
    "models": [
      3753,
      3758,
      3756,
      3762,
      3766
    ]
  },
  {
    "id": 4144,
    "name": "Mushroom",
    "category": 566,
    "minimapdot": false,
    "level": 0,
    "actions": [[
      2854,
      3689
    ]],
    "coordinates": [[
      2854,
      3689
    ]],
    "models": [
      3754,
      3758,
      3756,
      3769
    ]
  },
  {
    "id": 936,
    "name": "Mountain\u0020troll",
    "category": 309,
    "minimapdot": false,
    "level": 69,
    "actions": ["Attack"],
    "coordinates": [[
      2856,
      3683
    ]],
    "models": [
      3753,
      3758,
      3756,
      3762
    ]
  }
]