[
  {"id":5817,"name":"Iceberg","level":"0","category":0,"minimapdot":false,"actions":[],"size":[1,1,87],"coordinates":[[7172,34688],[7172,34572],[7176,34608],[7176,34572],[7184,34628],[7192,34680],[7196,34708],[7196,34608],[7212,34724],[7216,34708],[7216,34640],[7216,34588],[7220,34588],[7228,34568],[7240,34636],[7248,34608],[7248,34572],[7256,34580],[7264,34604],[7268,34568],[7272,34596],[7284,34564],[7392,34560]],"colors":[16316664,15724012,14868691,14539193,14666912]},
  {"id":5818,"name":"Iceberg","level":"0","category":0,"minimapdot":false,"actions":[],"size":[2,2,139],"coordinates":[[7172,34680],[7180,34568],[7188,34620],[7200,34672],[7204,34712],[7216,34580],[7224,34640],[7252,34608],[7252,34576],[7364,34560]],"colors":[16316664,15724012,14868691,14539193,14666912]},
  {"id":8422,"name":"Squirrel","level":"0","category":1402,"minimapdot":true,"actions":[],"size":[1,1,53],"coordinates":[[7256,34780],[7284,34724],[7312,34624],[7332,34764],[7416,34612]],"colors":[10462377,12304836,12042961,7829374,7567289,4205136,11185077]},
  {"id":4145,"name":"Mountain goat","level":"0","category":0,"minimapdot":true,"actions":[],"size":[1,1,95],"coordinates":[[7256,34736],[7264,34780],[7276,34768],[7280,34676],[7292,34636],[7296,34768],[7296,34620],[7348,34772],[7380,34764],[7388,34600],[7416,34624]],"colors":[2763309,4938343,4214361,5924205,10731205,11388363,9480880,8691873,4020837,2969177,8494237,9480880,10467776,65536,2136772,7040129,9348780,10205117,12045521]},
  {"id":8443,"name":"null","level":"0","category":1282,"minimapdot":true,"actions":["Talk-to"],"size":[2,2,0],"coordinates":[[7288,34692]],"colors":[]},
  {"id":713,"name":"Ice wolf","level":"132","category":310,"minimapdot":true,"actions":["Attack"],"size":[2,2,133],"coordinates":[[7296,34744],[7296,34724],[7304,34736],[7312,34744],[7312,34724]],"colors":[12305348,10661036,11516346,9871263,13752023,14475488,4934480,11911306,3885937,6381927,12308179]},
  {"id":8406,"name":"null","level":"0","category":236,"minimapdot":true,"actions":[],"size":[1,1,0],"coordinates":[[7296,34708]],"colors":[]},
  {"id":8454,"name":"Yellow Snow","level":"0","category":1282,"minimapdot":true,"actions":["Talk-to"],"size":[2,2,333],"coordinates":[[7308,34696]],"colors":[14868446,14275795,9802875,10592388,9998446,9274470,14868190,15460584,15855599,14275539,9539703,12234678,65536,9408664,8947856,10982578,11837376,10143696,11708335,8421769]},
  {"id":8450,"name":"Pebble","level":"0","category":1282,"minimapdot":true,"actions":["Talk-to"],"size":[2,2,333],"coordinates":[[7336,34704]],"colors":[14868446,14275795,9802875,10592388,9998446,9274470,14868190,15460584,15855599,14275539,9539703,12234678,65536,9408664,8947856,10982578,11837376,10143696,11708335,8421769]},
  {"id":8466,"name":"null","level":"0","category":1282,"minimapdot":true,"actions":[],"size":[2,2,0],"coordinates":[[7336,34684]],"colors":[]},
  {"id":8458,"name":"null","level":"0","category":1282,"minimapdot":true,"actions":[],"size":[2,2,0],"coordinates":[[7340,34692]],"colors":[]},
  {"id":8469,"name":"null","level":"0","category":922,"minimapdot":true,"actions":[],"size":[3,3,0],"coordinates":[[7360,34648]],"colors":[]},
  {"id":5554,"name":"Snowy knight","level":"0","category":0,"minimapdot":false,"actions":["Catch"],"size":[1,1,189],"coordinates":[[7360,34600],[7372,34612],[7384,34608],[7400,34620]],"colors":[5664393,15323585,16316664,16565139]},
  {"id":8468,"name":"null","level":"0","category":922,"minimapdot":true,"actions":[],"size":[2,2,0],"coordinates":[[7364,34644]],"colors":[]},
  {"id":8441,"name":"null","level":"0","category":922,"minimapdot":true,"actions":[],"size":[3,3,0],"coordinates":[[7376,34692]],"colors":[]},
  {"id":8462,"name":"null","level":"0","category":1282,"minimapdot":true,"actions":[],"size":[2,2,0],"coordinates":[[7380,34720]],"colors":[]},
  {"id":8465,"name":"null","level":"0","category":1284,"minimapdot":true,"actions":[],"size":[2,2,0],"coordinates":[[7384,34648]],"colors":[]},
  {"id":8477,"name":"null","level":"0","category":922,"minimapdot":true,"actions":[],"size":[3,3,0],"coordinates":[[7388,34704]],"colors":[]},
  {"id":8427,"name":"null","level":"0","category":922,"minimapdot":true,"actions":[],"size":[3,3,0],"coordinates":[[7388,34692]],"colors":[]},
  {"id":8457,"name":"null","level":"0","category":1284,"minimapdot":true,"actions":[],"size":[2,2,0],"coordinates":[[7388,34656]],"colors":[]},
  {"id":8433,"name":"null","level":"0","category":922,"minimapdot":true,"actions":[],"size":[1,1,0],"coordinates":[[7392,34692]],"colors":[]},
  {"id":8415,"name":"null","level":"0","category":309,"minimapdot":true,"actions":[],"size":[1,1,0],"coordinates":[[7392,34684]],"colors":[]},
  {"id":8461,"name":"null","level":"0","category":1284,"minimapdot":true,"actions":[],"size":[2,2,0],"coordinates":[[7392,34652]],"colors":[]},
  {"id":8408,"name":"null","level":"0","category":0,"minimapdot":true,"actions":[],"size":[1,1,0],"coordinates":[[7396,34684]],"colors":[]},
  {"id":8417,"name":"null","level":"0","category":922,"minimapdot":true,"actions":[],"size":[1,1,0],"coordinates":[[7400,34692]],"colors":[]},
  {"id":8436,"name":"null","level":"0","category":922,"minimapdot":true,"actions":[],"size":[2,2,0],"coordinates":[[7404,34688]],"colors":[]},
  {"id":8452,"name":"Goat Poo","level":"0","category":1282,"minimapdot":true,"actions":["Talk-to"],"size":[2,2,351],"coordinates":[[7408,34720]],"colors":[65536,14868190,14275539,15460584,15855599,10788488,11709588,11380604,10327937,11906946,9408664,8947856,10982578,11837376,10143696,12234678,11708335,8421769]},
  {"id":8416,"name":"null","level":"0","category":309,"minimapdot":true,"actions":[],"size":[1,1,0],"coordinates":[[7412,34640]],"colors":[]},
  {"id":8432,"name":"null","level":"0","category":0,"minimapdot":true,"actions":[],"size":[1,1,0],"coordinates":[[7416,34636]],"colors":[]},
  {"id":8437,"name":"null","level":"0","category":922,"minimapdot":true,"actions":[],"size":[2,2,0],"coordinates":[[7420,34644]],"colors":[]}
]