[
  {
    "id": 5818,
    "name": "Iceberg",
    "category": -1,
    "minimapdot": false,
    "level": 0,
    "actions": [
      [
        2820,
        3985
      ],
      [
        2826,
        4004
      ],
      [
        2829,
        3975
      ],
      [
        2833,
        3992
      ],
      [
        2839,
        3971
      ],
      [
        2845,
        3984
      ],
      [
        2845,
        4006
      ],
      [
        2852,
        3980
      ],
      [
        2858,
        3993
      ],
      [
        2861,
        3979
      ],
      [
        2869,
        3993
      ],
      [
        2878,
        3979
      ]
    ],
    "coordinates": [
      [
        2820,
        3985
      ],
      [
        2826,
        4004
      ],
      [
        2829,
        3975
      ],
      [
        2833,
        3992
      ],
      [
        2839,
        3971
      ],
      [
        2845,
        3984
      ],
      [
        2845,
        4006
      ],
      [
        2852,
        3980
      ],
      [
        2858,
        3993
      ],
      [
        2861,
        3979
      ],
      [
        2869,
        3993
      ],
      [
        2878,
        3979
      ]
    ],
    "models": [19895]
  },
  {
    "id": 5817,
    "name": "Iceberg",
    "category": -1,
    "minimapdot": false,
    "level": 0,
    "actions": [
      [
        2824,
        4002
      ],
      [
        2826,
        3978
      ],
      [
        2826,
        4009
      ],
      [
        2829,
        3973
      ],
      [
        2831,
        3990
      ],
      [
        2832,
        3978
      ],
      [
        2836,
        3994
      ],
      [
        2837,
        3970
      ],
      [
        2840,
        3974
      ],
      [
        2842,
        3985
      ],
      [
        2844,
        4005
      ],
      [
        2845,
        3971
      ],
      [
        2848,
        3975
      ],
      [
        2848,
        3982
      ],
      [
        2851,
        3971
      ],
      [
        2852,
        3992
      ],
      [
        2856,
        3973
      ],
      [
        2859,
        3996
      ],
      [
        2860,
        3977
      ],
      [
        2860,
        3983
      ],
      [
        2860,
        4012
      ],
      [
        2863,
        3971
      ],
      [
        2869,
        3968
      ],
      [
        2869,
        3975
      ],
      [
        2869,
        3990
      ],
      [
        2872,
        4005
      ],
      [
        2878,
        3976
      ]
    ],
    "coordinates": [
      [
        2824,
        4002
      ],
      [
        2826,
        3978
      ],
      [
        2826,
        4009
      ],
      [
        2829,
        3973
      ],
      [
        2831,
        3990
      ],
      [
        2832,
        3978
      ],
      [
        2836,
        3994
      ],
      [
        2837,
        3970
      ],
      [
        2840,
        3974
      ],
      [
        2842,
        3985
      ],
      [
        2844,
        4005
      ],
      [
        2845,
        3971
      ],
      [
        2848,
        3975
      ],
      [
        2848,
        3982
      ],
      [
        2851,
        3971
      ],
      [
        2852,
        3992
      ],
      [
        2856,
        3973
      ],
      [
        2859,
        3996
      ],
      [
        2860,
        3977
      ],
      [
        2860,
        3983
      ],
      [
        2860,
        4012
      ],
      [
        2863,
        3971
      ],
      [
        2869,
        3968
      ],
      [
        2869,
        3975
      ],
      [
        2869,
        3990
      ],
      [
        2872,
        4005
      ],
      [
        2878,
        3976
      ]
    ],
    "models": [19892]
  },
  {
    "id": 8414,
    "name": "My\u0020Arm",
    "category": 309,
    "minimapdot": false,
    "level": 0,
    "actions": [[
      2851,
      3968
    ]],
    "coordinates": [[
      2851,
      3968
    ]],
    "models": []
  }
]