[{
  "id": 3483,
  "name": "Will\u0020o'\u0020the\u0020wisp",
  "category": -1,
  "minimapdot": false,
  "level": 0,
  "actions": [
    [
      2852,
      4561
    ],
    [
      2853,
      4566
    ],
    [
      2856,
      4568
    ],
    [
      2864,
      4561
    ],
    [
      2864,
      4563
    ]
  ],
  "coordinates": [
    [
      2852,
      4561
    ],
    [
      2853,
      4566
    ],
    [
      2856,
      4568
    ],
    [
      2864,
      4561
    ],
    [
      2864,
      4563
    ]
  ],
  "models": [3558]
}]