[
  {
    "id": 1002,
    "name": "Guard",
    "category": 334,
    "minimapdot": false,
    "level": 0,
    "actions": [[
      2826,
      5100
    ]],
    "coordinates": [[
      2826,
      5100
    ]],
    "models": [
      233,
      246,
      294,
      151,
      176,
      254,
      185,
      519,
      541
    ]
  },
  {
    "id": 234,
    "name": "Butterfly",
    "category": 248,
    "minimapdot": false,
    "level": 0,
    "actions": [
      [
        2828,
        5091
      ],
      [
        2832,
        5108
      ],
      [
        2835,
        5079
      ],
      [
        2846,
        5067
      ],
      [
        2850,
        5111
      ],
      [
        2853,
        5086
      ],
      [
        2864,
        5071
      ]
    ],
    "coordinates": [
      [
        2828,
        5091
      ],
      [
        2832,
        5108
      ],
      [
        2835,
        5079
      ],
      [
        2846,
        5067
      ],
      [
        2850,
        5111
      ],
      [
        2853,
        5086
      ],
      [
        2864,
        5071
      ]
    ],
    "models": [3022]
  },
  {
    "id": 235,
    "name": "Butterfly",
    "category": 248,
    "minimapdot": false,
    "level": 0,
    "actions": [
      [
        2831,
        5070
      ],
      [
        2843,
        5106
      ],
      [
        2844,
        5080
      ],
      [
        2860,
        5079
      ],
      [
        2866,
        5104
      ],
      [
        2868,
        5096
      ]
    ],
    "coordinates": [
      [
        2831,
        5070
      ],
      [
        2843,
        5106
      ],
      [
        2844,
        5080
      ],
      [
        2860,
        5079
      ],
      [
        2866,
        5104
      ],
      [
        2868,
        5096
      ]
    ],
    "models": [3023]
  },
  {
    "id": 4577,
    "name": "Ceril\u0020Carnillean",
    "category": 622,
    "minimapdot": false,
    "level": 0,
    "actions": [[
      2833,
      5099
    ]],
    "coordinates": [[
      2833,
      5099
    ]],
    "models": [
      217,
      246,
      299,
      159,
      176,
      274,
      185,
      323,
      281,
      201
    ]
  },
  {
    "id": 4579,
    "name": "Spice\u0020seller",
    "category": 622,
    "minimapdot": false,
    "level": 0,
    "actions": [[
      2834,
      5101
    ]],
    "coordinates": [[
      2834,
      5101
    ]],
    "models": [
      217,
      292,
      250,
      162,
      176,
      260,
      185,
      280,
      201
    ]
  },
  {
    "id": 4585,
    "name": "Ali\u0020Morrisane",
    "category": 622,
    "minimapdot": false,
    "level": 0,
    "actions": [[
      2835,
      5089
    ]],
    "coordinates": [[
      2835,
      5089
    ]],
    "models": [
      6086,
      6087,
      6091,
      6084,
      6089,
      185,
      176
    ]
  },
  {
    "id": 4578,
    "name": "Councillor\u0020Halgrive",
    "category": 622,
    "minimapdot": false,
    "level": 0,
    "actions": [[
      2836,
      5087
    ]],
    "coordinates": [[
      2836,
      5087
    ]],
    "models": [
      215,
      238,
      247,
      292,
      170,
      176,
      254,
      181,
      320
    ]
  },
  {
    "id": 1003,
    "name": "Guard",
    "category": 334,
    "minimapdot": false,
    "level": 0,
    "actions": [[
      2836,
      5105
    ]],
    "coordinates": [[
      2836,
      5105
    ]],
    "models": [
      233,
      246,
      294,
      151,
      176,
      254,
      185,
      519,
      541
    ]
  },
  {
    "id": 1000,
    "name": "Guard",
    "category": 334,
    "minimapdot": false,
    "level": 0,
    "actions": [[
      2840,
      5067
    ]],
    "coordinates": [[
      2840,
      5067
    ]],
    "models": [
      233,
      246,
      294,
      151,
      176,
      254,
      185,
      519,
      541
    ]
  },
  {
    "id": 1001,
    "name": "Guard",
    "category": 334,
    "minimapdot": false,
    "level": 0,
    "actions": [[
      2840,
      5076
    ]],
    "coordinates": [[
      2840,
      5076
    ]],
    "models": [
      233,
      246,
      294,
      151,
      176,
      254,
      185,
      519,
      541
    ]
  },
  {
    "id": 4581,
    "name": "Gem\u0020merchant",
    "category": 622,
    "minimapdot": false,
    "level": 0,
    "actions": [[
      2842,
      5091
    ]],
    "coordinates": [[
      2842,
      5091
    ]],
    "models": [
      230,
      292,
      251,
      151,
      179,
      254,
      185,
      283,
      238,
      186,
      320
    ]
  },
  {
    "id": 4584,
    "name": "Zenesha",
    "category": 622,
    "minimapdot": false,
    "level": 0,
    "actions": [[
      2844,
      5092
    ]],
    "coordinates": [[
      2844,
      5092
    ]],
    "models": [
      393,
      468,
      352,
      356,
      432,
      414,
      361
    ]
  },
  {
    "id": 999,
    "name": "Guard",
    "category": 334,
    "minimapdot": false,
    "level": 0,
    "actions": [[
      2846,
      5087
    ]],
    "coordinates": [[
      2846,
      5087
    ]],
    "models": [
      233,
      246,
      294,
      151,
      176,
      254,
      185,
      519,
      541
    ]
  },
  {
    "id": 4582,
    "name": "Silver\u0020merchant",
    "category": 622,
    "minimapdot": false,
    "level": 0,
    "actions": [[
      2846,
      5097
    ]],
    "coordinates": [[
      2846,
      5097
    ]],
    "models": [
      214,
      302,
      252,
      159,
      179,
      274,
      185,
      281,
      238
    ]
  },
  {
    "id": 4583,
    "name": "Silk\u0020merchant",
    "category": 622,
    "minimapdot": false,
    "level": 0,
    "actions": [[
      2847,
      5098
    ]],
    "coordinates": [[
      2847,
      5098
    ]],
    "models": [
      215,
      198,
      254,
      248,
      170,
      176,
      181,
      292,
      181
    ]
  },
  {
    "id": 4580,
    "name": "Fur\u0020trader",
    "category": 622,
    "minimapdot": false,
    "level": 0,
    "actions": [[
      2848,
      5096
    ]],
    "coordinates": [[
      2848,
      5096
    ]],
    "models": [
      230,
      299,
      250,
      159,
      176,
      254,
      185
    ]
  },
  {
    "id": 998,
    "name": "Guard",
    "category": 334,
    "minimapdot": false,
    "level": 0,
    "actions": [[
      2849,
      5087
    ]],
    "coordinates": [[
      2849,
      5087
    ]],
    "models": [
      233,
      246,
      294,
      151,
      176,
      254,
      185,
      519,
      541
    ]
  },
  {
    "id": 1005,
    "name": "Guard",
    "category": 334,
    "minimapdot": false,
    "level": 0,
    "actions": [[
      2855,
      5076
    ]],
    "coordinates": [[
      2855,
      5076
    ]],
    "models": [
      233,
      246,
      294,
      151,
      176,
      254,
      185,
      519,
      541
    ]
  },
  {
    "id": 1004,
    "name": "Guard",
    "category": 334,
    "minimapdot": false,
    "level": 0,
    "actions": [[
      2856,
      5067
    ]],
    "coordinates": [[
      2856,
      5067
    ]],
    "models": [
      233,
      246,
      294,
      151,
      176,
      254,
      185,
      519,
      541
    ]
  },
  {
    "id": 6228,
    "name": "Rat",
    "category": -1,
    "minimapdot": false,
    "level": 1,
    "actions": [[
      2857,
      5091
    ]],
    "coordinates": [[
      2857,
      5091
    ]],
    "models": []
  },
  {
    "id": 1007,
    "name": "Guard",
    "category": 334,
    "minimapdot": false,
    "level": 0,
    "actions": [[
      2859,
      5105
    ]],
    "coordinates": [[
      2859,
      5105
    ]],
    "models": [
      233,
      246,
      294,
      151,
      176,
      254,
      185,
      519,
      541
    ]
  },
  {
    "id": 6229,
    "name": "Rat",
    "category": -1,
    "minimapdot": false,
    "level": 1,
    "actions": [[
      2863,
      5086
    ]],
    "coordinates": [[
      2863,
      5086
    ]],
    "models": []
  },
  {
    "id": 6227,
    "name": "Rat",
    "category": -1,
    "minimapdot": false,
    "level": 1,
    "actions": [[
      2863,
      5101
    ]],
    "coordinates": [[
      2863,
      5101
    ]],
    "models": []
  },
  {
    "id": 1006,
    "name": "Guard",
    "category": 334,
    "minimapdot": false,
    "level": 0,
    "actions": [[
      2869,
      5100
    ]],
    "coordinates": [[
      2869,
      5100
    ]],
    "models": [
      233,
      246,
      294,
      151,
      176,
      254,
      185,
      519,
      541
    ]
  }
]