[
  {
    "id": 4928,
    "name": "Fishing\u0020spot",
    "category": 1313,
    "minimapdot": false,
    "level": 0,
    "actions": ["Bait"],
    "coordinates": [
      [
        2889,
        9766
      ],
      [
        2890,
        9766
      ],
      [
        2891,
        9766
      ]
    ],
    "models": [2331]
  },
  {
    "id": 241,
    "name": "Baby\u0020blue\u0020dragon",
    "category": 361,
    "minimapdot": false,
    "level": 48,
    "actions": ["Attack"],
    "coordinates": [[
      2895,
      9765
    ]],
    "models": [
      17411,
      17427,
      17421,
      17424
    ]
  },
  {
    "id": 242,
    "name": "Baby\u0020blue\u0020dragon",
    "category": 361,
    "minimapdot": false,
    "level": 48,
    "actions": ["Attack"],
    "coordinates": [
      [
        2895,
        9769
      ],
      [
        2925,
        9788
      ]
    ],
    "models": [
      17412,
      17428,
      17421,
      17424
    ]
  },
  {
    "id": 243,
    "name": "Baby\u0020blue\u0020dragon",
    "category": 361,
    "minimapdot": false,
    "level": 48,
    "actions": ["Attack"],
    "coordinates": [[
      2900,
      9763
    ]],
    "models": [
      17413,
      17427,
      17421,
      17424
    ]
  },
  {
    "id": 2101,
    "name": "Hill\u0020Giant",
    "category": 346,
    "minimapdot": false,
    "level": 28,
    "actions": ["Attack"],
    "coordinates": [[
      2902,
      9736
    ]],
    "models": [
      17462,
      17447,
      17440,
      17467,
      17460
    ]
  },
  {
    "id": 268,
    "name": "Blue\u0020dragon",
    "category": 347,
    "minimapdot": false,
    "level": 111,
    "actions": ["Attack"],
    "coordinates": [[
      2903,
      9780
    ]],
    "models": [
      17410,
      17425,
      17420,
      17423
    ]
  },
  {
    "id": 269,
    "name": "Blue\u0020dragon",
    "category": 347,
    "minimapdot": false,
    "level": 111,
    "actions": ["Attack"],
    "coordinates": [[
      2903,
      9786
    ]],
    "models": [
      17407,
      17425,
      17418,
      17423
    ]
  },
  {
    "id": 2099,
    "name": "Hill\u0020Giant",
    "category": 346,
    "minimapdot": false,
    "level": 28,
    "actions": ["Attack"],
    "coordinates": [[
      2905,
      9732
    ]],
    "models": [
      17462,
      17446,
      17441,
      17466,
      17460
    ]
  },
  {
    "id": 267,
    "name": "Blue\u0020dragon",
    "category": 347,
    "minimapdot": false,
    "level": 111,
    "actions": ["Attack"],
    "coordinates": [
      [
        2906,
        9774
      ],
      [
        2911,
        9787
      ]
    ],
    "models": [
      17409,
      17425,
      17419,
      17423
    ]
  },
  {
    "id": 2100,
    "name": "Hill\u0020Giant",
    "category": 346,
    "minimapdot": false,
    "level": 28,
    "actions": ["Attack"],
    "coordinates": [[
      2907,
      9735
    ]],
    "models": [
      17464,
      17446,
      17434,
      17467,
      17460
    ]
  },
  {
    "id": 266,
    "name": "Blue\u0020dragon",
    "category": 347,
    "minimapdot": false,
    "level": 111,
    "actions": ["Attack"],
    "coordinates": [[
      2912,
      9779
    ]],
    "models": [
      17407,
      17426,
      17418,
      17423
    ]
  },
  {
    "id": 2098,
    "name": "Hill\u0020Giant",
    "category": 346,
    "minimapdot": false,
    "level": 28,
    "actions": ["Attack"],
    "coordinates": [[
      2913,
      9732
    ]],
    "models": [
      17463,
      17446,
      17430,
      17466,
      17460
    ]
  },
  {
    "id": 2103,
    "name": "Hill\u0020Giant",
    "category": 346,
    "minimapdot": false,
    "level": 28,
    "actions": ["Attack"],
    "coordinates": [[
      2913,
      9741
    ]],
    "models": [
      17463,
      17447,
      17434,
      17467,
      17460
    ]
  },
  {
    "id": 291,
    "name": "Chaos\u0020dwarf",
    "category": 352,
    "minimapdot": false,
    "level": 48,
    "actions": ["Attack"],
    "coordinates": [
      [
        2915,
        9760
      ],
      [
        2922,
        9757
      ],
      [
        2925,
        9769
      ],
      [
        2928,
        9761
      ],
      [
        2932,
        9784
      ],
      [
        2938,
        9788
      ]
    ],
    "models": [
      2970,
      2982,
      2977,
      2983,
      2985,
      2989,
      2993,
      2991
    ]
  },
  {
    "id": 265,
    "name": "Blue\u0020dragon",
    "category": 347,
    "minimapdot": false,
    "level": 111,
    "actions": ["Attack"],
    "coordinates": [[
      2920,
      9784
    ]],
    "models": [
      17408,
      17425,
      17418,
      17423
    ]
  },
  {
    "id": 3025,
    "name": "Poison\u0020Scorpion",
    "category": 343,
    "minimapdot": false,
    "level": 20,
    "actions": ["Attack"],
    "coordinates": [
      [
        2929,
        9752
      ],
      [
        2934,
        9775
      ],
      [
        2935,
        9758
      ],
      [
        2935,
        9769
      ],
      [
        2941,
        9779
      ]
    ],
    "models": [24609]
  }
]