[
  {
    "id": 7098,
    "name": "Stunted\u0020demonic\u0020gorilla",
    "category": -1,
    "minimapdot": false,
    "level": 142,
    "actions": ["Climb-on"],
    "coordinates": [
      [
        2901,
        9122
      ],
      [
        2901,
        9126
      ],
      [
        2910,
        9143
      ],
      [
        2914,
        9143
      ],
      [
        2916,
        9143
      ],
      [
        2921,
        9123
      ],
      [
        2921,
        9127
      ]
    ],
    "models": [31238]
  },
  {
    "id": 7212,
    "name": "Maniacal\u0020monkey",
    "category": 950,
    "minimapdot": false,
    "level": 0,
    "actions": [
      [
        2902,
        9122
      ],
      [
        2903,
        9127
      ],
      [
        2903,
        9135
      ],
      [
        2904,
        9131
      ],
      [
        2905,
        9117
      ],
      [
        2905,
        9123
      ],
      [
        2905,
        9137
      ],
      [
        2907,
        9120
      ],
      [
        2907,
        9125
      ],
      [
        2907,
        9129
      ],
      [
        2908,
        9114
      ],
      [
        2909,
        9117
      ],
      [
        2909,
        9132
      ],
      [
        2910,
        9124
      ],
      [
        2911,
        9112
      ],
      [
        2912,
        9121
      ],
      [
        2912,
        9127
      ],
      [
        2912,
        9137
      ],
      [
        2913,
        9123
      ],
      [
        2914,
        9112
      ],
      [
        2914,
        9117
      ],
      [
        2914,
        9130
      ],
      [
        2915,
        9133
      ],
      [
        2916,
        9123
      ],
      [
        2916,
        9128
      ],
      [
        2917,
        9115
      ],
      [
        2919,
        9118
      ],
      [
        2919,
        9125
      ],
      [
        2920,
        9134
      ]
    ],
    "coordinates": [
      [
        2902,
        9122
      ],
      [
        2903,
        9127
      ],
      [
        2903,
        9135
      ],
      [
        2904,
        9131
      ],
      [
        2905,
        9117
      ],
      [
        2905,
        9123
      ],
      [
        2905,
        9137
      ],
      [
        2907,
        9120
      ],
      [
        2907,
        9125
      ],
      [
        2907,
        9129
      ],
      [
        2908,
        9114
      ],
      [
        2909,
        9117
      ],
      [
        2909,
        9132
      ],
      [
        2910,
        9124
      ],
      [
        2911,
        9112
      ],
      [
        2912,
        9121
      ],
      [
        2912,
        9127
      ],
      [
        2912,
        9137
      ],
      [
        2913,
        9123
      ],
      [
        2914,
        9112
      ],
      [
        2914,
        9117
      ],
      [
        2914,
        9130
      ],
      [
        2915,
        9133
      ],
      [
        2916,
        9123
      ],
      [
        2916,
        9128
      ],
      [
        2917,
        9115
      ],
      [
        2919,
        9118
      ],
      [
        2919,
        9125
      ],
      [
        2920,
        9134
      ]
    ],
    "models": [31562]
  }
]