[
  {
    "id": 2854,
    "name": "Rat",
    "category": 262,
    "minimapdot": false,
    "level": 1,
    "actions": ["Attack"],
    "coordinates": [
      [
        2921,
        9653
      ],
      [
        2923,
        9639
      ],
      [
        2936,
        9648
      ]
    ],
    "models": [9610]
  },
  {
    "id": 823,
    "name": "Melzar\u0020the\u0020Mad",
    "category": -1,
    "minimapdot": false,
    "level": 43,
    "actions": ["Attack"],
    "coordinates": [[
      2929,
      9649
    ]],
    "models": [
      208,
      181,
      251,
      292,
      170,
      176,
      265
    ]
  },
  {
    "id": 3019,
    "name": "Spider",
    "category": 384,
    "minimapdot": false,
    "level": 1,
    "actions": ["Attack"],
    "coordinates": [
      [
        2929,
        9659
      ],
      [
        2930,
        9648
      ],
      [
        2936,
        9654
      ]
    ],
    "models": [24613]
  },
  {
    "id": 3980,
    "name": "Zombie",
    "category": 274,
    "minimapdot": false,
    "level": 24,
    "actions": ["Attack"],
    "coordinates": [[
      2932,
      9642
    ]],
    "models": [
      21106,
      21060,
      21042,
      21089,
      21118,
      21076,
      21139
    ]
  },
  {
    "id": 3981,
    "name": "Zombie",
    "category": 274,
    "minimapdot": false,
    "level": 24,
    "actions": ["Attack"],
    "coordinates": [[
      2933,
      9640
    ]],
    "models": [
      21106,
      21060,
      21042,
      21089,
      21118,
      21076,
      21139
    ]
  },
  {
    "id": 3982,
    "name": "Lesser\u0020demon",
    "category": 275,
    "minimapdot": false,
    "level": 82,
    "actions": ["Attack"],
    "coordinates": [[
      2936,
      9650
    ]],
    "models": [
      17378,
      26454,
      17386,
      17388
    ]
  }
]