[
  {
    "id": 4143,
    "name": "Mountain\u0020troll",
    "category": 309,
    "minimapdot": false,
    "level": 71,
    "actions": ["Attack"],
    "coordinates": [[
      2921,
      10027
    ]],
    "models": [
      3753,
      3759,
      3755,
      3769
    ]
  },
  {
    "id": 939,
    "name": "Mountain\u0020troll",
    "category": 309,
    "minimapdot": false,
    "level": 69,
    "actions": ["Attack"],
    "coordinates": [[
      2921,
      10032
    ]],
    "models": [
      3753,
      3758,
      3755,
      3763
    ]
  },
  {
    "id": 942,
    "name": "Mountain\u0020troll",
    "category": 309,
    "minimapdot": false,
    "level": 69,
    "actions": ["Attack"],
    "coordinates": [[
      2924,
      10031
    ]],
    "models": [
      3753,
      3759,
      3755,
      3762
    ]
  },
  {
    "id": 941,
    "name": "Mountain\u0020troll",
    "category": 309,
    "minimapdot": false,
    "level": 69,
    "actions": ["Attack"],
    "coordinates": [[
      2925,
      10034
    ]],
    "models": [
      3754,
      3758,
      3755,
      3763
    ]
  }
]