[
  {
    "id": 2848,
    "name": "Monkey",
    "category": 299,
    "minimapdot": false,
    "level": 3,
    "actions": ["Attack"],
    "coordinates": [
      [
        2909,
        3023
      ],
      [
        2912,
        3019
      ],
      [
        2920,
        3027
      ],
      [
        2921,
        3024
      ],
      [
        2922,
        3018
      ],
      [
        2923,
        3027
      ],
      [
        2924,
        3018
      ],
      [
        2924,
        3022
      ],
      [
        2928,
        3018
      ],
      [
        2928,
        3022
      ]
    ],
    "models": [3004]
  },
  {
    "id": 3020,
    "name": "Jungle\u0020spider",
    "category": 384,
    "minimapdot": false,
    "level": 44,
    "actions": ["Attack"],
    "coordinates": [
      [
        2914,
        3046
      ],
      [
        2915,
        3048
      ],
      [
        2916,
        3043
      ],
      [
        2920,
        3046
      ],
      [
        2921,
        3040
      ],
      [
        2923,
        3046
      ],
      [
        2927,
        3043
      ],
      [
        2929,
        3047
      ],
      [
        2930,
        3044
      ],
      [
        2931,
        3032
      ],
      [
        2932,
        3032
      ],
      [
        2932,
        3054
      ],
      [
        2932,
        3057
      ],
      [
        2933,
        3048
      ]
    ],
    "models": [
      20315,
      20313
    ]
  },
  {
    "id": 2094,
    "name": "Jogre",
    "category": 271,
    "minimapdot": false,
    "level": 53,
    "actions": ["Attack"],
    "coordinates": [
      [
        2916,
        3055
      ],
      [
        2916,
        3062
      ],
      [
        2919,
        3052
      ],
      [
        2924,
        3060
      ],
      [
        2927,
        3056
      ],
      [
        2928,
        3058
      ],
      [
        2932,
        3043
      ],
      [
        2935,
        3046
      ]
    ],
    "models": [
      2870,
      2866
    ]
  },
  {
    "id": 6091,
    "name": "Captain\u0020Errdo",
    "category": -1,
    "minimapdot": false,
    "level": 0,
    "actions": [[
      2918,
      3057
    ]],
    "coordinates": [[
      2918,
      3057
    ]],
    "models": []
  }
]