[
  {
    "id": 5241,
    "name": "Bird",
    "category": 255,
    "minimapdot": false,
    "level": 5,
    "actions": ["Attack"],
    "coordinates": [
      [
        2891,
        2723
      ],
      [
        2900,
        2739
      ],
      [
        2902,
        2701
      ],
      [
        2906,
        2709
      ],
      [
        2939,
        2718
      ]
    ],
    "models": [
      26849,
      26844
    ]
  },
  {
    "id": 2022,
    "name": "Lumdo",
    "category": -1,
    "minimapdot": false,
    "level": 0,
    "actions": [[
      2891,
      2724
    ]],
    "coordinates": [[
      2891,
      2724
    ]],
    "models": []
  },
  {
    "id": 5242,
    "name": "Scorpion",
    "category": 343,
    "minimapdot": false,
    "level": 38,
    "actions": ["Attack"],
    "coordinates": [
      [
        2894,
        2715
      ],
      [
        2899,
        2734
      ],
      [
        2901,
        2721
      ],
      [
        2902,
        2727
      ]
    ],
    "models": [24609]
  },
  {
    "id": 2021,
    "name": "Waydar",
    "category": -1,
    "minimapdot": false,
    "level": 0,
    "actions": [[
      2897,
      2727
    ]],
    "coordinates": [[
      2897,
      2727
    ]],
    "models": []
  },
  {
    "id": 5244,
    "name": "Snake",
    "category": 383,
    "minimapdot": false,
    "level": 24,
    "actions": ["Attack"],
    "coordinates": [
      [
        2911,
        2718
      ],
      [
        2913,
        2726
      ],
      [
        2921,
        2713
      ],
      [
        2921,
        2727
      ],
      [
        2927,
        2719
      ]
    ],
    "models": [3002]
  }
]