[
  {
    "id": 8695,
    "name": "Mosol\u0020Rei",
    "category": -1,
    "minimapdot": false,
    "level": 1,
    "actions": [[
      2883,
      2951
    ]],
    "coordinates": [[
      2883,
      2951
    ]],
    "models": []
  },
  {
    "id": 3020,
    "name": "Jungle\u0020spider",
    "category": 384,
    "minimapdot": false,
    "level": 44,
    "actions": ["Attack"],
    "coordinates": [
      [
        2883,
        2996
      ],
      [
        2884,
        3005
      ],
      [
        2887,
        3006
      ],
      [
        2888,
        2946
      ],
      [
        2888,
        2998
      ],
      [
        2890,
        3007
      ],
      [
        2891,
        2994
      ],
      [
        2892,
        2946
      ],
      [
        2892,
        2997
      ],
      [
        2892,
        3000
      ],
      [
        2893,
        2948
      ],
      [
        2894,
        3006
      ],
      [
        2896,
        3000
      ]
    ],
    "models": [
      20315,
      20313
    ]
  },
  {
    "id": 2094,
    "name": "Jogre",
    "category": 271,
    "minimapdot": false,
    "level": 53,
    "actions": ["Attack"],
    "coordinates": [
      [
        2896,
        2945
      ],
      [
        2903,
        2945
      ],
      [
        2918,
        2963
      ],
      [
        2921,
        2959
      ],
      [
        2923,
        2985
      ],
      [
        2925,
        2956
      ],
      [
        2931,
        2987
      ]
    ],
    "models": [
      2870,
      2866
    ]
  },
  {
    "id": 530,
    "name": "Tribesman",
    "category": -1,
    "minimapdot": false,
    "level": 32,
    "actions": ["Attack"],
    "coordinates": [
      [
        2918,
        2987
      ],
      [
        2937,
        2993
      ],
      [
        2938,
        2995
      ],
      [
        2940,
        2991
      ],
      [
        2942,
        2995
      ]
    ],
    "models": [
      231,
      181,
      246,
      315,
      173,
      176,
      279,
      540,
      201
    ]
  },
  {
    "id": 2845,
    "name": "Snake",
    "category": 383,
    "minimapdot": false,
    "level": 5,
    "actions": ["Attack"],
    "coordinates": [
      [
        2924,
        2979
      ],
      [
        2927,
        2977
      ],
      [
        2928,
        2973
      ],
      [
        2933,
        2981
      ],
      [
        2935,
        2973
      ],
      [
        2936,
        2986
      ],
      [
        2937,
        2978
      ],
      [
        2939,
        2985
      ]
    ],
    "models": [3002]
  },
  {
    "id": 2553,
    "name": "Penwie",
    "category": -1,
    "minimapdot": false,
    "level": 0,
    "actions": ["Talk-to"],
    "coordinates": [[
      2932,
      2972
    ]],
    "models": [
      17013,
      14824,
      2917,
      14177
    ]
  },
  {
    "id": 3955,
    "name": "Jungle\u0020forester",
    "category": -1,
    "minimapdot": false,
    "level": 0,
    "actions": ["Talk-to"],
    "coordinates": [[
      2935,
      2945
    ]],
    "models": [
      383,
      456,
      346,
      356,
      419,
      361,
      481,
      482,
      566
    ]
  }
]