[
  {"id":10652,"name":"Spider","level":"0","category":0,"minimapdot":false,"actions":[],"size":[1,1,96],"coordinates":[[2909,5812],[2913,5808],[2918,5815],[2920,5809],[2934,5797],[2937,5811],[2938,5794],[2940,5795]],"colors":[7243142,5139565,5988962,6782076,6712428,5732472,2772560]},
  {"id":10700,"name":"Frog","level":"0","category":0,"minimapdot":true,"actions":[],"size":[1,1,72],"coordinates":[[2914,5772],[2926,5770],[2927,5785]],"colors":[16500569,4991488,6390171,5863311,6720164,12286544,14784327,6720903,65536]},
  {"id":10653,"name":"Fishing spot","level":"0","category":360,"minimapdot":false,"actions":["Small Net","Bait"],"size":[1,1,12],"coordinates":[[2921,5807]],"colors":[12433763,12367239]},
  {"id":10686,"name":"Fishing spot","level":"0","category":1533,"minimapdot":false,"actions":["Small Net","Big Net"],"size":[1,1,16],"coordinates":[[2922,5788],[2926,5784],[2928,5777]],"colors":[16119283,9146517]}
]