[
  {"id":10652,"name":"Spider","level":"0","category":0,"minimapdot":false,"actions":[],"size":[1,1,96],"coordinates":[[7540,27180],[7556,27196],[7576,27168],[7584,27192],[7640,27240],[7652,27184],[7656,27252],[7664,27248]],"colors":[7243142,5139565,5988962,6782076,6712428,5732472,2772560]},
  {"id":10700,"name":"Frog","level":"0","category":0,"minimapdot":true,"actions":[],"size":[1,1,72],"coordinates":[[7560,27340],[7608,27348],[7612,27288]],"colors":[16500569,4991488,6390171,5863311,6720164,12286544,14784327,6720903,65536]},
  {"id":10653,"name":"Fishing spot","level":"0","category":360,"minimapdot":false,"actions":["Small Net","Bait"],"size":[1,1,12],"coordinates":[[7588,27200]],"colors":[12433763,12367239]},
  {"id":10686,"name":"Fishing spot","level":"0","category":1533,"minimapdot":false,"actions":["Small Net","Big Net"],"size":[1,1,16],"coordinates":[[7592,27276],[7608,27292],[7616,27320]],"colors":[16119283,9146517]}
]